filename,V0_LAT,V0_LON,V1_LAT,V1_LON,V2_LAT,V2_LON,V3_LAT,V3_LON,Al_Si_ratio
01_ch2_cla_l1_20240701T132005195_20240701T132013195.fits,18.5049,-128.731,17.1458,-128.745,17.1347,-127.74,18.4937,-127.718,1.01
01_ch2_cla_l1_20240701T132637195_20240701T132645195.fits,-1.0528,-128.982,-2.3978,-128.999,-2.4084,-128.053,-1.0634,-128.036,0.05
01_ch2_cla_l1_20240701T145121767_20240701T145129767.fits,86.2364,34.8411,85.09,38.6255,85.1922,47.6623,86.371,46.6706,0.71
01_ch2_cla_l1_20240701T171917826_20240701T171925826.fits,0.4847,-131.137,-0.8603,-131.154,-0.8713,-130.208,0.4737,-130.191,1.0
01_ch2_cla_l1_20240701T125029196_20240701T125037195.fits,73.1861,48.4938,72.057,48.7136,72.0827,51.0468,73.2135,50.9842,0.14
01_ch2_cla_l1_20240701T133101196_20240701T133109196.fits,-14.2694,-129.176,-15.5902,-129.195,-15.6008,-128.241,-14.28,-128.226,0.88
01_ch2_cla_l1_20240701T193658911_20240701T193706911.fits,-63.4566,-134.161,-64.6184,-134.27,-64.6392,-132.516,-63.4768,-132.476,0.95
01_ch2_cla_l1_20240701T184026911_20240701T184034911.fits,73.6261,45.01,72.5002,45.2497,72.5281,47.6289,73.6559,47.5541,0.61
01_ch2_cla_l1_20240701T134533195_20240701T134541195.fits,-58.423,-130.446,-59.5995,-130.52,-59.6163,-129.004,-58.4392,-128.977,0.76
01_ch2_cla_l1_20240701T172341826_20240701T172349826.fits,-12.7281,-131.334,-14.0513,-131.354,-14.0624,-130.403,-12.7392,-130.388,0.73
01_ch2_cla_l1_20240701T113032112_20240701T113040112.fits,-2.5786,-127.914,-3.9223,-127.93,-3.9327,-126.984,-2.589,-126.968,1.11
01_ch2_cla_l1_20240701T190322911_20240701T190330911.fits,37.9443,-131.711,36.6045,-131.727,36.5909,-130.556,37.9304,-130.52,0.18
01_ch2_cla_l1_20240701T191530911_20240701T191538911.fits,1.6187,-132.207,0.2736,-132.224,0.2623,-131.279,1.6074,-131.261,1.1
01_ch2_cla_l1_20240701T093547848_20240701T093555848.fits,-8.1438,-126.901,-9.4787,-126.919,-9.489,-125.971,-8.154,-125.956,0.84
01_ch2_cla_l1_20240701T151009767_20240701T151017767.fits,38.0093,-129.561,36.6654,-129.575,36.6522,-128.398,37.9959,-128.362,0.31
01_ch2_cla_l1_20240701T115336112_20240701T115344112.fits,-72.7378,-130.832,-73.8549,-131.057,-73.8825,-128.519,-72.7637,-128.447,0.8
01_ch2_cla_l1_20240701T115504112_20240701T115512112.fits,-77.278,-131.972,-78.3755,-132.383,-78.4125,-128.974,-77.3119,-128.844,0.69
01_ch2_cla_l1_20240701T100755848_20240701T100803848.fits,-72.0818,54.3069,-73.0731,54.3709,-73.0521,56.3343,-72.0621,56.1601,0.42
01_ch2_cla_l1_20240701T095643848_20240701T095651848.fits,-71.8818,-129.555,-73.0006,-129.758,-73.0265,-127.338,-71.9062,-127.274,0.33
01_ch2_cla_l1_20240701T165157826_20240701T165205826.fits,82.6063,-128.541,81.3827,-128.824,81.3204,-123.392,82.5341,-122.241,0.5
01_ch2_cla_l1_20240701T094051848_20240701T094059848.fits,-23.401,-127.144,-24.6988,-127.166,-24.7095,-126.18,-23.4115,-126.167,0.08
01_ch2_cla_l1_20240701T154513767_20240701T154521767.fits,-67.9041,-132.364,-69.0445,-132.509,-69.0676,-130.468,-67.926,-130.419,0.07
01_ch2_cla_l1_20240701T171133826_20240701T171141826.fits,23.6351,-130.831,22.2806,-130.846,22.2688,-129.813,23.6232,-129.788,0.81
01_ch2_cla_l1_20240701T095827848_20240701T095835848.fits,-77.2486,-130.822,-78.3442,-131.225,-78.3805,-127.836,-77.2819,-127.711,0.05
01_ch2_cla_l1_20240701T152617767_20240701T152625767.fits,-10.3051,-130.205,-11.6335,-130.224,-11.6443,-129.277,-10.3158,-129.261,0.93
01_ch2_cla_l1_20240701T185850911_20240701T185858911.fits,51.5448,-131.486,50.2299,-131.506,50.2133,-130.077,51.5277,-130.018,0.34
01_ch2_cla_l1_20240701T175357826_20240701T175405826.fits,-73.221,50.1734,-74.2261,50.2569,-74.2012,52.4132,-73.1976,52.1992,0.74
01_ch2_cla_l1_20240701T125741195_20240701T125749195.fits,85.8646,-125.094,84.649,-125.835,84.5536,-117.268,85.7415,-114.145,0.91
01_ch2_cla_l1_20240701T113816112_20240701T113824112.fits,-25.8564,-128.283,-27.147,-128.307,-27.1579,-127.309,-25.8672,-127.295,0.78
01_ch2_cla_l1_20240701T110240112_20240701T110248112.fits,81.0551,-125.875,79.8187,-126.047,79.7678,-121.361,80.9973,-120.562,0.72
01_ch2_cla_l1_20240701T165237826_20240701T165245826.fits,80.581,-128.992,79.35,-129.173,79.299,-124.719,80.5236,-123.976,1.15
01_ch2_cla_l1_20240701T165405826_20240701T165413826.fits,76.1312,-129.536,74.8846,-129.626,74.8477,-126.4,76.0912,-126.034,0.79
01_ch2_cla_l1_20240701T100427848_20240701T100435848.fits,-82.9466,55.8355,-83.9735,56.2578,-83.9117,62.0237,-82.8938,60.764,0.18
01_ch2_cla_l1_20240701T173605826_20240701T173613826.fits,-50.3087,-132.258,-51.5188,-132.309,-51.5338,-131.019,-50.3233,-130.998,0.92
01_ch2_cla_l1_20240701T173037826_20240701T173045826.fits,-33.6653,-131.738,-34.933,-131.768,-34.9452,-130.715,-33.6774,-130.699,0.17
01_ch2_cla_l1_20240701T105152112_20240701T105200112.fits,66.9572,50.5877,65.8504,50.7043,65.8688,52.401,66.9764,52.3651,0.29
01_ch2_cla_l1_20240701T133541195_20240701T133549195.fits,-28.3512,-129.427,-29.6348,-129.453,-29.6461,-128.44,-28.3624,-128.426,0.6
01_ch2_cla_l1_20240701T175333826_20240701T175341826.fits,-74.4753,50.2771,-75.4843,50.374,-75.4571,52.729,-74.4499,52.4772,0.59
01_ch2_cla_l1_20240701T150713767_20240701T150721767.fits,46.7994,-129.43,45.47,-129.447,45.4552,-128.122,46.7842,-128.074,0.2
01_ch2_cla_l1_20240701T114040112_20240701T114048112.fits,-33.1228,-128.434,-34.3912,-128.462,-34.4027,-127.415,-33.1342,-127.4,0.94
01_ch2_cla_l1_20240701T085923848_20240701T085931848.fits,79.7042,48.5087,78.5486,49.0736,78.589,52.8527,79.7492,52.7154,0.41
01_ch2_cla_l1_20240701T111912112_20240701T111920112.fits,31.3302,-127.488,29.9745,-127.501,29.9625,-126.396,31.318,-126.368,0.42
01_ch2_cla_l1_20240701T131229196_20240701T131237196.fits,41.2398,-128.437,39.8985,-128.452,39.885,-127.224,41.2261,-127.185,0.21
01_ch2_cla_l1_20240701T115352112_20240701T115400112.fits,-73.5627,-130.993,-74.6764,-131.241,-74.7053,-128.583,-73.5898,-128.504,1.18
01_ch2_cla_l1_20240701T150905767_20240701T150913767.fits,41.2041,-129.515,39.8649,-129.53,39.8512,-128.306,41.1901,-128.267,0.21
01_ch2_cla_l1_20240701T105232112_20240701T105240112.fits,69.0224,50.3266,67.9074,50.467,67.9276,52.3359,69.0437,52.2943,0.24
01_ch2_cla_l1_20240701T085747848_20240701T085755848.fits,74.7854,50.3589,73.6469,50.6224,73.6746,53.212,74.8152,53.1431,1.05
01_ch2_cla_l1_20240701T173813826_20240701T173821826.fits,-56.841,-132.576,-58.0265,-132.646,-58.0436,-131.179,-56.8576,-131.152,0.08
01_ch2_cla_l1_20240701T192226911_20240701T192234911.fits,-19.2198,-132.536,-20.5278,-132.558,-20.5394,-131.59,-19.2313,-131.575,0.22
01_ch2_cla_l1_20240701T090251848_20240701T090259848.fits,89.7841,-33.0482,88.9143,-57.4919,88.9136,-14.5078,89.1663,38.9823,1.19
01_ch2_cla_l1_20240701T185458911_20240701T185506911.fits,63.1847,-131.212,61.8995,-131.243,61.8778,-129.37,63.162,-129.258,0.38
01_ch2_cla_l1_20240701T153321767_20240701T153329767.fits,-31.6275,-130.593,-32.9012,-130.621,-32.913,-129.585,-31.6392,-129.57,0.31
01_ch2_cla_l1_20240701T091443848_20240701T091451848.fits,54.9191,-126.069,53.6002,-126.087,53.5837,-124.54,54.902,-124.473,0.41
01_ch2_cla_l1_20240701T111704112_20240701T111712112.fits,37.7117,-127.405,36.363,-127.419,36.3502,-126.24,37.6986,-126.205,1.04
01_ch2_cla_l1_20240701T111136112_20240701T111144112.fits,54.0961,-127.159,52.7776,-127.177,52.7612,-125.66,54.0791,-125.595,0.2
01_ch2_cla_l1_20240701T155209767_20240701T155217767.fits,-88.8931,169.181,-89.3857,82.0175,-89.6538,160.561,-89.3727,-160.918,0.73
01_ch2_cla_l1_20240701T164141826_20240701T164149826.fits,66.992,47.2433,65.8893,47.364,65.9086,49.0525,67.0122,49.0123,0.73
01_ch2_cla_l1_20240701T133909195_20240701T133917195.fits,-38.8664,-129.672,-40.1159,-129.706,-40.1282,-128.602,-38.8785,-128.586,0.29
01_ch2_cla_l1_20240701T194122911_20240701T194130911.fits,-77.0338,-136.511,-78.1398,-136.937,-78.1801,-133.549,-77.0708,-133.4,1.01
01_ch2_cla_l1_20240701T124957195_20240701T125005195.fits,71.5386,48.8159,70.4157,48.9985,70.4391,51.1222,71.5634,51.0689,0.74
01_ch2_cla_l1_20240701T144601767_20240701T144609767.fits,69.9018,47.9681,68.7866,48.124,68.8084,50.0679,69.9248,50.0197,0.24
01_ch2_cla_l1_20240701T185706911_20240701T185714911.fits,56.7573,-131.378,55.4548,-131.402,55.4364,-129.813,56.7382,-129.737,0.68
01_ch2_cla_l1_20240701T111928112_20240701T111936112.fits,30.5328,-127.497,29.1765,-127.511,29.1645,-126.414,30.5207,-126.386,0.8
01_ch2_cla_l1_20240701T133725195_20240701T133733195.fits,-33.6025,-129.541,-34.8696,-129.57,-34.8813,-128.519,-33.6141,-128.504,0.07
01_ch2_cla_l1_20240701T150057767_20240701T150105767.fits,65.6459,-129.025,64.3632,-129.058,64.3404,-127.025,65.622,-126.894,1.02
01_ch2_cla_l1_20240701T150729767_20240701T150737767.fits,45.9996,-129.443,44.6688,-129.459,44.6541,-128.15,45.9847,-128.104,1.05
01_ch2_cla_l1_20240701T114224112_20240701T114232112.fits,-38.3859,-128.561,-39.6366,-128.593,-39.6486,-127.496,-38.3977,-127.48,0.56
01_ch2_cla_l1_20240701T092819848_20240701T092827848.fits,14.2228,-126.612,12.8612,-126.626,12.8506,-125.638,14.2121,-125.618,0.13
01_ch2_cla_l1_20240701T105800112_20240701T105808112.fits,85.7855,39.0384,84.6296,42.0739,84.7201,50.3603,85.9015,49.628,0.03
01_ch2_cla_l1_20240701T191402911_20240701T191410911.fits,6.0137,-132.146,4.6647,-132.162,4.6534,-131.209,6.0024,-131.191,0.06
01_ch2_cla_l1_20240701T190210911_20240701T190218911.fits,41.5406,-131.657,40.2063,-131.673,40.1921,-130.45,41.5262,-130.41,0.93
01_ch2_cla_l1_20240701T192034911_20240701T192042911.fits,-13.5971,-132.439,-14.9178,-132.459,-14.9292,-131.507,-13.6084,-131.492,0.45
01_ch2_cla_l1_20240701T105448112_20240701T105456112.fits,76.0216,48.8926,74.8802,49.206,74.9107,52.0146,76.0546,51.9319,0.02
01_ch2_cla_l1_20240701T091835848_20240701T091843848.fits,43.3257,-126.249,41.9831,-126.263,41.9695,-124.995,43.3119,-124.953,0.28
01_ch2_cla_l1_20240701T130149195_20240701T130157195.fits,73.3263,-127.65,72.0656,-127.709,72.0349,-124.928,73.2934,-124.671,0.85
01_ch2_cla_l1_20240701T191018911_20240701T191026911.fits,17.1906,-131.996,15.8366,-132.011,15.8251,-131.018,17.1789,-130.996,0.55
01_ch2_cla_l1_20240701T164325826_20240701T164333826.fits,72.3584,46.4167,71.2354,46.6206,71.2607,48.8337,72.3854,48.7713,0.47
01_ch2_cla_l1_20240701T153145767_20240701T153153767.fits,-26.7843,-130.491,-28.0726,-130.516,-28.084,-129.513,-26.7956,-129.498,1.19
01_ch2_cla_l1_20240701T173829826_20240701T173837826.fits,-57.6591,-132.624,-58.8415,-132.697,-58.8588,-131.202,-57.676,-131.174,0.83
01_ch2_cla_l1_20240701T094339848_20240701T094347848.fits,-31.8721,-127.31,-33.1443,-127.337,-33.1555,-126.3,-31.8831,-126.286,0.35
01_ch2_cla_l1_20240701T131213196_20240701T131221196.fits,42.0385,-128.426,40.6985,-128.44,40.6848,-127.2,42.0246,-127.16,0.77
01_ch2_cla_l1_20240701T085955848_20240701T090003848.fits,81.3368,47.4345,80.1765,48.222,80.224,52.6611,81.3907,52.4736,0.55
01_ch2_cla_l1_20240701T134349195_20240701T134357195.fits,-53.1067,-130.167,-54.304,-130.223,-54.3191,-128.871,-53.1214,-128.849,0.61
01_ch2_cla_l1_20240701T184154911_20240701T184202911.fits,78.1455,43.5613,77.004,44.0122,77.0423,47.2765,78.1876,47.1435,0.26
01_ch2_cla_l1_20240701T152849767_20240701T152857767.fits,-17.9298,-130.328,-19.2416,-130.349,-19.2526,-129.385,-17.9407,-129.37,0.35
01_ch2_cla_l1_20240701T172125826_20240701T172133826.fits,-5.9159,-131.229,-7.2516,-131.247,-7.2625,-130.304,-5.9268,-130.288,0.81
01_ch2_cla_l1_20240701T132757195_20240701T132805195.fits,-5.0527,-129.038,-6.3915,-129.055,-6.402,-128.111,-5.0632,-128.095,0.07
01_ch2_cla_l1_20240701T145345767_20240701T145353767.fits,87.4618,-123.846,86.2569,-125.631,86.1214,-113.709,87.2664,-106.884,1.2
01_ch2_cla_l1_20240701T190914911_20240701T190922911.fits,20.3824,-131.953,19.0287,-131.968,19.0169,-130.958,20.3705,-130.935,0.65
01_ch2_cla_l1_20240701T100635848_20240701T100643848.fits,-76.2683,54.6257,-77.273,54.7326,-77.2446,57.3903,-76.242,57.0861,0.87
01_ch2_cla_l1_20240701T131845195_20240701T131853195.fits,22.4919,-128.681,21.1331,-128.695,21.1217,-127.666,22.4803,-127.642,1.01
01_ch2_cla_l1_20240701T090139848_20240701T090147848.fits,86.5694,36.9823,85.4203,41.343,85.5258,51.1359,86.7117,50.1108,0.05
01_ch2_cla_l1_20240701T113648112_20240701T113656112.fits,-21.4266,-128.202,-22.7301,-128.224,-22.7408,-127.247,-21.4373,-127.233,1.06
01_ch2_cla_l1_20240701T085811848_20240701T085819848.fits,76.0175,50.0164,74.8745,50.3275,74.9046,53.142,76.05,53.0622,0.09
01_ch2_cla_l1_20240701T140037195_20240701T140045195.fits,-73.6711,52.2979,-74.6725,52.3792,-74.6482,54.582,-73.6483,54.3638,1.15
01_ch2_cla_l1_20240701T193938911_20240701T193946911.fits,-71.677,-135.182,-72.8055,-135.398,-72.8344,-132.969,-71.7042,-132.893,1.15
01_ch2_cla_l1_20240701T154257767_20240701T154305767.fits,-60.9233,-131.722,-62.0919,-131.81,-62.1101,-130.189,-60.941,-130.157,0.65
01_ch2_cla_l1_20240701T184234911_20240701T184242911.fits,80.192,42.4725,79.0443,43.123,79.0902,47.0304,80.2433,46.8426,0.8
01_ch2_cla_l1_20240701T171749826_20240701T171757826.fits,4.8799,-131.077,3.5303,-131.093,3.5194,-130.141,4.8689,-130.123,0.92
01_ch2_cla_l1_20240701T093115848_20240701T093123848.fits,5.4475,-126.72,4.0921,-126.735,4.0817,-125.776,5.4371,-125.759,1.02
01_ch2_cla_l1_20240701T194354911_20240701T194402911.fits,-84.848,-143.344,-85.9017,-146.306,-86.0135,-137.0,-84.9368,-135.92,0.2
01_ch2_cla_l1_20240701T100555848_20240701T100603848.fits,-78.3581,54.8614,-79.3697,55.01,-79.3354,58.2215,-78.3269,57.7904,0.59
01_ch2_cla_l1_20240701T194010911_20240701T194018911.fits,-73.3244,-135.502,-74.4462,-135.761,-74.4777,-133.108,-73.354,-133.017,0.25
01_ch2_cla_l1_20240701T110024112_20240701T110032112.fits,87.938,-121.02,86.7313,-123.304,86.5815,-109.71,87.7084,-100.611,0.19
01_ch2_cla_l1_20240701T154529767_20240701T154537767.fits,-68.7268,-132.465,-69.864,-132.621,-69.8878,-130.511,-68.7495,-130.458,0.01
01_ch2_cla_l1_20240701T193506911_20240701T193514911.fits,-57.7222,-133.743,-58.9054,-133.819,-58.9233,-132.319,-57.7396,-132.29,0.54
01_ch2_cla_l1_20240701T152401767_20240701T152409767.fits,-3.4978,-130.105,-4.8383,-130.122,-4.849,-129.179,-3.5085,-129.163,0.06
01_ch2_cla_l1_20240701T171341826_20240701T171349826.fits,17.253,-130.914,15.8973,-130.928,15.8859,-129.934,17.2415,-129.912,0.24
01_ch2_cla_l1_20240701T174157826_20240701T174205826.fits,-68.3248,-133.543,-69.4653,-133.696,-69.4894,-131.615,-68.3478,-131.561,0.14
01_ch2_cla_l1_20240701T172917826_20240701T172925826.fits,-29.6252,-131.646,-30.9055,-131.673,-30.9174,-130.652,-29.637,-130.636,0.32
01_ch2_cla_l1_20240701T190658911_20240701T190706911.fits,27.1653,-131.862,25.8144,-131.877,25.802,-130.82,27.1528,-130.793,0.64
01_ch2_cla_l1_20240701T131005195_20240701T131013195.fits,48.4332,-128.329,47.1048,-128.346,47.0898,-126.982,48.4178,-126.931,0.51
01_ch2_cla_l1_20240701T131637195_20240701T131645195.fits,28.8713,-128.601,27.5156,-128.615,27.5037,-127.536,28.8592,-127.509,0.11
01_ch2_cla_l1_20240701T154121767_20240701T154129767.fits,-56.0104,-131.418,-57.1978,-131.485,-57.2141,-130.047,-56.0263,-130.022,0.87
01_ch2_cla_l1_20240701T195026911_20240701T195034911.fits,-73.5859,49.1749,-74.5945,49.2662,-74.5682,51.4862,-73.5613,51.2573,1.03
01_ch2_cla_l1_20240701T152009767_20240701T152017767.fits,8.0899,-129.949,6.7364,-129.964,6.7255,-129.003,8.079,-128.984,0.07
01_ch2_cla_l1_20240701T132101196_20240701T132109195.fits,15.7138,-128.765,14.3548,-128.779,14.3438,-127.789,15.7027,-127.768,0.13
01_ch2_cla_l1_20240701T193322911_20240701T193330911.fits,-52.4119,-133.46,-53.615,-133.518,-53.631,-132.177,-52.4276,-132.153,0.44
01_ch2_cla_l1_20240701T192530911_20240701T192538911.fits,-28.4815,-132.718,-29.7651,-132.745,-29.7772,-131.731,-28.4935,-131.715,0.7
01_ch2_cla_l1_20240701T090547848_20240701T090555848.fits,81.8777,-124.706,80.6422,-124.901,80.5877,-119.815,81.8151,-118.87,0.39
01_ch2_cla_l1_20240701T110032112_20240701T110040112.fits,87.5339,-122.048,86.3245,-123.746,86.1904,-111.537,87.3386,-104.506,0.12
01_ch2_cla_l1_20240701T174237826_20240701T174245826.fits,-70.3822,-133.827,-71.5144,-134.012,-71.5407,-131.737,-70.4071,-131.673,0.52
01_ch2_cla_l1_20240701T174405826_20240701T174413826.fits,-74.9142,-134.717,-76.0277,-135.025,-76.0614,-132.114,-74.9455,-132.009,0.74
01_ch2_cla_l1_20240701T151617767_20240701T151625767.fits,19.6594,-129.8,18.3021,-129.814,18.2907,-128.805,19.6479,-128.782,0.33
01_ch2_cla_l1_20240701T194850911_20240701T194858911.fits,-78.5952,49.7609,-79.6197,49.9497,-79.5797,53.3121,-78.5589,52.8191,0.8
01_ch2_cla_l1_20240701T120336112_20240701T120344112.fits,-74.9891,53.4563,-75.9923,53.5487,-75.9661,55.9613,-74.9647,55.7054,1.0
01_ch2_cla_l1_20240701T120504112_20240701T120512112.fits,-70.3823,53.1486,-71.3709,53.2044,-71.3516,54.9854,-70.364,54.8387,0.31
01_ch2_cla_l1_20240701T164357826_20240701T164405826.fits,74.0055,46.0557,72.8766,46.3033,72.9046,48.7445,74.0354,48.6703,0.24
01_ch2_cla_l1_20240701T134741195_20240701T134749195.fits,-64.9857,-130.937,-66.1363,-131.05,-66.1566,-129.22,-65.0052,-129.182,0.41
01_ch2_cla_l1_20240701T172133826_20240701T172141826.fits,-6.3162,-131.235,-7.6512,-131.253,-7.6622,-130.31,-6.3271,-130.294,0.98
01_ch2_cla_l1_20240701T113240112_20240701T113248112.fits,-8.9824,-128.004,-10.3149,-128.022,-10.3253,-127.075,-8.9928,-127.06,0.04
01_ch2_cla_l1_20240701T110816112_20240701T110824112.fits,64.1225,-126.942,62.8306,-126.97,62.8095,-125.022,64.1004,-124.906,0.38
01_ch2_cla_l1_20240701T145513767_20240701T145521767.fits,83.0051,-127.447,81.7807,-127.744,81.7166,-122.048,82.9302,-120.788,0.28
01_ch2_cla_l1_20240701T153713767_20240701T153721767.fits,-43.3762,-130.903,-44.6106,-130.942,-44.6238,-129.779,-43.3892,-129.761,0.23
01_ch2_cla_l1_20240701T155417767_20240701T155425767.fits,-82.8188,52.7706,-83.8525,53.2221,-83.7877,58.9401,-82.7634,57.669,0.87
01_ch2_cla_l1_20240701T170605826_20240701T170613826.fits,39.9982,-130.608,38.6593,-130.624,38.6456,-129.421,39.9843,-129.383,0.28
01_ch2_cla_l1_20240701T170037826_20240701T170045826.fits,56.4071,-130.325,55.1014,-130.347,55.0834,-128.766,56.3885,-128.692,1.07
01_ch2_cla_l1_20240701T140125195_20240701T140133196.fits,-71.1583,52.1319,-72.1524,52.1938,-72.1317,54.067,-71.1384,53.9051,0.48
01_ch2_cla_l1_20240701T094923848_20240701T094931848.fits,-49.3248,-127.802,-50.5347,-127.849,-50.5482,-126.587,-49.3381,-126.569,0.88
01_ch2_cla_l1_20240701T120352112_20240701T120400112.fits,-74.1524,53.3886,-75.1527,53.4723,-75.1281,55.7404,-74.1293,55.5116,1.14
01_ch2_cla_l1_20240701T114152112_20240701T114200112.fits,-36.7651,-128.52,-38.0214,-128.551,-38.0332,-127.47,-36.7768,-127.455,0.95
01_ch2_cla_l1_20240701T112912112_20240701T112920112.fits,1.4184,-127.86,0.069,-127.876,0.0585,-126.926,1.4079,-126.91,0.85
01_ch2_cla_l1_20240701T132541195_20240701T132549196.fits,1.745,-128.945,0.3962,-128.96,0.3856,-128.011,1.7343,-127.995,0.3
01_ch2_cla_l1_20240701T100331848_20240701T100339848.fits,-85.858,57.5319,-86.8932,58.9105,-86.773,69.9859,-85.7673,65.9494,0.73
01_ch2_cla_l1_20240701T164333826_20240701T164341826.fits,72.7703,46.3327,71.646,46.5466,71.672,48.8129,72.798,48.7476,0.34
01_ch2_cla_l1_20240701T170813826_20240701T170821826.fits,33.6095,-130.699,32.2622,-130.713,32.2494,-129.592,33.5965,-129.561,0.12
01_ch2_cla_l1_20240701T184730911_20240701T184738911.fits,85.8072,-127.834,84.5985,-128.673,84.4995,-120.262,85.6807,-117.136,0.53
01_ch2_cla_l1_20240701T185122911_20240701T185130911.fits,74.0663,-130.72,72.8149,-130.795,72.7815,-127.931,74.0304,-127.644,0.12
01_ch2_cla_l1_20240701T135205195_20240701T135213195.fits,-78.584,-133.616,-79.6775,-134.136,-79.7198,-130.321,-78.6223,-130.152,1.01
01_ch2_cla_l1_20240701T134301196_20240701T134309196.fits,-50.6584,-130.061,-51.8651,-130.111,-51.8794,-128.818,-50.6724,-128.798,0.85
01_ch2_cla_l1_20240701T194458911_20240701T194506911.fits,-88.0019,-162.266,-89.2523,-160.252,-88.6427,-147.123,-88.2381,-143.578,0.66
01_ch2_cla_l1_20240701T153905767_20240701T153913767.fits,-49.0717,-131.102,-50.2855,-131.15,-50.2998,-129.888,-49.0858,-129.868,0.53
01_ch2_cla_l1_20240701T132229196_20240701T132237196.fits,11.326,-128.821,9.969,-128.835,9.9582,-127.862,11.3151,-127.843,1.18
01_ch2_cla_l1_20240701T175141826_20240701T175149826.fits,-80.3173,51.0772,-81.3453,51.3284,-81.2985,55.3737,-80.2755,54.691,0.72
01_ch2_cla_l1_20240701T114232112_20240701T114240112.fits,-38.7913,-128.572,-40.0406,-128.604,-40.0527,-127.502,-38.8032,-127.487,0.24
01_ch2_cla_l1_20240701T094747848_20240701T094755848.fits,-44.4388,-127.634,-45.6671,-127.674,-45.6797,-126.498,-44.4512,-126.481,0.73
01_ch2_cla_l1_20240701T112704112_20240701T112712112.fits,7.8067,-127.778,6.4506,-127.793,6.44,-126.83,7.7962,-126.812,1.07
01_ch2_cla_l1_20240701T112136112_20240701T112144112.fits,24.1549,-127.576,22.7947,-127.59,22.7834,-126.547,24.1434,-126.523,0.35
01_ch2_cla_l1_20240701T191226911_20240701T191234911.fits,10.8053,-132.081,9.4528,-132.097,9.4415,-131.13,10.7938,-131.11,0.71
01_ch2_cla_l1_20240701T093251848_20240701T093259848.fits,0.6554,-126.782,-0.6941,-126.797,-0.7044,-125.847,0.6451,-125.831,0.05
01_ch2_cla_l1_20240701T150321767_20240701T150329767.fits,58.4147,-129.215,57.1119,-129.238,57.0933,-127.578,58.3955,-127.497,0.89
01_ch2_cla_l1_20240701T092443848_20240701T092451848.fits,24.9834,-126.482,23.6215,-126.495,23.6102,-125.444,24.9719,-125.419,0.01
01_ch2_cla_l1_20240701T153057767_20240701T153105767.fits,-24.3665,-130.444,-25.6615,-130.467,-25.6728,-129.478,-24.3777,-129.463,0.41
01_ch2_cla_l1_20240701T133853195_20240701T133901195.fits,-38.0558,-129.651,-39.3079,-129.683,-39.3201,-128.589,-38.0678,-128.573,0.8
01_ch2_cla_l1_20240701T094315848_20240701T094323848.fits,-30.6598,-127.284,-31.9359,-127.31,-31.947,-126.283,-30.6708,-126.268,0.28
01_ch2_cla_l1_20240701T112928112_20240701T112936112.fits,0.6193,-127.871,-0.7291,-127.887,-0.7395,-126.938,0.6088,-126.922,1.2
01_ch2_cla_l1_20240701T105224112_20240701T105232112.fits,68.6095,50.3827,67.4964,50.5179,67.5163,52.3498,68.6303,52.3094,1.11
01_ch2_cla_l1_20240701T114800112_20240701T114808112.fits,-55.4856,-129.176,-56.6724,-129.238,-56.6878,-127.822,-55.5006,-127.799,0.38
01_ch2_cla_l1_20240701T191034911_20240701T191042911.fits,16.3928,-132.006,15.0387,-132.021,15.0271,-131.033,16.381,-131.011,1.18
01_ch2_cla_l1_20240701T192402911_20240701T192410911.fits,-24.0478,-132.627,-25.3437,-132.651,-25.3555,-131.663,-24.0595,-131.648,0.4
01_ch2_cla_l1_20240701T193210911_20240701T193218911.fits,-48.7436,-133.302,-49.9604,-133.352,-49.9755,-132.093,-48.7583,-132.072,0.7
01_ch2_cla_l1_20240701T134933196_20240701T134941196.fits,-70.7461,-131.622,-71.8732,-131.807,-71.8986,-129.505,-70.7702,-129.445,0.18
01_ch2_cla_l1_20240701T131853195_20240701T131901196.fits,22.0931,-128.686,20.7345,-128.7,20.7232,-127.673,22.0816,-127.65,0.98
01_ch2_cla_l1_20240701T132725195_20240701T132733196.fits,-3.4523,-129.016,-4.7937,-129.032,-4.8043,-128.088,-3.4628,-128.072,0.6
01_ch2_cla_l1_20240701T153729767_20240701T153737767.fits,-44.1888,-130.929,-45.4203,-130.969,-45.4336,-129.793,-44.2019,-129.776,0.49
01_ch2_cla_l1_20240701T091819848_20240701T091827848.fits,44.1243,-126.238,42.783,-126.253,42.7693,-124.969,44.1103,-124.927,1.13
01_ch2_cla_l1_20240701T125709196_20240701T125717196.fits,87.4838,-122.987,86.277,-124.717,86.142,-112.697,87.2896,-105.821,0.36
01_ch2_cla_l1_20240701T133621196_20240701T133629195.fits,-30.3694,-129.469,-31.6469,-129.496,-31.6583,-128.47,-30.3808,-128.455,0.55
01_ch2_cla_l1_20240701T155601767_20240701T155609767.fits,-77.4005,51.6155,-78.4165,51.7563,-78.3829,54.7305,-77.3697,54.3471,0.4
01_ch2_cla_l1_20240701T164549826_20240701T164557826.fits,79.7501,43.9097,78.6019,44.4997,78.645,48.2578,79.798,48.0933,1.12
01_ch2_cla_l1_20240701T194706911_20240701T194714911.fits,-84.0044,51.4169,-85.0457,52.1529,-84.9602,59.3001,-83.9337,57.3437,1.06
01_ch2_cla_l1_20240701T192018911_20240701T192026911.fits,-12.7948,-132.425,-14.1172,-132.445,-14.1285,-131.495,-12.8061,-131.48,0.08
01_ch2_cla_l1_20240701T133149195_20240701T133157195.fits,-16.6781,-129.215,-17.9933,-129.235,-18.004,-128.274,-16.6888,-128.26,0.74
01_ch2_cla_l1_20240701T175325826_20240701T175333826.fits,-74.8932,50.315,-75.9035,50.4171,-75.8755,52.8462,-74.867,52.5798,0.73
01_ch2_cla_l1_20240701T092835848_20240701T092843848.fits,13.4254,-126.622,12.064,-126.635,12.0534,-125.651,13.4147,-125.632,0.78
01_ch2_cla_l1_20240701T164901826_20240701T164909826.fits,88.8925,-21.4588,88.1291,15.5911,88.4271,39.9407,89.5544,13.3476,0.34
01_ch2_cla_l1_20240701T150145767_20240701T150153767.fits,63.2334,-129.096,61.9437,-129.125,61.9226,-127.239,63.2114,-127.129,0.78
01_ch2_cla_l1_20240701T114448112_20240701T114456112.fits,-45.696,-128.775,-46.9204,-128.817,-46.9334,-127.62,-45.7088,-127.602,0.48
01_ch2_cla_l1_20240701T170829826_20240701T170837826.fits,32.8113,-130.709,31.4631,-130.724,31.4504,-129.612,32.7984,-129.581,1.02
01_ch2_cla_l1_20240701T134117196_20240701T134125196.fits,-45.3637,-129.866,-46.5901,-129.907,-46.6034,-128.714,-45.3767,-128.696,1.15
01_ch2_cla_l1_20240701T131757195_20240701T131805195.fits,24.884,-128.651,23.5261,-128.665,23.5145,-127.619,24.8723,-127.594,1.02
01_ch2_cla_l1_20240701T094811848_20240701T094819848.fits,-45.6592,-127.674,-46.8829,-127.714,-46.8957,-126.519,-45.6718,-126.502,0.25
01_ch2_cla_l1_20240701T151849767_20240701T151857767.fits,12.0808,-129.897,10.7247,-129.911,10.7137,-128.938,12.0697,-128.918,0.81
01_ch2_cla_l1_20240701T171125826_20240701T171133826.fits,24.0341,-130.826,22.6795,-130.84,22.6676,-129.805,24.0221,-129.78,0.24
01_ch2_cla_l1_20240701T130845195_20240701T130853196.fits,52.4345,-128.262,51.1145,-128.28,51.0984,-126.816,52.4179,-126.756,0.88
01_ch2_cla_l1_20240701T093139848_20240701T093147848.fits,4.2496,-126.735,2.8958,-126.75,2.8855,-125.794,4.2393,-125.777,0.43
01_ch2_cla_l1_20240701T110648112_20240701T110656112.fits,68.5457,-126.806,67.2671,-126.843,67.2425,-124.577,68.5198,-124.416,0.55
01_ch2_cla_l1_20240701T133941196_20240701T133949196.fits,-40.4887,-129.717,-41.7327,-129.752,-41.7452,-128.629,-40.501,-128.612,1.19
01_ch2_cla_l1_20240701T154345767_20240701T154353767.fits,-63.3841,-131.912,-64.5429,-132.015,-64.5626,-130.273,-63.4031,-130.237,0.22
01_ch2_cla_l1_20240701T100203848_20240701T100211848.fits,-88.2368,-158.474,-89.4707,-160.038,-88.8809,-141.696,-88.4748,-137.578,0.5
01_ch2_cla_l1_20240701T184218911_20240701T184226911.fits,79.3741,42.9576,78.2289,43.5154,78.2714,47.1388,79.4213,46.9762,0.46
01_ch2_cla_l1_20240701T132845195_20240701T132853195.fits,-7.4545,-129.072,-8.7892,-129.09,-8.7997,-128.145,-7.4651,-128.129,0.27
01_ch2_cla_l1_20240701T195154911_20240701T195202911.fits,-68.983,48.865,-69.9774,48.9222,-69.9575,50.6018,-68.9641,50.4647,0.79
01_ch2_cla_l1_20240701T193914911_20240701T193922911.fits,-70.4421,-134.977,-71.5756,-135.167,-71.6028,-132.879,-70.4679,-132.812,0.99
01_ch2_cla_l1_20240701T145529767_20240701T145537767.fits,82.1949,-127.663,80.9675,-127.907,80.9089,-122.695,82.1274,-121.659,0.37
01_ch2_cla_l1_20240701T124837196_20240701T124845196.fits,67.4116,49.4227,66.3044,49.5448,66.3235,51.2732,67.4316,51.235,0.41
01_ch2_cla_l1_20240701T172749826_20240701T172757826.fits,-25.1894,-131.554,-26.4826,-131.579,-26.4941,-130.585,-25.2009,-130.57,0.33
01_ch2_cla_l1_20240701T090115848_20240701T090123848.fits,85.3821,41.475,84.2214,44.0283,84.3041,51.7328,85.4863,51.1405,0.95
01_ch2_cla_l1_20240701T134525195_20240701T134533195.fits,-58.0134,-130.422,-59.1918,-130.494,-59.2084,-128.993,-58.0295,-128.966,0.36
01_ch2_cla_l1_20240701T185010911_20240701T185018911.fits,77.7044,-130.397,76.4654,-130.516,76.4238,-126.958,77.6589,-126.497,0.36
01_ch2_cla_l1_20240701T184602911_20240701T184610911.fits,89.0538,-114.444,88.8266,-66.4788,88.898,-26.2521,89.6988,-64.4909,1.13
01_ch2_cla_l1_20240701T190938911_20240701T190946911.fits,19.1858,-131.969,17.8318,-131.984,17.82,-130.981,19.1739,-130.958,0.69
01_ch2_cla_l1_20240701T100619848_20240701T100627848.fits,-77.1045,54.7115,-78.1119,54.8329,-78.0814,57.6887,-77.0765,57.3411,0.71
01_ch2_cla_l1_20240701T190506911_20240701T190514911.fits,32.7528,-131.786,31.4068,-131.801,31.3938,-130.691,32.7397,-130.661,0.45
01_ch2_cla_l1_20240701T151401767_20240701T151409767.fits,26.4388,-129.714,25.0836,-129.728,25.0717,-128.672,26.4268,-128.646,0.63
01_ch2_cla_l1_20240701T113024112_20240701T113032112.fits,-2.1787,-127.909,-3.5231,-127.925,-3.5335,-126.979,-2.1891,-126.963,0.14
01_ch2_cla_l1_20240701T185354911_20240701T185402911.fits,66.404,-131.105,65.1283,-131.144,65.1042,-129.069,66.3786,-128.929,0.79
01_ch2_cla_l1_20240701T145257767_20240701T145305767.fits,89.0874,-113.583,88.6897,-118.468,88.3459,-90.3881,89.7377,-58.7531,0.73
01_ch2_cla_l1_20240701T164725826_20240701T164733826.fits,84.6267,38.5012,83.4724,40.5013,83.5496,47.2185,84.7209,46.6787,0.62
01_ch2_cla_l1_20240701T094739848_20240701T094747848.fits,-44.0322,-127.622,-45.2619,-127.66,-45.2745,-126.491,-44.0445,-126.474,1.1
01_ch2_cla_l1_20240701T153545767_20240701T153553767.fits,-38.9119,-130.773,-40.162,-130.807,-40.1746,-129.701,-38.9243,-129.685,0.55
01_ch2_cla_l1_20240701T092803848_20240701T092811848.fits,15.0201,-126.602,13.658,-126.616,13.6473,-125.625,15.0093,-125.604,0.16
01_ch2_cla_l1_20240701T105752112_20240701T105800112.fits,85.3872,40.2686,84.2287,42.8449,84.3126,50.5378,85.4927,49.9177,1.19
01_ch2_cla_l1_20240701T125517196_20240701T125525196.fits,87.7534,24.7156,86.6509,34.0341,86.8015,47.4715,87.9853,44.9258,0.26
01_ch2_cla_l1_20240701T191418911_20240701T191426911.fits,5.215,-132.157,3.866,-132.173,3.8548,-131.222,5.2036,-131.204,1.02
01_ch2_cla_l1_20240701T085715848_20240701T085723848.fits,73.1407,50.7401,72.0084,50.9552,72.0334,53.293,73.1674,53.2351,1.18
01_ch2_cla_l1_20240701T130221196_20240701T130229195.fits,71.7132,-127.734,70.4471,-127.784,70.4188,-125.208,71.683,-124.991,1.0
01_ch2_cla_l1_20240701T150329767_20240701T150337767.fits,58.0135,-129.224,56.7098,-129.247,56.6914,-127.603,57.9945,-127.523,0.91
01_ch2_cla_l1_20240701T114624112_20240701T114632112.fits,-50.5845,-128.954,-51.7906,-129.004,-51.8046,-127.713,-50.5983,-127.694,0.26
01_ch2_cla_l1_20240701T190610911_20240701T190618911.fits,29.5595,-131.83,28.2105,-131.845,28.198,-130.767,29.5468,-130.738,0.92
01_ch2_cla_l1_20240701T191002911_20240701T191010911.fits,17.9888,-131.985,16.6346,-132.0,16.6229,-131.003,17.977,-130.981,1.06
01_ch2_cla_l1_20240701T192434911_20240701T192442911.fits,-25.6599,-132.659,-26.9506,-132.684,-26.9625,-131.687,-25.6716,-131.672,0.65
01_ch2_cla_l1_20240701T133805196_20240701T133813195.fits,-35.6254,-129.589,-36.8856,-129.62,-36.8976,-128.55,-35.6372,-128.535,1.0
01_ch2_cla_l1_20240701T155825767_20240701T155833767.fits,-69.8717,51.0034,-70.8638,51.0601,-70.8441,52.8073,-69.853,52.6636,0.77
01_ch2_cla_l1_20240701T185306911_20240701T185314911.fits,68.821,-131.009,67.5529,-131.055,67.5265,-128.79,68.7932,-128.62,0.72
01_ch2_cla_l1_20240701T175149826_20240701T175157826.fits,-79.9006,50.991,-80.9273,51.2214,-80.8827,55.0741,-79.8607,54.4498,0.15
01_ch2_cla_l1_20240701T133325195_20240701T133333195.fits,-21.5017,-129.297,-22.8048,-129.319,-22.8157,-128.342,-21.5126,-128.328,0.18
01_ch2_cla_l1_20240701T150457767_20240701T150505767.fits,53.6037,-129.313,52.289,-129.333,52.2723,-127.839,53.5865,-127.775,0.81
01_ch2_cla_l1_20240701T132901195_20240701T132909196.fits,-8.2556,-129.084,-9.5887,-129.102,-9.5993,-128.156,-8.2661,-128.141,0.77
01_ch2_cla_l1_20240701T115856112_20240701T115904112.fits,-88.8634,176.411,-89.4843,88.2258,-89.6259,178.378,-89.2951,-153.015,0.55
01_ch2_cla_l1_20240701T100155848_20240701T100203848.fits,-87.8712,-152.56,-88.7347,-173.977,-89.0952,-145.34,-88.0643,-135.202,0.46
01_ch2_cla_l1_20240701T125125195_20240701T125133195.fits,76.0638,47.7533,74.9242,48.0712,74.9552,50.8815,76.0974,50.7949,1.2
01_ch2_cla_l1_20240701T165757826_20240701T165805826.fits,64.4398,-130.12,63.1559,-130.153,63.1337,-128.201,64.4166,-128.081,0.42
01_ch2_cla_l1_20240701T100907848_20240701T100908963.fits,-68.668,54.1299,-69.2863,54.1589,-69.2695,55.7407,-68.6516,55.6671,1.15
01_ch2_cla_l1_20240701T195202911_20240701T195210911.fits,-68.564,48.8425,-69.5572,48.8977,-69.5378,50.5404,-68.5455,50.4089,0.13
01_ch2_cla_l1_20240701T194410911_20240701T194418911.fits,-85.6599,-145.484,-86.698,-149.833,-86.8371,-138.343,-85.7651,-136.718,0.24
01_ch2_cla_l1_20240701T110424112_20240701T110432112.fits,75.8008,-126.445,74.5461,-126.519,74.5115,-123.331,75.7633,-122.988,0.86
01_ch2_cla_l1_20240701T154129767_20240701T154137767.fits,-56.4193,-131.441,-57.6052,-131.508,-57.6216,-130.058,-56.4353,-130.032,0.28
01_ch2_cla_l1_20240701T174845826_20240701T174853826.fits,-88.8804,167.537,-89.3734,81.7376,-89.6418,158.213,-89.3683,-163.246,0.7
01_ch2_cla_l1_20240701T152001767_20240701T152009767.fits,8.4891,-129.943,7.1351,-129.958,7.1243,-128.996,8.4782,-128.978,1.13
01_ch2_cla_l1_20240701T193106911_20240701T193114911.fits,-45.4889,-133.181,-46.7172,-133.225,-46.7315,-132.025,-45.5029,-132.006,0.58
01_ch2_cla_l1_20240701T154657767_20240701T154705767.fits,-73.2576,-133.196,-74.3762,-133.443,-74.4059,-130.815,-73.2854,-130.733,0.71
01_ch2_cla_l1_20240701T184634911_20240701T184642911.fits,88.6335,-119.892,87.4466,-125.339,87.2461,-108.689,88.2886,-92.945,1.19
01_ch2_cla_l1_20240701T171349826_20240701T171357826.fits,16.8542,-130.919,15.4985,-130.934,15.4871,-129.941,16.8427,-129.919,0.44
01_ch2_cla_l1_20240701T093515848_20240701T093523848.fits,-6.5423,-126.879,-7.8803,-126.896,-7.8905,-125.949,-6.5525,-125.934,0.97
01_ch2_cla_l1_20240701T100235848_20240701T100243848.fits,-88.745,66.9835,-89.1436,73.4776,-89.6602,113.288,-88.4678,90.6257,0.06
01_ch2_cla_l1_20240701T113248112_20240701T113256112.fits,-9.3829,-128.01,-10.7146,-128.028,-10.725,-127.08,-9.3933,-127.065,0.93
01_ch2_cla_l1_20240701T090539848_20240701T090547848.fits,82.2823,-124.624,81.0484,-124.839,80.9915,-119.535,82.2167,-118.5,0.24
01_ch2_cla_l1_20240701T140205195_20240701T140213195.fits,-69.0631,52.0194,-70.0503,52.0705,-70.0319,53.7335,-69.0456,53.6034,0.81
01_ch2_cla_l1_20240701T090907848_20240701T090915848.fits,71.784,-125.617,70.5133,-125.663,70.4855,-123.065,71.7544,-122.848,0.76
01_ch2_cla_l1_20240701T184554911_20240701T184602911.fits,89.7078,-58.7994,88.8266,-66.4788,88.898,-26.2521,89.2496,26.7034,0.88
01_ch2_cla_l1_20240701T172525826_20240701T172533826.fits,-17.9471,-131.421,-19.2587,-131.442,-19.2699,-130.479,-17.9583,-130.464,0.63
01_ch2_cla_l1_20240701T145745767_20240701T145753767.fits,75.3191,-128.567,74.0672,-128.644,74.0326,-125.56,75.2817,-125.233,1.02
01_ch2_cla_l1_20240701T130157195_20240701T130205196.fits,72.923,-127.672,71.6608,-127.728,71.6307,-125.003,72.8909,-124.756,0.1
01_ch2_cla_l1_20240701T100027848_20240701T100035848.fits,-83.4404,-134.816,-84.502,-136.417,-84.5758,-129.534,-83.5024,-129.027,0.79
01_ch2_cla_l1_20240701T110640112_20240701T110648112.fits,68.9482,-126.791,67.6709,-126.829,67.646,-124.529,68.9218,-124.362,0.41
01_ch2_cla_l1_20240701T165637826_20240701T165645826.fits,68.4652,-129.979,67.1933,-130.022,67.1678,-127.782,68.4383,-127.618,1.16
01_ch2_cla_l1_20240701T165005826_20240701T165013826.fits,88.2755,-121.81,87.08,-125.365,86.9062,-110.49,87.9958,-98.7034,0.74
01_ch2_cla_l1_20240701T171533826_20240701T171541826.fits,11.6671,-130.986,10.3127,-131.002,10.3015,-130.031,11.6559,-130.011,0.45
01_ch2_cla_l1_20240701T154113767_20240701T154121767.fits,-55.6016,-131.397,-56.7906,-131.462,-56.8067,-130.037,-55.6173,-130.012,0.92
01_ch2_cla_l1_20240701T134917195_20240701T134925195.fits,-69.9222,-131.501,-71.0527,-131.672,-71.0772,-129.456,-69.9455,-129.4,0.5
01_ch2_cla_l1_20240701T132157195_20240701T132205195.fits,12.9218,-128.8,11.5637,-128.815,11.5528,-127.836,12.9108,-127.816,0.49
01_ch2_cla_l1_20240701T152217767_20240701T152225767.fits,1.7,-130.033,0.3525,-130.049,0.3418,-129.102,1.6892,-129.085,0.06
01_ch2_cla_l1_20240701T151841767_20240701T151849767.fits,12.4797,-129.892,11.1236,-129.906,11.1126,-128.931,12.4686,-128.911,0.75
01_ch2_cla_l1_20240701T184754911_20240701T184802911.fits,84.5907,-128.697,83.377,-129.229,83.2955,-122.288,84.4915,-120.266,0.8
01_ch2_cla_l1_20240701T092931848_20240701T092939848.fits,10.6341,-126.656,9.2743,-126.67,9.2638,-125.696,10.6236,-125.678,0.97
01_ch2_cla_l1_20240701T190946911_20240701T190954911.fits,18.7868,-131.974,17.4328,-131.99,17.421,-130.988,18.7749,-130.966,0.03
01_ch2_cla_l1_20240701T113432112_20240701T113440112.fits,-14.5958,-128.089,-15.9163,-128.108,-15.9268,-127.152,-14.6062,-127.138,0.86
01_ch2_cla_l1_20240701T191130911_20240701T191138911.fits,13.5993,-132.043,12.2458,-132.059,12.2343,-131.082,13.5878,-131.061,0.8
01_ch2_cla_l1_20240701T093147848_20240701T093155848.fits,3.8506,-126.741,2.497,-126.755,2.4866,-125.8,3.8402,-125.783,0.91
01_ch2_cla_l1_20240701T190722911_20240701T190730911.fits,25.9683,-131.878,24.6165,-131.894,24.6043,-130.846,25.9559,-130.82,0.96
01_ch2_cla_l1_20240701T151409767_20240701T151417767.fits,26.04,-129.719,24.6844,-129.733,24.6726,-128.68,26.028,-128.654,0.11
01_ch2_cla_l1_20240701T115736112_20240701T115744112.fits,-85.1066,-138.852,-86.1513,-141.936,-86.2585,-132.17,-85.1907,-131.15,0.31
01_ch2_cla_l1_20240701T115104112_20240701T115112112.fits,-64.9146,-129.815,-66.0639,-129.926,-66.0837,-128.105,-64.9336,-128.068,0.74
01_ch2_cla_l1_20240701T094451848_20240701T094459848.fits,-35.5118,-127.391,-36.7725,-127.422,-36.784,-126.354,-35.5233,-126.339,0.88
01_ch2_cla_l1_20240701T131957195_20240701T132005195.fits,18.9036,-128.726,17.5445,-128.74,17.5333,-127.732,18.8923,-127.711,1.13
01_ch2_cla_l1_20240701T095243848_20240701T095251848.fits,-59.5451,-128.298,-60.7146,-128.375,-60.7312,-126.822,-59.5612,-126.795,0.04
01_ch2_cla_l1_20240701T133053196_20240701T133101196.fits,-13.868,-129.169,-15.1898,-129.189,-15.2004,-128.235,-13.8786,-128.22,1.19
01_ch2_cla_l1_20240701T165557826_20240701T165605826.fits,70.4802,-129.892,69.2147,-129.941,69.187,-127.514,70.4508,-127.318,0.83
01_ch2_cla_l1_20240701T154937767_20240701T154945767.fits,-81.5079,-136.469,-82.5882,-137.441,-82.6473,-132.215,-81.5596,-131.892,0.27
01_ch2_cla_l1_20240701T193258911_20240701T193306911.fits,-51.1884,-133.405,-52.3963,-133.46,-52.4119,-132.148,-51.2037,-132.125,0.6
01_ch2_cla_l1_20240701T184426911_20240701T184434911.fits,85.8572,33.7975,84.7121,37.0552,84.8103,45.3787,85.9835,44.4533,0.93
01_ch2_cla_l1_20240701T145521767_20240701T145529767.fits,82.6,-127.561,81.374,-127.829,81.3128,-122.386,82.5289,-121.247,0.97
01_ch2_cla_l1_20240701T132357195_20240701T132405196.fits,6.9363,-128.877,5.5823,-128.892,5.5716,-127.932,6.9256,-127.914,0.83
01_ch2_cla_l1_20240701T131053196_20240701T131101195.fits,46.034,-128.367,44.7009,-128.383,44.6865,-127.07,46.0192,-127.023,0.8
01_ch2_cla_l1_20240701T172741826_20240701T172749826.fits,-24.7867,-131.547,-26.0805,-131.571,-26.092,-130.579,-24.7981,-130.564,0.53
01_ch2_cla_l1_20240701T134133195_20240701T134141195.fits,-46.1772,-129.893,-47.4006,-129.936,-47.4141,-128.729,-46.1903,-128.711,0.22
01_ch2_cla_l1_20240701T153721767_20240701T153729767.fits,-43.7825,-130.916,-45.0154,-130.956,-45.0287,-129.786,-43.7955,-129.768,1.05
01_ch2_cla_l1_20240701T091043848_20240701T091051848.fits,66.9545,-125.794,65.6686,-125.826,65.6457,-123.682,66.9304,-123.541,0.05
01_ch2_cla_l1_20240701T192626911_20240701T192634911.fits,-31.3072,-132.781,-32.5824,-132.81,-32.5947,-131.775,-31.3194,-131.76,0.46
01_ch2_cla_l1_20240701T090651848_20240701T090659848.fits,78.6429,-125.16,77.3957,-125.265,77.3544,-121.412,78.5972,-120.898,0.37
01_ch2_cla_l1_20240701T185058911_20240701T185106911.fits,75.2784,-130.629,74.0311,-130.715,73.9954,-127.655,75.2398,-127.323,0.38
01_ch2_cla_l1_20240701T125701196_20240701T125709196.fits,87.8879,-121.953,86.6835,-124.259,86.5338,-110.892,87.6603,-102.042,0.6
01_ch2_cla_l1_20240701T111304112_20240701T111312112.fits,49.6941,-127.233,48.3659,-127.249,48.3507,-125.853,49.6785,-125.8,0.21
01_ch2_cla_l1_20240701T111536112_20240701T111544112.fits,42.1019,-127.346,40.7598,-127.36,40.7463,-126.116,42.0882,-126.076,0.01
01_ch2_cla_l1_20240701T155609767_20240701T155617767.fits,-76.983,51.5647,-77.9976,51.6966,-77.9653,54.5618,-76.9532,54.2041,0.78
01_ch2_cla_l1_20240701T164541826_20240701T164549826.fits,79.3411,44.1381,78.1941,44.6853,78.2356,48.307,79.3872,48.1536,0.64
01_ch2_cla_l1_20240701T144833767_20240701T144841767.fits,77.7189,46.0372,76.5752,46.4482,76.6108,49.6187,77.7578,49.5055,0.31
01_ch2_cla_l1_20240701T194522911_20240701T194530911.fits,-88.839,107.704,-88.9821,128.333,-89.6062,112.335,-88.9953,141.496,0.53
01_ch2_cla_l1_20240701T134605195_20240701T134613196.fits,-60.0615,-130.55,-61.2317,-130.632,-61.2492,-129.051,-60.0784,-129.022,0.43
01_ch2_cla_l1_20240701T112920112_20240701T112928112.fits,1.0189,-127.866,-0.33,-127.881,-0.3405,-126.932,1.0084,-126.916,0.93
01_ch2_cla_l1_20240701T192954911_20240701T193002911.fits,-41.8332,-133.06,-43.0742,-133.099,-43.0879,-131.955,-41.8466,-131.937,1.01
01_ch2_cla_l1_20240701T114808112_20240701T114816112.fits,-55.8944,-129.197,-57.0798,-129.261,-57.0954,-127.832,-55.9096,-127.809,1.17
01_ch2_cla_l1_20240701T105632112_20240701T105640112.fits,81.3417,46.2875,80.1833,47.0809,80.2315,51.5115,81.3964,51.3162,0.86
01_ch2_cla_l1_20240701T114440112_20240701T114448112.fits,-45.2892,-128.762,-46.5151,-128.803,-46.5281,-127.612,-45.302,-127.595,1.08
01_ch2_cla_l1_20240701T170821826_20240701T170829826.fits,33.2103,-130.704,31.8627,-130.719,31.85,-129.602,33.1974,-129.571,0.67
01_ch2_cla_l1_20240701T130045196_20240701T130053195.fits,76.5557,-127.431,75.3058,-127.517,75.2691,-124.189,76.5157,-123.807,0.81
01_ch2_cla_l1_20240701T094859848_20240701T094907848.fits,-48.1022,-127.757,-49.3166,-127.802,-49.3299,-126.564,-48.1152,-126.546,0.09
01_ch2_cla_l1_20240701T164909826_20240701T164917826.fits,89.7326,-51.0656,88.4493,7.1137,88.8267,36.6322,89.2184,29.9663,0.28
01_ch2_cla_l1_20240701T132045196_20240701T132053196.fits,16.511,-128.756,15.1523,-128.77,15.1412,-127.775,16.4999,-127.754,1.09
01_ch2_cla_l1_20240701T173205826_20240701T173213826.fits,-38.1176,-131.851,-39.3707,-131.885,-39.3835,-130.788,-38.1302,-130.771,0.83
01_ch2_cla_l1_20240701T173437826_20240701T173445826.fits,-45.8301,-132.087,-47.0566,-132.131,-47.0706,-130.927,-45.8438,-130.908,0.18
01_ch2_cla_l1_20240701T192842911_20240701T192850911.fits,-38.1837,-132.954,-39.4371,-132.988,-39.4502,-131.89,-38.1967,-131.873,0.78
01_ch2_cla_l1_20240701T105552112_20240701T105600112.fits,79.3,47.5912,78.1475,48.1195,78.187,51.7544,79.3438,51.6209,0.77
01_ch2_cla_l1_20240701T150313767_20240701T150321767.fits,58.816,-129.206,57.5141,-129.23,57.4954,-127.554,58.7966,-127.47,0.73
01_ch2_cla_l1_20240701T133141195_20240701T133149195.fits,-16.2764,-129.208,-17.5926,-129.228,-17.6033,-128.269,-16.2871,-128.254,0.69
01_ch2_cla_l1_20240701T170957826_20240701T171005826.fits,28.4223,-130.768,27.0701,-130.783,27.0579,-129.712,28.4098,-129.685,0.01
01_ch2_cla_l1_20240701T114752112_20240701T114800112.fits,-55.0767,-129.155,-56.2653,-129.217,-56.2805,-127.812,-55.0916,-127.789,0.33
01_ch2_cla_l1_20240701T150545767_20240701T150553767.fits,51.2008,-129.357,49.8807,-129.375,49.8647,-127.948,51.1845,-127.891,0.71
01_ch2_cla_l1_20240701T114048112_20240701T114056112.fits,-33.5272,-128.443,-34.7943,-128.471,-34.8058,-127.421,-33.5386,-127.406,0.26
01_ch2_cla_l1_20240701T164853826_20240701T164901826.fits,88.7016,-4.1158,87.7802,21.5047,88.0243,41.907,89.1876,30.6169,0.74
01_ch2_cla_l1_20240701T192418911_20240701T192426911.fits,-24.8536,-132.643,-26.1471,-132.668,-26.159,-131.675,-24.8653,-131.66,1.1
01_ch2_cla_l1_20240701T085739848_20240701T085747848.fits,74.3745,50.4613,73.2375,50.7115,73.2644,53.2335,74.4034,53.1675,1.19
01_ch2_cla_l1_20240701T091803848_20240701T091811848.fits,44.9229,-126.227,43.583,-126.241,43.5692,-124.943,44.9087,-124.9,0.41
01_ch2_cla_l1_20240701T191434911_20240701T191442911.fits,4.4157,-132.168,3.0679,-132.184,3.0566,-131.235,4.4044,-131.217,1.19
01_ch2_cla_l1_20240701T125829195_20240701T125837196.fits,83.433,-126.33,82.2079,-126.647,82.1415,-120.64,83.3545,-119.24,0.42
01_ch2_cla_l1_20240701T133901195_20240701T133909195.fits,-38.4609,-129.661,-39.7119,-129.694,-39.7241,-128.595,-38.473,-128.579,0.58
01_ch2_cla_l1_20240701T193610911_20240701T193618911.fits,-60.9972,-133.964,-62.168,-134.055,-62.1874,-132.424,-61.016,-132.39,0.1
01_ch2_cla_l1_20240701T192002911_20240701T192010911.fits,-11.9925,-132.412,-13.3165,-132.432,-13.3279,-131.484,-12.0038,-131.468,1.12
01_ch2_cla_l1_20240701T153329767_20240701T153337767.fits,-32.0316,-130.602,-33.3041,-130.631,-33.316,-129.592,-32.0433,-129.576,0.08
01_ch2_cla_l1_20240701T194306911_20240701T194314911.fits,-82.3901,-139.678,-83.4681,-140.953,-83.5388,-135.021,-82.451,-134.57,0.06
01_ch2_cla_l1_20240701T144825767_20240701T144833767.fits,77.3088,46.1963,76.1666,46.5821,76.2011,49.6535,77.3465,49.5464,0.95
01_ch2_cla_l1_20240701T155201767_20240701T155209767.fits,-88.9836,157.774,-89.0265,133.844,-89.6592,121.892,-88.6407,-175.309,0.31
01_ch2_cla_l1_20240701T164149826_20240701T164157826.fits,67.4054,47.1933,66.3011,47.3179,66.3208,49.0383,67.4261,48.9973,0.6
01_ch2_cla_l1_20240701T153457767_20240701T153505767.fits,-36.481,-130.709,-37.7392,-130.74,-37.7515,-129.661,-36.4931,-129.646,0.93
01_ch2_cla_l1_20240701T130325195_20240701T130333195.fits,68.4905,-127.869,67.2142,-127.907,67.1894,-125.653,68.4644,-125.491,0.33
01_ch2_cla_l1_20240701T131221196_20240701T131229196.fits,41.6392,-128.431,40.2984,-128.446,40.2849,-127.212,41.6254,-127.173,0.7
01_ch2_cla_l1_20240701T094715848_20240701T094723848.fits,-42.8129,-127.585,-44.0471,-127.622,-44.0595,-126.47,-42.825,-126.454,0.52
01_ch2_cla_l1_20240701T105624112_20240701T105632112.fits,80.9339,46.5944,79.7766,47.3212,79.8227,51.5673,80.986,51.3874,0.94
01_ch2_cla_l1_20240701T151001767_20240701T151009767.fits,38.4086,-129.555,37.0652,-129.57,37.052,-128.387,38.3952,-128.351,0.11
01_ch2_cla_l1_20240701T190106911_20240701T190114911.fits,44.7395,-131.606,43.4107,-131.623,43.3959,-130.345,44.7243,-130.3,1.02
01_ch2_cla_l1_20240701T113424112_20240701T113432112.fits,-14.1943,-128.083,-15.516,-128.102,-15.5265,-127.147,-14.2048,-127.132,0.26
01_ch2_cla_l1_20240701T145657767_20240701T145705767.fits,77.7436,-128.358,76.5002,-128.464,76.4599,-124.878,77.6995,-124.422,0.08
01_ch2_cla_l1_20240701T145129767_20240701T145137767.fits,86.628,32.9235,85.4879,37.5284,85.5996,47.3866,86.7791,46.1683,0.78
01_ch2_cla_l1_20240701T165845826_20240701T165853826.fits,62.0277,-130.19,60.7368,-130.218,60.7161,-128.401,62.0061,-128.298,0.08
01_ch2_cla_l1_20240701T110952112_20240701T111000112.fits,59.3057,-127.057,58.0004,-127.079,57.9819,-125.374,59.2865,-125.288,0.67
01_ch2_cla_l1_20240701T133109196_20240701T133117196.fits,-14.6707,-129.182,-15.9905,-129.202,-16.0012,-128.246,-14.6813,-128.232,0.59
01_ch2_cla_l1_20240701T172349826_20240701T172357826.fits,-13.1293,-131.34,-14.4514,-131.36,-14.4625,-130.409,-13.1404,-130.394,0.28
01_ch2_cla_l1_20240701T090515848_20240701T090523848.fits,83.4968,-124.318,82.2673,-124.612,82.2021,-118.524,83.4195,-117.118,0.49
01_ch2_cla_l1_20240701T174757826_20240701T174805826.fits,-86.8121,-149.011,-87.805,-157.697,-88.0119,-140.597,-86.9513,-137.197,0.88
01_ch2_cla_l1_20240701T184202911_20240701T184210911.fits,78.5553,43.3748,77.4125,43.8572,77.4522,47.2335,78.5989,47.0921,0.06
01_ch2_cla_l1_20240701T100219848_20240701T100227848.fits,-88.8578,178.934,-89.5131,90.4203,-89.6169,-176.511,-89.2748,-150.362,0.74
01_ch2_cla_l1_20240701T185410911_20240701T185418911.fits,65.5988,-131.134,64.3206,-131.17,64.2971,-129.151,65.5741,-129.019,1.0
01_ch2_cla_l1_20240701T130717196_20240701T130725196.fits,56.8412,-128.179,55.5319,-128.2,55.5143,-126.596,56.823,-126.521,0.24
01_ch2_cla_l1_20240701T110248112_20240701T110256112.fits,80.6503,-125.94,79.4126,-126.099,79.3635,-121.581,80.5949,-120.844,0.12
01_ch2_cla_l1_20240701T154745767_20240701T154753767.fits,-75.7321,-133.785,-76.8401,-134.123,-76.8748,-131.059,-75.7641,-130.947,0.98
01_ch2_cla_l1_20240701T093539848_20240701T093547848.fits,-7.7433,-126.896,-9.0791,-126.913,-9.0894,-125.966,-7.7536,-125.951,0.45
01_ch2_cla_l1_20240701T100603848_20240701T100611848.fits,-77.9403,54.8083,-78.9506,54.9466,-78.9176,58.0305,-77.9102,57.6306,0.14
01_ch2_cla_l1_20240701T184618911_20240701T184626911.fits,89.4068,-103.707,88.2562,-122.398,87.975,-99.732,88.8128,-67.7175,0.03
01_ch2_cla_l1_20240701T125749195_20240701T125757195.fits,85.4591,-125.395,84.2419,-126.017,84.1532,-118.022,85.3471,-115.359,0.13
01_ch2_cla_l1_20240701T171525826_20240701T171533826.fits,12.0663,-130.981,10.7116,-130.996,10.7005,-130.024,12.055,-130.004,0.81
01_ch2_cla_l1_20240701T115944112_20240701T115952112.fits,-87.073,58.3184,-88.1095,61.6293,-87.9126,78.9539,-86.9425,70.1106,1.02
01_ch2_cla_l1_20240701T093907848_20240701T093915848.fits,-18.1718,-127.054,-19.4841,-127.074,-19.4945,-126.109,-18.1822,-126.095,0.89
01_ch2_cla_l1_20240701T113640112_20240701T113648112.fits,-21.0242,-128.195,-22.3288,-128.217,-22.3395,-127.241,-21.0348,-127.227,0.92
01_ch2_cla_l1_20240701T145113767_20240701T145121767.fits,85.8411,36.3972,84.6906,39.5591,84.7848,47.8964,85.9622,47.0719,0.56
01_ch2_cla_l1_20240701T125917195_20240701T125925195.fits,81.0035,-126.903,79.7694,-127.081,79.718,-122.43,80.9453,-121.635,0.38
01_ch2_cla_l1_20240701T152841767_20240701T152849767.fits,-17.5279,-130.321,-18.8408,-130.342,-18.8518,-129.38,-17.5388,-129.365,0.78
01_ch2_cla_l1_20240701T091931848_20240701T091939848.fits,40.5319,-126.287,39.1848,-126.301,39.1717,-125.078,40.5186,-125.041,0.96
01_ch2_cla_l1_20240701T193946911_20240701T193954911.fits,-72.0888,-135.257,-73.2155,-135.482,-73.2451,-133.001,-72.1166,-132.922,0.77
01_ch2_cla_l1_20240701T151217767_20240701T151225767.fits,31.624,-129.647,30.2726,-129.661,30.2603,-128.558,31.6115,-128.529,1.14
01_ch2_cla_l1_20240701T174637826_20240701T174645826.fits,-82.7465,-138.814,-83.8206,-140.196,-83.893,-133.958,-82.8082,-133.483,0.37
01_ch2_cla_l1_20240701T174005826_20240701T174013826.fits,-62.5745,-132.964,-63.7379,-133.063,-63.7576,-131.36,-62.5935,-131.324,0.74
01_ch2_cla_l1_20240701T120104112_20240701T120112112.fits,-82.9196,54.8104,-83.9487,55.244,-83.8858,61.009,-82.8659,59.7403,0.35
01_ch2_cla_l1_20240701T131157195_20240701T131205195.fits,42.8374,-128.414,41.4985,-128.429,41.4848,-127.175,42.8233,-127.134,0.53
01_ch2_cla_l1_20240701T172533826_20240701T172541826.fits,-18.349,-131.428,-19.6596,-131.449,-19.6708,-130.484,-18.3602,-130.469,0.65
01_ch2_cla_l1_20240701T134341195_20240701T134349195.fits,-52.6983,-130.148,-53.8973,-130.204,-53.9123,-128.862,-52.7129,-128.84,0.02
01_ch2_cla_l1_20240701T145937767_20240701T145945767.fits,69.6717,-128.878,68.4014,-128.923,68.375,-126.568,69.6438,-126.388,0.35
01_ch2_cla_l1_20240701T154521767_20240701T154529767.fits,-68.3154,-132.414,-69.4542,-132.564,-69.4776,-130.489,-68.3377,-130.438,0.97
01_ch2_cla_l1_20240701T125133195_20240701T125141195.fits,76.4744,47.6224,75.3332,47.9597,75.3651,50.8534,76.509,50.7619,0.01
01_ch2_cla_l1_20240701T152409767_20240701T152417767.fits,-3.898,-130.111,-5.2377,-130.128,-5.2484,-129.184,-3.9087,-129.168,0.54
01_ch2_cla_l1_20240701T133357195_20240701T133405195.fits,-23.1119,-129.326,-24.4103,-129.349,-24.4213,-128.365,-23.1228,-128.351,1.16
01_ch2_cla_l1_20240701T192130911_20240701T192138911.fits,-16.4072,-132.486,-17.7219,-132.508,-17.7333,-131.549,-16.4186,-131.533,1.01
01_ch2_cla_l1_20240701T090147848_20240701T090155848.fits,86.958,34.7115,85.8165,40.1087,85.9325,50.8587,87.1199,49.5741,1.09
01_ch2_cla_l1_20240701T193722911_20240701T193730911.fits,-64.6881,-134.275,-65.8443,-134.392,-65.8661,-132.568,-64.709,-132.525,0.86
01_ch2_cla_l1_20240701T110432112_20240701T110440112.fits,75.3972,-126.473,74.141,-126.544,74.1072,-123.429,75.3606,-123.103,0.63
01_ch2_cla_l1_20240701T171741826_20240701T171749826.fits,5.2796,-131.071,3.9293,-131.087,3.9184,-130.134,5.2685,-130.116,0.91
01_ch2_cla_l1_20240701T190258911_20240701T190306911.fits,39.1428,-131.693,37.805,-131.709,37.7912,-130.522,39.1287,-130.484,0.9
01_ch2_cla_l1_20240701T174557826_20240701T174605826.fits,-80.6879,-137.073,-81.7747,-137.891,-81.8297,-133.141,-80.7366,-132.863,1.13
01_ch2_cla_l1_20240701T114632112_20240701T114640112.fits,-50.9926,-128.971,-52.1969,-129.021,-52.211,-127.722,-51.0064,-127.702,0.81
01_ch2_cla_l1_20240701T094347848_20240701T094355848.fits,-32.2763,-127.319,-33.5471,-127.346,-33.5583,-126.306,-32.2874,-126.292,0.3
01_ch2_cla_l1_20240701T112304112_20240701T112312112.fits,19.7704,-127.63,18.4096,-127.644,18.3985,-126.63,19.7593,-126.607,0.2
01_ch2_cla_l1_20240701T112536112_20240701T112544112.fits,12.1951,-127.723,10.8359,-127.737,10.8252,-126.76,12.1843,-126.741,1.12
01_ch2_cla_l1_20240701T150721767_20240701T150729767.fits,46.3995,-129.437,45.0693,-129.453,45.0546,-128.136,46.3845,-128.089,0.2
01_ch2_cla_l1_20240701T134253196_20240701T134301196.fits,-50.2505,-130.044,-51.4588,-130.094,-51.4731,-128.809,-50.2645,-128.789,0.01
01_ch2_cla_l1_20240701T092043848_20240701T092051848.fits,36.9415,-126.334,35.5896,-126.348,35.577,-125.176,36.9288,-125.142,0.07
01_ch2_cla_l1_20240701T105808112_20240701T105816112.fits,86.1814,37.5528,85.0293,41.1796,85.1274,50.1538,86.3101,49.2745,1.09
01_ch2_cla_l1_20240701T191626911_20240701T191634911.fits,-1.1801,-132.247,-2.5219,-132.264,-2.5331,-131.322,-1.1914,-131.305,0.81
01_ch2_cla_l1_20240701T093651848_20240701T093659848.fits,-11.3491,-126.948,-12.6775,-126.966,-12.6878,-126.015,-11.3593,-126.001,0.29
01_ch2_cla_l1_20240701T185522911_20240701T185530911.fits,61.9785,-131.247,60.6899,-131.277,60.6689,-129.466,61.9566,-129.363,1.15
01_ch2_cla_l1_20240701T155833767_20240701T155841767.fits,-69.4525,50.9811,-70.4435,51.0358,-70.4242,52.7429,-69.4342,52.6051,0.07
01_ch2_cla_l1_20240701T184330911_20240701T184338911.fits,83.0434,39.8893,81.8903,41.1406,81.9532,46.4897,83.1169,46.1359,0.34
01_ch2_cla_l1_20240701T135037195_20240701T135045195.fits,-74.044,-132.227,-75.1576,-132.494,-75.1879,-129.752,-74.0724,-129.665,0.55
01_ch2_cla_l1_20240701T135605195_20240701T135613195.fits,-87.8305,59.5841,-88.8598,67.2621,-88.5494,92.154,-87.6529,75.0756,0.65
01_ch2_cla_l1_20240701T194058911_20240701T194106911.fits,-75.797,-136.117,-76.9084,-136.472,-76.9452,-133.376,-75.8311,-133.252,0.79
01_ch2_cla_l1_20240701T144609767_20240701T144617767.fits,70.3144,47.9037,69.1976,48.066,69.2199,50.0514,70.3379,50.0017,0.12
01_ch2_cla_l1_20240701T133333195_20240701T133341195.fits,-21.9042,-129.304,-23.2062,-129.327,-23.2171,-128.348,-21.9151,-128.333,0.08
01_ch2_cla_l1_20240701T111920112_20240701T111928112.fits,30.9315,-127.493,29.5754,-127.506,29.5634,-126.405,30.9194,-126.377,0.44
01_ch2_cla_l1_20240701T183842911_20240701T183850911.fits,68.2635,45.9606,67.1573,46.0976,67.1783,47.8838,68.2855,47.8377,0.37
01_ch2_cla_l1_20240701T114552112_20240701T114600112.fits,-48.9535,-128.89,-50.1657,-128.937,-50.1794,-127.681,-48.9669,-127.662,0.21
01_ch2_cla_l1_20240701T164733826_20240701T164741826.fits,85.0282,37.5763,83.8751,39.8841,83.9576,47.0581,85.1304,46.4346,0.81
01_ch2_cla_l1_20240701T100731848_20240701T100739848.fits,-73.3387,54.3875,-74.3339,54.461,-74.3111,56.5932,-73.3174,56.3904,0.98
01_ch2_cla_l1_20240701T173821826_20240701T173829826.fits,-57.25,-132.6,-58.434,-132.672,-58.4512,-131.191,-57.2667,-131.163,1.12
01_ch2_cla_l1_20240701T153313767_20240701T153321767.fits,-31.2237,-130.585,-32.4985,-130.612,-32.5103,-129.579,-31.2353,-129.564,0.71
01_ch2_cla_l1_20240701T130141195_20240701T130149195.fits,73.7297,-127.627,72.4702,-127.688,72.439,-124.85,73.6961,-124.581,0.27
01_ch2_cla_l1_20240701T085859848_20240701T085907848.fits,78.4772,49.1168,77.3254,49.5707,77.3618,52.9661,78.5171,52.8541,0.5
01_ch2_cla_l1_20240701T191842911_20240701T191850911.fits,-7.9844,-132.349,-9.3159,-132.368,-9.3271,-131.424,-7.9956,-131.408,0.48
01_ch2_cla_l1_20240701T105440112_20240701T105448112.fits,75.6109,49.0141,74.4711,49.3104,74.5007,52.0403,75.6429,51.9614,0.26
01_ch2_cla_l1_20240701T170205826_20240701T170213826.fits,51.9977,-130.412,50.6818,-130.432,50.6654,-128.987,51.9809,-128.927,1.08
01_ch2_cla_l1_20240701T170437826_20240701T170445826.fits,44.3944,-130.542,43.0628,-130.558,43.0483,-129.283,44.3795,-129.239,1.07
01_ch2_cla_l1_20240701T155017767_20240701T155025767.fits,-83.5651,-138.583,-84.631,-140.335,-84.7118,-133.218,-83.6325,-132.627,0.67
01_ch2_cla_l1_20240701T131045196_20240701T131053196.fits,46.4337,-128.361,45.1014,-128.376,45.0869,-127.056,46.4189,-127.009,0.62
01_ch2_cla_l1_20240701T100139848_20240701T100147848.fits,-87.0985,-145.359,-88.0724,-155.534,-88.2886,-136.314,-87.2379,-132.57,0.84
01_ch2_cla_l1_20240701T095107848_20240701T095115848.fits,-54.6325,-128.028,-55.8215,-128.087,-55.8364,-126.698,-54.647,-126.677,0.94
01_ch2_cla_l1_20240701T090635848_20240701T090643848.fits,79.4512,-125.071,78.2068,-125.192,78.1629,-121.094,79.4023,-120.506,0.53
01_ch2_cla_l1_20240701T174253826_20240701T174301826.fits,-71.2056,-133.958,-72.3344,-134.159,-72.3618,-131.792,-71.2315,-131.723,0.06
01_ch2_cla_l1_20240701T113144112_20240701T113152112.fits,-6.1794,-127.964,-7.5169,-127.981,-7.5273,-127.035,-6.1897,-127.02,0.25
01_ch2_cla_l1_20240701T140109195_20240701T140117195.fits,-71.9967,52.1824,-72.9928,52.2501,-72.971,54.2222,-71.9761,54.044,0.09
01_ch2_cla_l1_20240701T092411848_20240701T092419848.fits,26.5772,-126.463,25.2161,-126.476,25.2047,-125.412,26.5657,-125.387,0.8
01_ch2_cla_l1_20240701T093203848_20240701T093211848.fits,3.0521,-126.751,1.6995,-126.766,1.6892,-125.812,3.0417,-125.795,0.07
01_ch2_cla_l1_20240701T172629826_20240701T172637826.fits,-21.1635,-131.478,-22.467,-131.501,-22.4783,-130.525,-21.1748,-130.51,0.94
01_ch2_cla_l1_20240701T145449767_20240701T145457767.fits,84.2208,-127.011,83.001,-127.433,82.9264,-120.804,84.1309,-119.037,0.49
01_ch2_cla_l1_20240701T174701826_20240701T174709826.fits,-83.978,-140.428,-85.0415,-142.487,-85.1312,-134.776,-84.0519,-134.059,0.01
01_ch2_cla_l1_20240701T125229195_20240701T125237195.fits,79.3429,46.4312,78.1921,46.9677,78.2322,50.6077,79.3874,50.4677,1.17
01_ch2_cla_l1_20240701T131653195_20240701T131701195.fits,28.0737,-128.611,26.7175,-128.625,26.7057,-127.553,28.0617,-127.526,0.42
01_ch2_cla_l1_20240701T090555848_20240701T090603848.fits,81.4731,-124.78,80.2361,-124.96,80.1837,-120.072,81.4134,-119.206,1.11
01_ch2_cla_l1_20240701T145801767_20240701T145809767.fits,74.5114,-128.624,73.2569,-128.693,73.2238,-125.745,74.4758,-125.448,0.96
01_ch2_cla_l1_20240701T110728112_20240701T110736112.fits,66.5342,-126.873,65.2495,-126.905,65.2266,-124.798,66.5102,-124.661,0.9
01_ch2_cla_l1_20240701T184906911_20240701T184914911.fits,80.943,-129.909,79.7153,-130.117,79.6616,-125.529,80.8822,-124.722,0.01
01_ch2_cla_l1_20240701T154225767_20240701T154233767.fits,-59.2843,-131.611,-60.459,-131.69,-60.4765,-130.138,-59.3013,-130.109,0.51
01_ch2_cla_l1_20240701T131301195_20240701T131309195.fits,39.6427,-128.459,38.2989,-128.474,38.2857,-127.27,39.6292,-127.233,0.86
01_ch2_cla_l1_20240701T110056112_20240701T110104112.fits,86.3194,-123.782,85.104,-124.635,85.0019,-115.291,86.185,-111.537,0.41
01_ch2_cla_l1_20240701T184538911_20240701T184546911.fits,88.8904,-24.6072,88.1534,13.4616,88.4629,38.0143,89.5735,7.5382,0.15
01_ch2_cla_l1_20240701T151929767_20240701T151937767.fits,10.0856,-129.922,8.7308,-129.937,8.7198,-128.97,10.0746,-128.951,0.5
01_ch2_cla_l1_20240701T093619848_20240701T093627848.fits,-9.7461,-126.924,-11.0778,-126.942,-11.0881,-125.993,-9.7563,-125.979,0.28
01_ch2_cla_l1_20240701T171045826_20240701T171053826.fits,26.0285,-130.8,24.675,-130.814,24.663,-129.764,26.0164,-129.738,0.72
01_ch2_cla_l1_20240701T130205196_20240701T130213196.fits,72.5196,-127.693,71.2561,-127.748,71.2266,-125.074,72.4882,-124.838,0.18
01_ch2_cla_l1_20240701T112400112_20240701T112408112.fits,16.9801,-127.664,15.6192,-127.678,15.6083,-126.679,16.9692,-126.658,0.24
01_ch2_cla_l1_20240701T150025767_20240701T150033767.fits,67.2554,-128.971,65.9777,-129.008,65.9536,-126.86,67.2301,-126.713,1.04
01_ch2_cla_l1_20240701T114528112_20240701T114536112.fits,-47.7314,-128.846,-48.9481,-128.89,-48.9615,-127.657,-47.7446,-127.639,1.16
01_ch2_cla_l1_20240701T170949826_20240701T170957826.fits,28.8211,-130.763,27.4695,-130.777,27.4572,-129.704,28.8087,-129.676,0.18
01_ch2_cla_l1_20240701T192738911_20240701T192746911.fits,-34.945,-132.868,-36.209,-132.9,-36.2217,-131.835,-34.9576,-131.818,0.38
01_ch2_cla_l1_20240701T175245826_20240701T175253826.fits,-76.9813,50.5374,-77.9984,50.6748,-77.9652,53.5526,-76.9507,53.1881,0.96
01_ch2_cla_l1_20240701T194802911_20240701T194810911.fits,-81.0943,50.2831,-82.127,50.5975,-82.0737,55.0729,-81.0472,54.239,0.47
01_ch2_cla_l1_20240701T133029195_20240701T133037195.fits,-12.6645,-129.15,-13.9888,-129.169,-13.9995,-128.218,-12.6751,-128.203,0.68
01_ch2_cla_l1_20240701T114256112_20240701T114304112.fits,-40.008,-128.604,-41.2531,-128.638,-41.2653,-127.522,-40.02,-127.506,0.77
01_ch2_cla_l1_20240701T135101195_20240701T135109195.fits,-75.2819,-132.523,-76.3899,-132.834,-76.4227,-129.871,-75.3123,-129.771,1.04
01_ch2_cla_l1_20240701T164429826_20240701T164437826.fits,75.6503,45.6145,74.5154,45.9209,74.5466,48.6387,75.6839,48.549,0.86
01_ch2_cla_l1_20240701T153649767_20240701T153657767.fits,-42.1577,-130.865,-43.3963,-130.903,-43.4094,-129.757,-42.1705,-129.74,0.85
01_ch2_cla_l1_20240701T170053826_20240701T170101826.fits,55.6049,-130.342,54.2974,-130.363,54.2797,-128.81,55.5867,-128.739,0.57
01_ch2_cla_l1_20240701T094435848_20240701T094443848.fits,-34.703,-127.373,-35.9657,-127.402,-35.9771,-126.342,-34.7143,-126.327,0.49
01_ch2_cla_l1_20240701T091307848_20240701T091315848.fits,59.7272,-125.977,58.4206,-125.998,58.4021,-124.27,59.708,-124.183,0.56
01_ch2_cla_l1_20240701T105344112_20240701T105352112.fits,72.7326,49.7075,71.6034,49.9141,71.6281,52.1911,72.7589,52.1337,0.91
01_ch2_cla_l1_20240701T170501826_20240701T170509826.fits,43.1949,-130.56,41.8613,-130.576,41.8471,-129.322,43.1804,-129.28,0.87
01_ch2_cla_l1_20240701T112848112_20240701T112856112.fits,2.6169,-127.845,1.2659,-127.86,1.2554,-126.909,2.6064,-126.892,1.14
01_ch2_cla_l1_20240701T130645195_20240701T130653195.fits,58.4452,-128.146,57.1401,-128.168,57.1218,-126.503,58.4262,-126.421,0.19
01_ch2_cla_l1_20240701T191714911_20240701T191722911.fits,-3.5803,-132.282,-4.9188,-132.3,-4.93,-131.358,-3.5915,-131.342,0.34
01_ch2_cla_l1_20240701T133013195_20240701T133021195.fits,-11.8624,-129.138,-13.1884,-129.157,-13.1991,-128.207,-11.873,-128.192,0.52
01_ch2_cla_l1_20240701T191346911_20240701T191354911.fits,6.8125,-132.135,5.4626,-132.151,5.4513,-131.196,6.8012,-131.178,0.29
01_ch2_cla_l1_20240701T093331848_20240701T093339848.fits,-1.3426,-126.808,-2.6894,-126.824,-2.6996,-125.876,-1.3529,-125.86,0.11
01_ch2_cla_l1_20240701T150241767_20240701T150249767.fits,60.4216,-129.169,59.1242,-129.194,59.1046,-127.449,60.4013,-127.357,0.75
01_ch2_cla_l1_20240701T092523848_20240701T092531848.fits,22.991,-126.506,21.6286,-126.519,21.6174,-125.483,22.9797,-125.459,0.77
01_ch2_cla_l1_20240701T153817767_20240701T153825767.fits,-46.6287,-131.011,-47.8515,-131.055,-47.8653,-129.839,-46.6423,-129.821,0.16
01_ch2_cla_l1_20240701T094627848_20240701T094635848.fits,-40.3763,-127.516,-41.6195,-127.55,-41.6315,-126.43,-40.3882,-126.414,0.32
01_ch2_cla_l1_20240701T175021826_20240701T175029826.fits,-84.4766,52.6182,-85.5176,53.453,-85.426,61.3219,-84.4021,59.0341,0.49
01_ch2_cla_l1_20240701T112616112_20240701T112624112.fits,10.2008,-127.748,8.8429,-127.762,8.8322,-126.792,10.19,-126.773,0.5
01_ch2_cla_l1_20240701T125845196_20240701T125853196.fits,82.6229,-126.562,81.3948,-126.818,81.3343,-121.347,82.5526,-120.21,0.46
01_ch2_cla_l1_20240701T173109826_20240701T173117826.fits,-35.2833,-131.777,-36.5454,-131.809,-36.558,-130.741,-35.2955,-130.725,0.12
01_ch2_cla_l1_20240701T134757196_20240701T134805196.fits,-65.8076,-131.016,-66.9549,-131.136,-66.9757,-129.254,-65.8276,-129.213,0.19
01_ch2_cla_l1_20240701T094955848_20240701T095003848.fits,-50.9565,-127.866,-52.16,-127.916,-52.1738,-126.619,-50.9701,-126.6,0.32
01_ch2_cla_l1_20240701T124941195_20240701T124949195.fits,70.7141,48.9571,69.5943,49.1244,69.6167,51.1562,70.7378,51.1067,0.28
01_ch2_cla_l1_20240701T091059848_20240701T091107848.fits,66.1505,-125.818,64.8621,-125.848,64.8398,-123.763,66.1271,-123.631,0.07
01_ch2_cla_l1_20240701T184650911_20240701T184658911.fits,87.8306,-124.263,86.6338,-126.863,86.4787,-113.825,87.5974,-105.099,1.12
01_ch2_cla_l1_20240701T185042911_20240701T185050911.fits,76.0868,-130.56,74.8421,-130.655,74.8047,-127.447,76.0461,-127.079,0.1
01_ch2_cla_l1_20240701T114512112_20240701T114520112.fits,-46.917,-128.817,-48.1368,-128.86,-48.1501,-127.642,-46.93,-127.624,0.89
01_ch2_cla_l1_20240701T170717826_20240701T170725826.fits,36.4039,-130.66,35.0599,-130.675,35.0468,-129.521,36.3905,-129.487,1.15
01_ch2_cla_l1_20240701T111008112_20240701T111016112.fits,58.5036,-127.074,57.1962,-127.095,57.178,-125.423,58.4848,-125.342,0.16
01_ch2_cla_l1_20240701T192858911_20240701T192906911.fits,-38.994,-132.976,-40.2449,-133.012,-40.2582,-131.904,-39.0071,-131.887,0.95
01_ch2_cla_l1_20240701T155505767_20240701T155513767.fits,-80.3204,52.0831,-81.346,52.3239,-81.3004,56.3532,-80.2797,55.683,0.99
01_ch2_cla_l1_20240701T155337767_20240701T155345767.fits,-84.8969,53.8404,-85.9366,54.795,-85.8381,63.431,-84.8184,60.7604,0.6
01_ch2_cla_l1_20240701T100251848_20240701T100259848.fits,-87.9275,61.6121,-88.9525,69.7894,-88.6332,96.0634,-87.7497,77.6703,0.67
01_ch2_cla_l1_20240701T133837195_20240701T133845195.fits,-37.2452,-129.63,-38.5003,-129.662,-38.5124,-128.576,-37.2571,-128.56,0.72
01_ch2_cla_l1_20240701T153033767_20240701T153041767.fits,-23.1584,-130.421,-24.4566,-130.444,-24.4678,-129.46,-23.1695,-129.445,0.79
01_ch2_cla_l1_20240701T094843848_20240701T094851848.fits,-47.2876,-127.729,-48.505,-127.772,-48.5182,-126.549,-47.3004,-126.531,0.67
01_ch2_cla_l1_20240701T164413826_20240701T164421826.fits,74.8282,45.8468,73.6963,46.1215,73.7258,48.6939,74.8599,48.6126,1.03
01_ch2_cla_l1_20240701T130421195_20240701T130429195.fits,65.674,-127.963,64.3891,-127.994,64.3666,-125.953,65.6505,-125.824,0.16
01_ch2_cla_l1_20240701T172613826_20240701T172621826.fits,-20.3591,-131.463,-21.6648,-131.486,-21.6761,-130.514,-20.3703,-130.499,1.17
01_ch2_cla_l1_20240701T090755848_20240701T090803848.fits,75.4126,-125.423,74.1541,-125.49,74.1207,-122.364,75.3764,-122.039,0.47
01_ch2_cla_l1_20240701T120416112_20240701T120424112.fits,-72.8965,53.2984,-73.8929,53.3704,-73.8703,55.4504,-72.8752,55.2555,0.28
01_ch2_cla_l1_20240701T151137767_20240701T151145767.fits,33.6189,-129.62,32.2696,-129.635,32.257,-128.511,33.6062,-128.48,0.94
01_ch2_cla_l1_20240701T151705767_20240701T151713767.fits,17.2666,-129.831,15.9093,-129.845,15.898,-128.848,17.2553,-128.827,0.71
01_ch2_cla_l1_20240701T115208112_20240701T115216112.fits,-68.2051,-130.157,-69.341,-130.302,-69.3633,-128.247,-68.2264,-128.2,0.12
01_ch2_cla_l1_20240701T174517826_20240701T174525826.fits,-78.626,-135.96,-79.7232,-136.503,-79.7678,-132.647,-78.6665,-132.463,0.66
01_ch2_cla_l1_20240701T113320112_20240701T113328112.fits,-10.9858,-128.034,-12.3144,-128.052,-12.3248,-127.103,-10.9962,-127.088,0.91
01_ch2_cla_l1_20240701T131933195_20240701T131941195.fits,20.0998,-128.711,18.7404,-128.725,18.7292,-127.711,20.0884,-127.688,0.3
01_ch2_cla_l1_20240701T194930911_20240701T194938911.fits,-76.5096,49.4678,-77.5274,49.602,-77.4945,52.3766,-76.4792,52.0311,1.17
01_ch2_cla_l1_20240701T132709195_20240701T132717195.fits,-2.6523,-129.004,-3.9949,-129.021,-4.0055,-128.076,-2.6628,-128.06,0.71
01_ch2_cla_l1_20240701T145233767_20240701T145241767.fits,89.7435,-53.1277,88.4642,8.2738,88.8392,38.2757,89.232,31.7823,1.16
01_ch2_cla_l1_20240701T110904112_20240701T110912112.fits,61.713,-127.003,60.4144,-127.027,60.3947,-125.211,61.6925,-125.113,0.58
01_ch2_cla_l1_20240701T155353767_20240701T155401767.fits,-84.0661,53.3246,-85.1036,54.0069,-85.022,61.1924,-83.9987,59.2717,1.19
01_ch2_cla_l1_20240701T151913767_20240701T151921767.fits,10.8838,-129.912,9.5282,-129.927,9.5173,-128.957,10.8728,-128.938,1.05
01_ch2_cla_l1_20240701T193242911_20240701T193250911.fits,-50.3733,-133.369,-51.5841,-133.423,-51.5995,-132.129,-50.3884,-132.107,0.73
01_ch2_cla_l1_20240701T131117195_20240701T131125195.fits,44.8351,-128.385,43.4997,-128.4,43.4855,-127.111,44.8206,-127.066,0.24
01_ch2_cla_l1_20240701T192450911_20240701T192458911.fits,-26.4651,-132.675,-27.7545,-132.701,-27.7664,-131.7,-26.477,-131.684,0.62
01_ch2_cla_l1_20240701T090427848_20240701T090435848.fits,85.9268,-123.176,84.7072,-123.857,84.6135,-115.147,85.8061,-111.991,1.18
01_ch2_cla_l1_20240701T172805826_20240701T172813826.fits,-25.9953,-131.57,-27.2858,-131.595,-27.2975,-130.597,-26.0068,-130.582,0.1
01_ch2_cla_l1_20240701T154041767_20240701T154049767.fits,-53.9668,-131.314,-55.1621,-131.374,-55.1778,-129.996,-53.9821,-129.973,0.01
01_ch2_cla_l1_20240701T165309826_20240701T165317826.fits,78.9621,-129.237,77.7252,-129.373,77.6805,-125.469,78.9126,-124.913,0.94
01_ch2_cla_l1_20240701T195146911_20240701T195154911.fits,-69.4019,48.8882,-70.3976,48.9476,-70.3772,50.6656,-69.3825,50.5227,1.17
01_ch2_cla_l1_20240701T110712112_20240701T110720112.fits,67.3385,-126.847,66.0563,-126.881,66.0328,-124.714,67.3138,-124.568,0.39
01_ch2_cla_l1_20240701T095259848_20240701T095307848.fits,-60.3652,-128.351,-61.5313,-128.432,-61.5483,-126.845,-60.3816,-126.817,0.16
01_ch2_cla_l1_20240701T145153767_20240701T145201767.fits,87.7642,23.196,86.6661,32.6797,86.8198,46.1389,88.001,43.4356,0.67
01_ch2_cla_l1_20240701T171221826_20240701T171229826.fits,21.2421,-130.862,19.8864,-130.877,19.8748,-129.859,21.2303,-129.836,0.98
01_ch2_cla_l1_20240701T091411848_20240701T091419848.fits,56.521,-126.04,55.206,-126.059,55.1889,-124.458,56.5033,-124.385,0.58
01_ch2_cla_l1_20240701T090203848_20240701T090211848.fits,87.7132,27.8867,86.6012,36.782,86.7457,50.0982,87.9344,47.865,1.0
01_ch2_cla_l1_20240701T093635848_20240701T093643848.fits,-10.5475,-126.936,-11.8775,-126.954,-11.8878,-126.005,-10.5577,-125.99,0.58
01_ch2_cla_l1_20240701T110144112_20240701T110152112.fits,83.8888,-125.188,82.6633,-125.533,82.5939,-119.154,83.8059,-117.575,0.89
01_ch2_cla_l1_20240701T154449767_20240701T154457767.fits,-66.6704,-132.224,-67.8158,-132.355,-67.8378,-130.408,-66.6914,-130.364,0.8
01_ch2_cla_l1_20240701T165701826_20240701T165709826.fits,67.2568,-130.026,65.9814,-130.064,65.957,-127.922,67.2311,-127.773,0.28
01_ch2_cla_l1_20240701T184514911_20240701T184522911.fits,88.1231,14.161,87.0682,27.3709,87.2515,42.6309,88.4254,38.2049,0.59
01_ch2_cla_l1_20240701T125445195_20240701T125453195.fits,86.2228,36.1484,85.0737,39.8755,85.174,48.9073,86.3548,47.968,0.51
01_ch2_cla_l1_20240701T165253826_20240701T165301826.fits,79.7714,-129.123,78.5374,-129.28,78.4898,-125.12,79.7183,-124.481,0.79
01_ch2_cla_l1_20240701T171629826_20240701T171637826.fits,8.8731,-131.023,7.5203,-131.039,7.5093,-130.077,8.862,-130.058,0.61
01_ch2_cla_l1_20240701T115600112_20240701T115608112.fits,-80.1689,-133.237,-81.2524,-133.931,-81.3007,-129.493,-80.2119,-129.273,0.78
01_ch2_cla_l1_20240701T093555848_20240701T093603848.fits,-8.5442,-126.907,-9.8787,-126.924,-9.8889,-125.977,-8.5545,-125.962,0.7
01_ch2_cla_l1_20240701T113728112_20240701T113736112.fits,-23.4391,-128.238,-24.7368,-128.261,-24.7476,-127.275,-23.4498,-127.261,0.86
01_ch2_cla_l1_20240701T132653195_20240701T132701195.fits,-1.8526,-128.993,-3.1962,-129.01,-3.2068,-128.064,-1.8631,-128.048,0.96
01_ch2_cla_l1_20240701T154801767_20240701T154809767.fits,-76.5571,-134.028,-77.6617,-134.409,-77.6984,-131.16,-76.5909,-131.035,0.33
01_ch2_cla_l1_20240701T145225767_20240701T145233767.fits,88.9073,-20.7648,88.1438,16.8038,88.4391,41.4668,89.5721,14.9782,0.0
01_ch2_cla_l1_20240701T152929767_20240701T152937767.fits,-19.9396,-130.363,-21.2464,-130.385,-21.2574,-129.414,-19.9506,-129.399,0.79
01_ch2_cla_l1_20240701T090619848_20240701T090627848.fits,80.2597,-124.969,79.0183,-125.109,78.9714,-120.729,80.207,-120.05,0.79
01_ch2_cla_l1_20240701T172045826_20240701T172053826.fits,-3.9146,-131.2,-5.2535,-131.217,-5.2645,-130.274,-3.9256,-130.258,0.55
01_ch2_cla_l1_20240701T134229195_20240701T134237195.fits,-49.0275,-129.996,-50.2404,-130.044,-50.2544,-128.784,-49.0412,-128.765,0.76
01_ch2_cla_l1_20240701T132301195_20240701T132309195.fits,9.7302,-128.841,8.3739,-128.855,8.3632,-127.888,9.7194,-127.869,1.16
01_ch2_cla_l1_20240701T100115848_20240701T100123848.fits,-85.8958,-139.766,-86.9234,-144.281,-87.0551,-132.162,-85.9938,-130.661,0.46
01_ch2_cla_l1_20240701T113056112_20240701T113104112.fits,-3.7785,-127.93,-5.1202,-127.947,-5.1307,-127.001,-3.7889,-126.986,0.15
01_ch2_cla_l1_20240701T134101195_20240701T134109196.fits,-44.5502,-129.839,-45.7797,-129.879,-45.7929,-128.699,-44.5631,-128.682,0.45
01_ch2_cla_l1_20240701T191738911_20240701T191746911.fits,-4.7811,-132.3,-6.1177,-132.318,-6.1289,-131.376,-4.7923,-131.36,0.52
01_ch2_cla_l1_20240701T185802911_20240701T185810911.fits,53.9495,-131.439,52.6402,-131.46,52.6228,-129.964,53.9316,-129.898,0.98
01_ch2_cla_l1_20240701T105256112_20240701T105304112.fits,70.2603,50.1451,69.1406,50.3036,69.1622,52.2923,70.283,52.2462,0.11
01_ch2_cla_l1_20240701T153025767_20240701T153033767.fits,-22.7558,-130.414,-24.0553,-130.436,-24.0665,-129.454,-22.7669,-129.44,0.16
01_ch2_cla_l1_20240701T173949826_20240701T173957826.fits,-61.7546,-132.9,-62.9211,-132.992,-62.9404,-131.329,-61.7732,-131.297,0.4
01_ch2_cla_l1_20240701T111400112_20240701T111408112.fits,46.8955,-127.276,45.5616,-127.292,45.5472,-125.958,46.8807,-125.911,0.47
01_ch2_cla_l1_20240701T164245826_20240701T164253826.fits,70.2968,46.7856,69.1816,46.9496,69.2043,48.9287,70.3207,48.8768,0.5
01_ch2_cla_l1_20240701T094419848_20240701T094427848.fits,-33.8937,-127.355,-35.1593,-127.383,-35.1706,-126.33,-33.9049,-126.315,0.6
01_ch2_cla_l1_20240701T105528112_20240701T105536112.fits,78.0721,48.1616,76.9236,48.5892,76.9592,51.8659,78.1112,51.7561,0.35
01_ch2_cla_l1_20240701T092307848_20240701T092315848.fits,29.7654,-126.424,28.4063,-126.437,28.3946,-125.345,29.7535,-125.318,0.66
01_ch2_cla_l1_20240701T150649767_20240701T150657767.fits,47.9996,-129.411,46.6724,-129.428,46.6573,-128.077,47.9841,-128.027,0.38
01_ch2_cla_l1_20240701T114344112_20240701T114352112.fits,-42.4438,-128.673,-43.68,-128.71,-43.6926,-127.562,-42.4562,-127.546,0.93
01_ch2_cla_l1_20240701T173053826_20240701T173101826.fits,-34.4742,-131.758,-35.7392,-131.788,-35.7516,-130.728,-34.4864,-130.712,0.72
01_ch2_cla_l1_20240701T094003848_20240701T094011848.fits,-20.986,-127.101,-22.291,-127.122,-22.3016,-126.147,-20.9965,-126.133,0.26
01_ch2_cla_l1_20240701T095611848_20240701T095619848.fits,-70.2326,-129.301,-71.3584,-129.472,-71.3822,-127.237,-70.2552,-127.183,0.11
01_ch2_cla_l1_20240701T192714911_20240701T192722911.fits,-33.7318,-132.838,-34.9996,-132.869,-35.0122,-131.815,-33.7443,-131.798,0.62
01_ch2_cla_l1_20240701T133645195_20240701T133653195.fits,-31.5814,-129.496,-32.8549,-129.523,-32.8664,-128.488,-31.5928,-128.473,1.15
01_ch2_cla_l1_20240701T175429826_20240701T175437826.fits,-71.5475,50.0551,-72.5474,50.1246,-72.525,52.061,-71.5264,51.8856,0.23
01_ch2_cla_l1_20240701T132741196_20240701T132749196.fits,-4.2524,-129.027,-5.5926,-129.044,-5.6031,-128.099,-4.263,-128.083,0.24
01_ch2_cla_l1_20240701T111848112_20240701T111856112.fits,32.5264,-127.473,31.1717,-127.486,31.1596,-126.369,32.5141,-126.339,1.13
01_ch2_cla_l1_20240701T173501826_20240701T173509826.fits,-47.0505,-132.13,-48.2727,-132.176,-48.287,-130.951,-47.0644,-130.932,0.32
01_ch2_cla_l1_20240701T105512112_20240701T105520112.fits,77.2524,48.4815,76.1068,48.8573,76.1402,51.9301,77.2888,51.8324,0.59
01_ch2_cla_l1_20240701T194042911_20240701T194050911.fits,-74.9727,-135.89,-76.0875,-136.208,-76.1224,-133.277,-75.0051,-133.166,0.26
01_ch2_cla_l1_20240701T150817767_20240701T150825767.fits,43.6012,-129.48,42.266,-129.495,42.2519,-128.231,43.5868,-128.189,0.77
01_ch2_cla_l1_20240701T124845196_20240701T124853195.fits,67.8249,49.3716,66.716,49.4987,66.7355,51.2602,67.8453,51.2206,0.91
01_ch2_cla_l1_20240701T192346911_20240701T192354911.fits,-23.2427,-132.611,-24.5405,-132.635,-24.5522,-131.651,-23.2544,-131.635,0.1
01_ch2_cla_l1_20240701T090331848_20240701T090339848.fits,88.7552,-116.272,87.554,-121.115,87.3602,-103.448,88.4085,-86.4735,0.11
01_ch2_cla_l1_20240701T153241767_20240701T153249767.fits,-29.6082,-130.549,-30.8882,-130.576,-30.8999,-129.555,-29.6198,-129.54,1.18
01_ch2_cla_l1_20240701T091523848_20240701T091531848.fits,52.9176,-126.104,51.5941,-126.121,51.5782,-124.635,52.9013,-124.575,0.63
01_ch2_cla_l1_20240701T085627848_20240701T085635848.fits,70.6696,51.1932,69.5468,51.3572,69.5685,53.3934,70.6926,53.3473,0.28
01_ch2_cla_l1_20240701T092059848_20240701T092107848.fits,36.1439,-126.344,34.7909,-126.358,34.7784,-125.196,36.1312,-125.163,0.96
01_ch2_cla_l1_20240701T111616112_20240701T111624112.fits,40.106,-127.373,38.7606,-127.387,38.7474,-126.174,40.0926,-126.137,0.45
01_ch2_cla_l1_20240701T170109826_20240701T170117826.fits,54.803,-130.358,53.4935,-130.379,53.4761,-128.852,54.7851,-128.784,0.55
01_ch2_cla_l1_20240701T140141196_20240701T140149196.fits,-70.3208,52.0844,-71.3117,52.1418,-71.2919,53.9251,-70.302,53.777,0.87
01_ch2_cla_l1_20240701T150033767_20240701T150041767.fits,66.853,-128.985,65.5739,-129.021,65.5502,-126.903,66.828,-126.76,0.75
01_ch2_cla_l1_20240701T175413826_20240701T175421826.fits,-72.3844,50.1118,-73.3868,50.1877,-73.3633,52.2284,-72.3622,52.0351,0.52
01_ch2_cla_l1_20240701T130837195_20240701T130845195.fits,52.8349,-128.255,51.5159,-128.273,51.4997,-126.798,52.8182,-126.737,0.26
01_ch2_cla_l1_20240701T173717826_20240701T173725826.fits,-53.9779,-132.424,-55.176,-132.485,-55.1921,-131.105,-53.9935,-131.081,1.06
01_ch2_cla_l1_20240701T085843848_20240701T085851848.fits,77.6581,49.4555,76.5091,49.8529,76.5432,53.0312,77.6953,52.9317,0.55
01_ch2_cla_l1_20240701T112008112_20240701T112016112.fits,28.5397,-127.522,27.1818,-127.536,27.17,-126.458,28.5278,-126.431,0.9
01_ch2_cla_l1_20240701T191858911_20240701T191906911.fits,-8.7856,-132.361,-10.1156,-132.38,-10.1269,-131.436,-8.7969,-131.42,0.91
01_ch2_cla_l1_20240701T114120112_20240701T114128112.fits,-35.1456,-128.48,-36.4071,-128.51,-36.4189,-127.445,-35.1571,-127.43,1.17
01_ch2_cla_l1_20240701T125509195_20240701T125517196.fits,87.3829,28.8167,86.2609,35.9539,86.3949,47.9505,87.5785,46.0707,1.07
01_ch2_cla_l1_20240701T135509195_20240701T135517195.fits,-87.943,-156.469,-89.1792,-150.989,-88.5613,-141.223,-88.1527,-138.41,0.94
01_ch2_cla_l1_20240701T144505767_20240701T144513767.fits,67.0103,48.357,65.9061,48.4762,65.9251,50.1699,67.0302,50.1313,0.82
01_ch2_cla_l1_20240701T183858911_20240701T183906911.fits,69.0897,45.8448,67.9804,45.9925,68.0021,47.851,69.1126,47.802,0.38
01_ch2_cla_l1_20240701T110320112_20240701T110328112.fits,79.0327,-126.155,77.7893,-126.273,77.7463,-122.316,78.985,-121.766,0.21
01_ch2_cla_l1_20240701T100547848_20240701T100555848.fits,-78.7758,54.9183,-79.7888,55.0782,-79.753,58.4276,-78.7433,57.9619,1.1
01_ch2_cla_l1_20240701T152137767_20240701T152145767.fits,3.6975,-130.006,2.3479,-130.022,2.3371,-129.071,3.6867,-129.054,0.16
01_ch2_cla_l1_20240701T152705767_20240701T152713767.fits,-12.7108,-130.243,-14.0345,-130.262,-14.0453,-129.311,-12.7216,-129.296,0.91
01_ch2_cla_l1_20240701T125621195_20240701T125629195.fits,89.1082,-112.927,88.71,-117.755,88.3665,-89.1697,89.7555,-54.1245,0.51
01_ch2_cla_l1_20240701T171613826_20240701T171621826.fits,9.6717,-131.013,8.3183,-131.028,8.3071,-130.064,9.6605,-130.045,0.62
01_ch2_cla_l1_20240701T185930911_20240701T185938911.fits,49.542,-131.523,48.2227,-131.543,48.2067,-130.164,49.5255,-130.109,0.06
01_ch2_cla_l1_20240701T154233767_20240701T154241767.fits,-59.6939,-131.638,-60.8669,-131.719,-60.8847,-130.15,-59.7111,-130.12,1.19
01_ch2_cla_l1_20240701T093755848_20240701T093803848.fits,-14.5579,-126.997,-15.879,-127.016,-15.8894,-126.059,-14.5682,-126.045,0.78
01_ch2_cla_l1_20240701T165517826_20240701T165525826.fits,72.4969,-129.788,71.238,-129.848,71.2077,-127.191,72.4645,-126.952,0.73
01_ch2_cla_l1_20240701T113904112_20240701T113912112.fits,-28.2757,-128.331,-29.5596,-128.356,-29.5707,-127.344,-28.2867,-127.329,1.02
01_ch2_cla_l1_20240701T095947848_20240701T095955848.fits,-81.3793,-132.851,-82.4548,-133.749,-82.5091,-128.664,-81.427,-128.383,1.07
01_ch2_cla_l1_20240701T095723848_20240701T095731848.fits,-73.9448,-129.944,-75.055,-130.2,-75.0839,-127.491,-73.9719,-127.411,0.88
01_ch2_cla_l1_20240701T094131848_20240701T094139848.fits,-25.415,-127.181,-26.7075,-127.204,-26.7182,-126.208,-25.4257,-126.194,1.09
01_ch2_cla_l1_20240701T134213195_20240701T134221195.fits,-48.2128,-129.965,-49.4285,-130.011,-49.4424,-128.768,-48.2263,-128.749,0.53
01_ch2_cla_l1_20240701T171805826_20240701T171813826.fits,4.0811,-131.088,2.7322,-131.104,2.7212,-130.153,4.0701,-130.135,0.21
01_ch2_cla_l1_20240701T190242911_20240701T190250911.fits,39.942,-131.681,38.6051,-131.697,38.5912,-130.498,39.9278,-130.46,0.63
01_ch2_cla_l1_20240701T132117195_20240701T132125195.fits,14.916,-128.775,13.5574,-128.79,13.5464,-127.802,14.9049,-127.782,1.17
01_ch2_cla_l1_20240701T191450911_20240701T191458911.fits,3.6168,-132.179,2.2696,-132.196,2.2584,-131.247,3.6055,-131.229,0.02
01_ch2_cla_l1_20240701T093427848_20240701T093435848.fits,-4.1328,-126.846,-5.4838,-126.862,-5.4941,-125.916,-4.1431,-125.9,0.51
01_ch2_cla_l1_20240701T154153767_20240701T154201767.fits,-57.6466,-131.51,-58.8277,-131.583,-58.8446,-130.091,-57.663,-130.064,0.47
01_ch2_cla_l1_20240701T152913767_20240701T152921767.fits,-19.1354,-130.349,-20.4444,-130.37,-20.4554,-129.402,-19.1464,-129.388,0.66
01_ch2_cla_l1_20240701T172221826_20240701T172229826.fits,-8.7193,-131.271,-10.0503,-131.29,-10.0613,-130.345,-8.7302,-130.329,0.05
01_ch2_cla_l1_20240701T140053195_20240701T140101195.fits,-72.8341,52.2377,-73.8328,52.3117,-73.8098,54.3931,-72.8125,54.1964,0.49
01_ch2_cla_l1_20240701T145041767_20240701T145049767.fits,84.2394,40.4745,83.0821,42.2147,83.1535,48.5579,84.3254,48.1062,0.27
01_ch2_cla_l1_20240701T174309826_20240701T174317826.fits,-72.0293,-134.1,-73.1548,-134.319,-73.1833,-131.853,-72.0562,-131.778,0.02
01_ch2_cla_l1_20240701T115416112_20240701T115424112.fits,-74.8007,-131.267,-75.9097,-131.557,-75.9407,-128.693,-74.8297,-128.601,0.31
01_ch2_cla_l1_20240701T184146911_20240701T184154911.fits,77.7355,43.7359,76.5954,44.1583,76.6325,47.3175,77.776,47.1921,0.38
01_ch2_cla_l1_20240701T120208112_20240701T120216112.fits,-79.585,54.0014,-80.6033,54.1938,-80.5634,57.8625,-79.5491,57.3081,1.03
01_ch2_cla_l1_20240701T113712112_20240701T113720112.fits,-22.634,-128.224,-23.9339,-128.246,-23.9447,-127.264,-22.6447,-127.25,0.38
01_ch2_cla_l1_20240701T105520112_20240701T105528112.fits,77.6624,48.3268,76.5152,48.7272,76.5497,51.8988,77.7,51.7954,0.0
01_ch2_cla_l1_20240701T114936112_20240701T114944112.fits,-60.3992,-129.462,-61.5668,-129.544,-61.5841,-127.953,-60.416,-127.924,1.11
01_ch2_cla_l1_20240701T191922911_20240701T191930911.fits,-9.9879,-132.38,-11.3157,-132.4,-11.327,-131.454,-9.9992,-131.438,0.38
01_ch2_cla_l1_20240701T173941826_20240701T173949826.fits,-61.3447,-132.869,-62.5128,-132.961,-62.5318,-131.317,-61.3631,-131.284,0.04
01_ch2_cla_l1_20240701T111408112_20240701T111416112.fits,46.4958,-127.283,45.1612,-127.298,45.1469,-125.972,46.4811,-125.926,0.44
01_ch2_cla_l1_20240701T155105767_20240701T155113767.fits,-86.0125,-143.988,-87.0401,-149.049,-87.1868,-136.334,-86.1205,-134.526,1.17
01_ch2_cla_l1_20240701T155737767_20240701T155745767.fits,-72.3844,51.1553,-73.3843,51.2283,-73.3614,53.2594,-72.3628,53.0698,0.79
01_ch2_cla_l1_20240701T170317826_20240701T170325826.fits,48.3947,-130.476,47.0708,-130.494,47.0554,-129.138,48.3788,-129.087,1.18
01_ch2_cla_l1_20240701T100651848_20240701T100659848.fits,-75.4318,54.5487,-76.4337,54.6442,-76.4071,57.1284,-75.4071,56.8595,0.68
01_ch2_cla_l1_20240701T183922911_20240701T183930911.fits,70.3284,45.6539,69.2146,45.8207,69.2378,47.7985,70.3529,47.7441,0.46
01_ch2_cla_l1_20240701T153433767_20240701T153441767.fits,-35.2668,-130.679,-36.5283,-130.709,-36.5406,-129.642,-35.2788,-129.626,1.12
01_ch2_cla_l1_20240701T175421826_20240701T175429826.fits,-71.966,50.0828,-72.9671,50.1555,-72.9442,52.1427,-71.9444,51.9587,0.76
01_ch2_cla_l1_20240701T164837826_20240701T164845826.fits,88.1004,16.232,87.037,28.9829,87.2144,44.1297,88.3917,40.0937,0.85
01_ch2_cla_l1_20240701T111840112_20240701T111848112.fits,32.9252,-127.467,31.5709,-127.481,31.5587,-126.36,32.9128,-126.329,0.37
01_ch2_cla_l1_20240701T173509826_20240701T173517826.fits,-47.4576,-132.146,-48.6783,-132.192,-48.6926,-130.959,-47.4716,-130.94,0.9
01_ch2_cla_l1_20240701T112216112_20240701T112224112.fits,22.1621,-127.601,20.8017,-127.614,20.7904,-126.585,22.1507,-126.562,1.1
01_ch2_cla_l1_20240701T185442911_20240701T185450911.fits,63.9891,-131.187,62.7063,-131.22,62.684,-129.301,63.9658,-129.183,0.66
01_ch2_cla_l1_20240701T114112112_20240701T114120112.fits,-34.7408,-128.471,-36.004,-128.5,-36.0156,-127.439,-34.7523,-127.424,0.49
01_ch2_cla_l1_20240701T091459848_20240701T091507848.fits,54.1184,-126.084,52.7976,-126.101,52.7813,-124.579,54.1016,-124.515,0.8
01_ch2_cla_l1_20240701T184250911_20240701T184258911.fits,81.0087,41.9002,79.8591,42.6694,79.9089,46.9063,81.0649,46.6854,0.28
01_ch2_cla_l1_20240701T150641767_20240701T150649767.fits,48.3996,-129.404,47.0734,-129.422,47.0582,-128.062,48.384,-128.011,0.12
01_ch2_cla_l1_20240701T092123848_20240701T092131848.fits,34.9477,-126.36,33.5932,-126.373,33.5809,-125.226,34.9352,-125.194,0.86
01_ch2_cla_l1_20240701T191746911_20240701T191754911.fits,-5.1813,-132.306,-6.5174,-132.324,-6.5286,-131.382,-5.1925,-131.366,0.13
01_ch2_cla_l1_20240701T093731848_20240701T093739848.fits,-13.354,-126.978,-14.6781,-126.997,-14.6884,-126.043,-13.3643,-126.028,0.83
01_ch2_cla_l1_20240701T135717195_20240701T135725195.fits,-84.1016,54.3196,-85.1369,54.9845,-85.0567,62.1928,-84.0354,60.2797,0.08
01_ch2_cla_l1_20240701T094227848_20240701T094235848.fits,-28.2377,-127.235,-29.5214,-127.259,-29.5323,-126.248,-28.2485,-126.234,0.24
01_ch2_cla_l1_20240701T095659848_20240701T095707848.fits,-72.7068,-129.7,-73.8222,-129.921,-73.8492,-127.395,-72.7322,-127.326,1.06
01_ch2_cla_l1_20240701T110312112_20240701T110320112.fits,79.437,-126.107,78.1949,-126.233,78.1506,-122.151,79.3876,-121.561,1.19
01_ch2_cla_l1_20240701T140005196_20240701T140013195.fits,-75.3442,52.4363,-76.3509,52.537,-76.3233,55.0279,-75.3186,54.7539,0.9
01_ch2_cla_l1_20240701T145553767_20240701T145601767.fits,80.9801,-127.918,79.7481,-128.104,79.6961,-123.476,80.9212,-122.678,0.52
01_ch2_cla_l1_20240701T085531848_20240701T085539848.fits,67.7812,51.599,66.6694,51.7235,66.6883,53.489,67.801,53.4521,0.81
01_ch2_cla_l1_20240701T125613195_20240701T125621195.fits,89.1082,-112.927,88.8775,-61.9543,88.9176,-19.9227,89.7555,-54.1245,0.77
01_ch2_cla_l1_20240701T135613195_20240701T135621196.fits,-87.4185,58.2548,-88.4545,63.009,-88.2138,83.3309,-87.2679,71.5293,0.88
01_ch2_cla_l1_20240701T171621826_20240701T171629826.fits,9.2724,-131.018,7.9193,-131.033,7.9082,-130.07,9.2612,-130.051,1.18
01_ch2_cla_l1_20240701T174933826_20240701T174941826.fits,-86.9622,55.5134,-88.0044,58.9123,-87.8035,75.5151,-86.827,66.993,1.06
01_ch2_cla_l1_20240701T192050911_20240701T192058911.fits,-14.3998,-132.452,-15.7189,-132.473,-15.7302,-131.519,-14.4112,-131.504,0.44
01_ch2_cla_l1_20240701T090027848_20240701T090035848.fits,82.9633,45.8683,81.8,47.0374,81.8574,52.3978,83.0304,52.1237,0.88
01_ch2_cla_l1_20240701T193642911_20240701T193650911.fits,-62.6366,-134.092,-63.8011,-134.194,-63.8215,-132.484,-62.6563,-132.447,0.88
01_ch2_cla_l1_20240701T131517195_20240701T131525195.fits,32.859,-128.55,31.5069,-128.564,31.4946,-127.446,32.8465,-127.416,1.0
01_ch2_cla_l1_20240701T154441767_20240701T154449767.fits,-66.2592,-132.181,-67.4064,-132.307,-67.4281,-130.39,-66.28,-130.346,0.62
01_ch2_cla_l1_20240701T165709826_20240701T165717826.fits,66.8542,-130.04,65.5775,-130.078,65.5534,-127.965,66.8289,-127.822,0.74
01_ch2_cla_l1_20240701T134221195_20240701T134229195.fits,-48.62,-129.981,-49.8344,-130.027,-49.8484,-128.776,-48.6336,-128.757,0.52
01_ch2_cla_l1_20240701T125805195_20240701T125813195.fits,84.6484,-125.855,83.4281,-126.315,83.35,-119.258,84.553,-117.253,0.52
01_ch2_cla_l1_20240701T132309195_20240701T132317195.fits,9.331,-128.846,7.9752,-128.861,7.9645,-127.895,9.3202,-127.876,1.09
01_ch2_cla_l1_20240701T145633767_20240701T145641767.fits,78.9567,-128.221,77.7175,-128.35,77.6736,-124.437,78.9081,-123.886,0.38
01_ch2_cla_l1_20240701T154809767_20240701T154817767.fits,-76.9697,-134.161,-78.0726,-134.566,-78.1105,-131.216,-77.0046,-131.082,0.15
01_ch2_cla_l1_20240701T152921767_20240701T152929767.fits,-19.5375,-130.356,-20.8453,-130.377,-20.8564,-129.408,-19.5485,-129.393,0.69
01_ch2_cla_l1_20240701T091851848_20240701T091859848.fits,42.5274,-126.26,41.1833,-126.274,41.1699,-125.02,42.5137,-124.979,1.15
01_ch2_cla_l1_20240701T193826911_20240701T193834911.fits,-67.9743,-134.633,-69.1176,-134.785,-69.1421,-132.728,-67.9976,-132.673,0.31
01_ch2_cla_l1_20240701T172213826_20240701T172221826.fits,-8.3186,-131.265,-9.6503,-131.283,-9.6613,-130.339,-8.3296,-130.323,0.24
01_ch2_cla_l1_20240701T120016112_20240701T120024112.fits,-85.4147,56.1615,-86.4511,57.2901,-86.3435,67.0747,-85.3311,63.8032,0.39
01_ch2_cla_l1_20240701T174117826_20240701T174125826.fits,-66.2694,-133.306,-67.4181,-133.435,-67.4404,-131.512,-66.2907,-131.466,1.03
01_ch2_cla_l1_20240701T151537767_20240701T151545767.fits,21.6535,-129.775,20.2965,-129.789,20.2849,-128.767,21.6419,-128.744,0.4
01_ch2_cla_l1_20240701T151305767_20240701T151313767.fits,29.2306,-129.678,27.8775,-129.692,27.8653,-128.612,29.2184,-128.585,1.19
01_ch2_cla_l1_20240701T115608112_20240701T115616112.fits,-80.5814,-133.48,-81.6632,-134.239,-81.7137,-129.595,-80.6262,-129.354,0.82
01_ch2_cla_l1_20240701T113720112_20240701T113728112.fits,-23.0363,-128.231,-24.3354,-128.253,-24.3462,-127.27,-23.0471,-127.255,0.34
01_ch2_cla_l1_20240701T110456112_20240701T110504112.fits,74.1866,-126.55,72.9264,-126.611,72.8947,-123.697,74.1526,-123.415,1.03
01_ch2_cla_l1_20240701T131701195_20240701T131709195.fits,27.675,-128.616,26.3184,-128.63,26.3066,-127.562,27.663,-127.535,0.32
01_ch2_cla_l1_20240701T191810911_20240701T191818911.fits,-6.3825,-132.324,-7.7163,-132.343,-7.7276,-131.4,-6.3937,-131.384,1.17
01_ch2_cla_l1_20240701T184138911_20240701T184146911.fits,77.3253,43.8997,76.1865,44.2958,76.2224,47.3561,77.3645,47.238,0.53
01_ch2_cla_l1_20240701T093219848_20240701T093227848.fits,2.2534,-126.761,0.9018,-126.776,0.8915,-125.824,2.2431,-125.807,1.19
01_ch2_cla_l1_20240701T171445826_20240701T171453826.fits,14.0614,-130.955,12.7063,-130.97,12.695,-129.99,14.05,-129.969,0.67
01_ch2_cla_l1_20240701T115824112_20240701T115832112.fits,-87.5105,-149.976,-88.4398,-164.898,-88.722,-141.221,-87.6774,-135.054,0.33
01_ch2_cla_l1_20240701T130037196_20240701T130045196.fits,76.9597,-127.396,75.7112,-127.488,75.6735,-124.073,76.9186,-123.669,0.11
01_ch2_cla_l1_20240701T125629195_20240701T125637195.fits,89.4715,-101.898,88.3071,-120.297,88.0322,-96.6636,88.867,-62.9327,0.13
01_ch2_cla_l1_20240701T131253195_20240701T131301195.fits,40.042,-128.454,38.6987,-128.468,38.6854,-127.259,40.0284,-127.222,0.9
01_ch2_cla_l1_20240701T110328112_20240701T110336112.fits,78.6286,-126.199,77.3835,-126.31,77.3418,-122.471,78.5824,-121.955,0.2
01_ch2_cla_l1_20240701T154625767_20240701T154633767.fits,-71.6091,-132.89,-72.7345,-133.096,-72.7617,-130.688,-71.6347,-130.62,0.73
01_ch2_cla_l1_20240701T090155848_20240701T090203848.fits,87.3402,31.7839,86.2106,38.6175,86.3393,50.5209,87.5274,48.8609,1.02
01_ch2_cla_l1_20240701T195114911_20240701T195122911.fits,-71.0781,48.9879,-72.0773,49.0593,-72.0548,50.9496,-71.0575,50.7775,0.6
01_ch2_cla_l1_20240701T120200112_20240701T120208112.fits,-80.0022,54.0741,-81.0218,54.2838,-80.98,58.1303,-79.9647,57.525,0.94
01_ch2_cla_l1_20240701T092355848_20240701T092403848.fits,27.3742,-126.453,26.0136,-126.466,26.0021,-125.396,27.3626,-125.37,0.54
01_ch2_cla_l1_20240701T134045195_20240701T134053195.fits,-43.7374,-129.813,-44.9696,-129.852,-44.9826,-128.685,-43.7501,-128.667,0.89
01_ch2_cla_l1_20240701T095939848_20240701T095947848.fits,-80.9664,-132.564,-82.0441,-133.38,-82.0959,-128.544,-81.0121,-128.289,0.02
01_ch2_cla_l1_20240701T172229826_20240701T172237826.fits,-9.1201,-131.277,-10.4501,-131.296,-10.4611,-130.351,-9.131,-130.335,1.19
01_ch2_cla_l1_20240701T145049767_20240701T145057767.fits,84.6421,39.6832,83.4855,41.6727,83.5615,48.4228,84.735,47.9073,0.69
01_ch2_cla_l1_20240701T174301826_20240701T174309826.fits,-71.6174,-134.027,-72.7446,-134.237,-72.7725,-131.822,-71.6438,-131.75,1.19
01_ch2_cla_l1_20240701T165925826_20240701T165933826.fits,60.0191,-130.242,58.7228,-130.268,58.7032,-128.545,59.9987,-128.455,1.04
01_ch2_cla_l1_20240701T145753767_20240701T145801767.fits,74.9152,-128.596,73.662,-128.669,73.6282,-125.655,74.8787,-125.343,0.97
01_ch2_cla_l1_20240701T100539848_20240701T100547848.fits,-79.1933,54.9793,-80.2079,55.1515,-80.1706,58.6507,-79.1595,58.1464,0.59
01_ch2_cla_l1_20240701T095507848_20240701T095515848.fits,-66.938,-128.899,-68.0774,-129.027,-68.0983,-127.075,-66.958,-127.034,0.29
01_ch2_cla_l1_20240701T113544112_20240701T113552112.fits,-18.2099,-128.147,-19.5217,-128.168,-19.5323,-127.202,-18.2204,-127.188,0.08
01_ch2_cla_l1_20240701T090235848_20240701T090243848.fits,88.9074,-13.4521,88.0929,22.056,88.3667,46.3291,89.5278,26.6726,0.72
01_ch2_cla_l1_20240701T174653826_20240701T174701826.fits,-83.568,-139.822,-84.6354,-141.608,-84.7185,-134.461,-83.6374,-133.843,0.6
01_ch2_cla_l1_20240701T093603848_20240701T093611848.fits,-8.945,-126.913,-10.2782,-126.93,-10.2885,-125.982,-8.9552,-125.968,0.55
01_ch2_cla_l1_20240701T092011848_20240701T092019848.fits,38.5371,-126.314,37.1871,-126.327,37.1744,-125.134,38.5241,-125.099,0.97
01_ch2_cla_l1_20240701T132917196_20240701T132925196.fits,-9.0568,-129.096,-10.3885,-129.114,-10.3991,-128.167,-9.0674,-128.152,1.01
01_ch2_cla_l1_20240701T105744112_20240701T105752112.fits,84.9869,41.3037,83.8268,43.5162,83.905,50.6922,85.0837,50.1599,0.06
01_ch2_cla_l1_20240701T170101826_20240701T170109826.fits,55.204,-130.35,53.8954,-130.371,53.8778,-128.831,55.1859,-128.762,0.58
01_ch2_cla_l1_20240701T130245195_20240701T130253195.fits,70.5041,-127.788,69.2343,-127.833,69.2073,-125.39,70.4756,-125.197,0.46
01_ch2_cla_l1_20240701T191314911_20240701T191322911.fits,8.4097,-132.113,7.0587,-132.129,7.0474,-131.17,8.3984,-131.151,0.75
01_ch2_cla_l1_20240701T144945767_20240701T144953767.fits,81.399,43.9354,80.2444,44.7529,80.2943,49.189,81.4556,48.9729,1.14
01_ch2_cla_l1_20240701T170453826_20240701T170501826.fits,43.5948,-130.554,42.2616,-130.57,42.2474,-129.309,43.5801,-129.267,0.5
01_ch2_cla_l1_20240701T094035848_20240701T094043848.fits,-22.5958,-127.129,-23.8963,-127.151,-23.9069,-126.169,-22.6063,-126.155,0.99
01_ch2_cla_l1_20240701T153249767_20240701T153257767.fits,-30.0121,-130.558,-31.2908,-130.585,-31.3024,-129.561,-30.0236,-129.546,0.02
01_ch2_cla_l1_20240701T091707848_20240701T091715848.fits,47.7194,-126.186,46.3849,-126.201,46.3704,-124.846,47.7046,-124.798,0.52
01_ch2_cla_l1_20240701T194818911_20240701T194826911.fits,-80.2616,50.0804,-81.2916,50.3416,-81.2437,54.3757,-80.2188,53.6863,0.74
01_ch2_cla_l1_20240701T114656112_20240701T114704112.fits,-52.2169,-129.022,-53.4166,-129.076,-53.4311,-127.748,-52.231,-127.727,0.8
01_ch2_cla_l1_20240701T193954911_20240701T194002911.fits,-72.5006,-135.335,-73.6257,-135.57,-73.6559,-133.035,-72.5289,-132.952,1.11
01_ch2_cla_l1_20240701T112000112_20240701T112008112.fits,28.9383,-127.518,27.5808,-127.531,27.569,-126.449,28.9264,-126.422,0.89
01_ch2_cla_l1_20240701T150425767_20240701T150433767.fits,55.2067,-129.282,53.8957,-129.303,53.8785,-127.759,55.1889,-127.689,0.63
01_ch2_cla_l1_20240701T114128112_20240701T114136112.fits,-35.5502,-128.49,-36.8104,-128.52,-36.8222,-127.451,-35.5618,-127.436,0.6
01_ch2_cla_l1_20240701T185834911_20240701T185842911.fits,52.3462,-131.471,51.0329,-131.491,51.0161,-130.041,52.3288,-129.98,0.67
01_ch2_cla_l1_20240701T135053195_20240701T135101195.fits,-74.8692,-132.419,-75.9792,-132.715,-76.0111,-129.83,-74.8989,-129.734,1.09
01_ch2_cla_l1_20240701T192338911_20240701T192346911.fits,-22.8401,-132.603,-24.1392,-132.627,-24.1509,-131.645,-22.8518,-131.629,0.96
01_ch2_cla_l1_20240701T133021195_20240701T133029195.fits,-12.2635,-129.144,-13.5886,-129.163,-13.5992,-128.212,-12.2741,-128.198,0.59
01_ch2_cla_l1_20240701T192922911_20240701T192930911.fits,-40.2103,-133.011,-41.4569,-133.048,-41.4704,-131.926,-40.2235,-131.908,0.73
01_ch2_cla_l1_20240701T144737767_20240701T144745767.fits,74.8449,46.9737,73.7113,47.246,73.7403,49.8274,74.8761,49.7493,0.94
01_ch2_cla_l1_20240701T175013826_20240701T175021826.fits,-84.8918,52.9058,-85.9336,53.9011,-85.8326,62.5579,-84.8112,59.8435,1.08
01_ch2_cla_l1_20240701T150433767_20240701T150441767.fits,54.8059,-129.29,53.4939,-129.31,53.4768,-127.779,54.7882,-127.711,0.28
01_ch2_cla_l1_20240701T131021195_20240701T131029196.fits,47.6333,-128.342,46.3032,-128.358,46.2884,-127.012,47.6182,-126.963,0.42
01_ch2_cla_l1_20240701T112408112_20240701T112416112.fits,16.5813,-127.669,15.2208,-127.683,15.2099,-126.686,16.5704,-126.665,0.64
01_ch2_cla_l1_20240701T173317826_20240701T173325826.fits,-41.7673,-131.955,-43.0082,-131.993,-43.0215,-130.851,-41.7804,-130.834,0.03
01_ch2_cla_l1_20240701T114520112_20240701T114528112.fits,-47.3241,-128.831,-48.5425,-128.875,-48.5558,-127.649,-47.3372,-127.632,0.85
01_ch2_cla_l1_20240701T170941826_20240701T170949826.fits,29.22,-130.758,27.8686,-130.772,27.8564,-129.695,29.2075,-129.667,0.02
01_ch2_cla_l1_20240701T105936112_20240701T105944112.fits,89.1561,-111.724,88.9038,-58.8296,88.9099,-16.2623,89.7751,-41.8127,0.11
01_ch2_cla_l1_20240701T092459848_20240701T092507848.fits,24.1864,-126.492,22.8245,-126.505,22.8132,-125.46,24.175,-125.436,0.89
01_ch2_cla_l1_20240701T170509826_20240701T170517826.fits,42.7953,-130.566,41.4609,-130.582,41.4467,-129.335,42.7809,-129.294,0.86
01_ch2_cla_l1_20240701T111216112_20240701T111224112.fits,52.0943,-127.194,50.7715,-127.211,50.7557,-125.752,52.0781,-125.693,0.08
01_ch2_cla_l1_20240701T112840112_20240701T112848112.fits,3.0162,-127.84,1.665,-127.855,1.6545,-126.903,3.0057,-126.886,0.85
01_ch2_cla_l1_20240701T194442911_20240701T194450911.fits,-87.2504,-153.523,-88.2038,-166.124,-88.4716,-145.338,-87.4179,-139.834,0.38
01_ch2_cla_l1_20240701T164421826_20240701T164429826.fits,75.2393,45.7338,74.106,46.0238,74.1363,48.6671,75.2719,48.5815,1.16
01_ch2_cla_l1_20240701T153641767_20240701T153649767.fits,-41.7517,-130.853,-42.9919,-130.891,-43.0048,-129.75,-41.7644,-129.733,1.03
01_ch2_cla_l1_20240701T091123848_20240701T091131848.fits,64.9449,-125.852,63.653,-125.88,63.6316,-123.876,64.9225,-123.754,0.36
01_ch2_cla_l1_20240701T130413195_20240701T130421195.fits,66.0761,-127.951,64.7925,-127.983,64.7697,-125.914,66.0523,-125.781,0.37
01_ch2_cla_l1_20240701T192746911_20240701T192754911.fits,-35.3497,-132.878,-36.6122,-132.911,-36.625,-131.841,-35.3623,-131.825,0.7
01_ch2_cla_l1_20240701T090731848_20240701T090739848.fits,76.6234,-125.338,75.369,-125.417,75.3331,-122.056,76.5842,-121.675,0.17
01_ch2_cla_l1_20240701T172621826_20240701T172629826.fits,-20.7614,-131.471,-22.0658,-131.493,-22.0771,-130.52,-20.7726,-130.505,0.6
01_ch2_cla_l1_20240701T115016112_20240701T115024112.fits,-62.4504,-129.609,-63.6096,-129.703,-63.628,-128.017,-62.468,-127.985,0.1
01_ch2_cla_l1_20240701T184546911_20240701T184554911.fits,89.7078,-58.7994,88.4683,4.6443,88.8611,34.3079,89.2496,26.7034,0.22
01_ch2_cla_l1_20240701T145441767_20240701T145449767.fits,84.6259,-126.824,83.4079,-127.304,83.3289,-120.289,84.5296,-118.283,0.21
01_ch2_cla_l1_20240701T174709826_20240701T174717826.fits,-84.3873,-141.122,-85.4462,-143.523,-85.5438,-135.148,-84.4664,-134.307,0.48
01_ch2_cla_l1_20240701T130517195_20240701T130525196.fits,62.8605,-128.042,61.5675,-128.069,61.5469,-126.198,62.8391,-126.091,1.07
01_ch2_cla_l1_20240701T165933826_20240701T165941826.fits,59.6175,-130.252,58.3202,-130.277,58.3008,-128.572,59.5973,-128.484,0.83
01_ch2_cla_l1_20240701T113312112_20240701T113320112.fits,-10.585,-128.028,-11.9143,-128.046,-11.9247,-127.097,-10.5954,-127.082,0.34
01_ch2_cla_l1_20240701T094531848_20240701T094539848.fits,-37.5377,-127.442,-38.7909,-127.473,-38.8026,-126.385,-37.5492,-126.37,0.15
01_ch2_cla_l1_20240701T095323848_20240701T095331848.fits,-61.5959,-128.436,-62.7569,-128.523,-62.7745,-126.882,-61.6128,-126.852,0.72
01_ch2_cla_l1_20240701T140101195_20240701T140109195.fits,-72.4154,52.2095,-73.4129,52.2801,-73.3905,54.3054,-72.3943,54.1185,0.21
01_ch2_cla_l1_20240701T191050911_20240701T191058911.fits,15.5947,-132.017,14.2406,-132.032,14.2291,-131.047,15.583,-131.025,0.97
01_ch2_cla_l1_20240701T093027848_20240701T093035848.fits,7.8417,-126.69,6.4841,-126.705,6.4737,-125.74,7.8313,-125.722,0.69
01_ch2_cla_l1_20240701T190642911_20240701T190650911.fits,27.9634,-131.852,26.6131,-131.867,26.6007,-130.803,27.9509,-130.775,0.93
01_ch2_cla_l1_20240701T132517195_20240701T132525195.fits,2.9433,-128.929,1.5935,-128.944,1.5828,-127.993,2.9327,-127.976,0.67
01_ch2_cla_l1_20240701T154553767_20240701T154601767.fits,-69.9616,-132.633,-71.0938,-132.807,-71.1189,-130.581,-69.9855,-130.522,0.89
01_ch2_cla_l1_20240701T165117826_20240701T165125826.fits,84.6328,-127.761,83.4171,-128.269,83.3367,-121.266,84.5348,-119.239,0.9
01_ch2_cla_l1_20240701T151921767_20240701T151929767.fits,10.4845,-129.917,9.1295,-129.932,9.1185,-128.964,10.4736,-128.945,1.04
01_ch2_cla_l1_20240701T092851848_20240701T092859848.fits,12.6279,-126.631,11.2671,-126.645,11.2565,-125.664,12.6172,-125.645,0.22
01_ch2_cla_l1_20240701T190826911_20240701T190834911.fits,22.7765,-131.921,21.4233,-131.936,21.4113,-130.911,22.7643,-130.887,0.32
01_ch2_cla_l1_20240701T131309195_20240701T131317195.fits,39.2435,-128.465,37.8994,-128.479,37.8862,-127.282,39.2301,-127.245,0.18
01_ch2_cla_l1_20240701T115832112_20240701T115840112.fits,-87.8902,-154.251,-88.7455,-176.418,-89.1198,-147.623,-88.0895,-136.685,0.27
01_ch2_cla_l1_20240701T100147848_20240701T100155848.fits,-87.4896,-148.404,-88.4233,-162.83,-88.6956,-139.437,-87.6516,-133.654,0.76
01_ch2_cla_l1_20240701T145809767_20240701T145817767.fits,74.1077,-128.65,72.8519,-128.717,72.8195,-125.83,74.073,-125.548,0.72
01_ch2_cla_l1_20240701T110720112_20240701T110728112.fits,66.9363,-126.86,65.6528,-126.893,65.6296,-124.757,66.912,-124.615,0.46
01_ch2_cla_l1_20240701T125901196_20240701T125909195.fits,81.813,-126.749,80.5819,-126.96,80.5264,-121.934,81.7494,-120.991,0.25
01_ch2_cla_l1_20240701T152537767_20240701T152545767.fits,-8.3017,-130.175,-9.6339,-130.193,-9.6447,-129.248,-8.3124,-129.233,1.08
01_ch2_cla_l1_20240701T152305767_20240701T152313767.fits,-0.6983,-130.066,-2.0427,-130.083,-2.0534,-129.137,-0.7091,-129.121,0.8
01_ch2_cla_l1_20240701T125221195_20240701T125229195.fits,78.9337,46.6386,77.7841,47.1373,77.8228,50.6493,78.9765,50.5185,0.38
01_ch2_cla_l1_20240701T154633767_20240701T154641767.fits,-72.0212,-132.962,-73.1448,-133.176,-73.1726,-130.718,-72.0473,-130.646,1.12
01_ch2_cla_l1_20240701T171213826_20240701T171221826.fits,21.6411,-130.857,20.2856,-130.871,20.2739,-129.852,21.6292,-129.828,1.1
01_ch2_cla_l1_20240701T145625767_20240701T145633767.fits,79.3613,-128.169,78.1235,-128.307,78.0782,-124.27,79.3109,-123.68,0.82
01_ch2_cla_l1_20240701T133605196_20240701T133613196.fits,-29.562,-129.452,-30.8418,-129.479,-30.8533,-128.458,-29.5733,-128.443,1.14
01_ch2_cla_l1_20240701T090219848_20240701T090227848.fits,88.4051,14.8071,87.3674,31.4952,87.5576,48.8351,88.7443,43.9649,1.1
01_ch2_cla_l1_20240701T172445826_20240701T172453826.fits,-15.9387,-131.387,-17.255,-131.407,-17.2661,-130.449,-15.9498,-130.434,1.13
01_ch2_cla_l1_20240701T192810911_20240701T192818911.fits,-36.5636,-132.91,-37.8224,-132.943,-37.8354,-131.862,-36.5764,-131.845,0.38
01_ch2_cla_l1_20240701T113456112_20240701T113504112.fits,-15.7998,-128.108,-17.1176,-128.128,-17.1281,-127.169,-15.8103,-127.155,0.49
01_ch2_cla_l1_20240701T100515848_20240701T100523848.fits,-80.4454,55.193,-81.4639,55.4163,-81.4208,59.4518,-80.4069,58.795,0.08
01_ch2_cla_l1_20240701T132701195_20240701T132709195.fits,-2.2523,-128.999,-3.5956,-129.015,-3.6061,-128.07,-2.2629,-128.054,0.57
01_ch2_cla_l1_20240701T115200112_20240701T115208112.fits,-67.7936,-130.109,-68.9311,-130.249,-68.9531,-128.227,-67.8145,-128.182,0.15
01_ch2_cla_l1_20240701T113328112_20240701T113336112.fits,-11.3868,-128.04,-12.7144,-128.058,-12.7249,-127.108,-11.3972,-127.093,0.54
01_ch2_cla_l1_20240701T093155848_20240701T093203848.fits,3.4513,-126.746,2.0983,-126.76,2.0879,-125.806,3.4409,-125.789,0.51
01_ch2_cla_l1_20240701T095915848_20240701T095923848.fits,-79.7275,-131.845,-80.8116,-132.471,-80.8567,-128.246,-79.768,-128.052,0.18
01_ch2_cla_l1_20240701T132253195_20240701T132301195.fits,10.129,-128.836,8.7728,-128.85,8.762,-127.882,10.1182,-127.863,1.11
01_ch2_cla_l1_20240701T195138911_20240701T195146911.fits,-69.8207,48.9123,-70.8175,48.9741,-70.7966,50.7322,-69.8009,50.5831,0.25
01_ch2_cla_l1_20240701T130701195_20240701T130709196.fits,57.6432,-128.163,56.3359,-128.184,56.318,-126.55,57.6246,-126.472,0.15
01_ch2_cla_l1_20240701T165653826_20240701T165701826.fits,67.6595,-130.011,66.3853,-130.051,66.3605,-127.877,67.6334,-127.723,0.25
01_ch2_cla_l1_20240701T171229826_20240701T171237826.fits,20.843,-130.867,19.4875,-130.882,19.4759,-129.867,20.8312,-129.844,1.08
01_ch2_cla_l1_20240701T091355848_20240701T091403848.fits,57.3222,-126.025,56.0093,-126.045,55.9919,-124.414,57.3042,-124.338,1.07
01_ch2_cla_l1_20240701T090603848_20240701T090611848.fits,81.0685,-124.849,79.83,-125.013,79.7796,-120.308,81.0114,-119.513,1.03
01_ch2_cla_l1_20240701T091011848_20240701T091019848.fits,68.5634,-125.742,67.2823,-125.777,67.258,-123.505,68.5377,-123.344,0.53
01_ch2_cla_l1_20240701T110544112_20240701T110552112.fits,71.7674,-126.676,70.4991,-126.724,70.471,-124.135,71.7375,-123.918,0.2
01_ch2_cla_l1_20240701T154049767_20240701T154057767.fits,-54.3754,-131.334,-55.5693,-131.395,-55.585,-130.006,-54.3908,-129.982,0.75
01_ch2_cla_l1_20240701T165301826_20240701T165309826.fits,79.3667,-129.182,78.1312,-129.328,78.0852,-125.301,79.3155,-124.705,1.13
01_ch2_cla_l1_20240701T093235848_20240701T093243848.fits,1.4545,-126.771,0.1038,-126.787,0.0935,-125.836,1.4442,-125.819,0.24
01_ch2_cla_l1_20240701T154753767_20240701T154801767.fits,-76.1446,-133.903,-77.2508,-134.261,-77.2865,-131.108,-76.1775,-130.99,0.71
01_ch2_cla_l1_20240701T174925826_20240701T174933826.fits,-87.3747,56.5245,-88.4137,61.471,-88.1668,81.3597,-87.2189,69.6519,0.09
01_ch2_cla_l1_20240701T184114911_20240701T184122911.fits,76.0936,44.334,74.9591,44.6643,74.9919,47.4603,76.1291,47.3605,0.39
01_ch2_cla_l1_20240701T125045195_20240701T125053195.fits,74.009,48.3087,72.8768,48.5514,72.9039,51.0045,74.038,50.9362,0.19
01_ch2_cla_l1_20240701T124949195_20240701T124957195.fits,71.1265,48.888,70.005,49.0627,70.0279,51.1395,71.1507,51.0882,0.4
01_ch2_cla_l1_20240701T192314911_20240701T192322911.fits,-21.6327,-132.58,-22.9348,-132.604,-22.9465,-131.626,-21.6443,-131.611,0.8
01_ch2_cla_l1_20240701T185818911_20240701T185826911.fits,53.1477,-131.455,51.8365,-131.476,51.8194,-130.003,53.1301,-129.939,0.07
01_ch2_cla_l1_20240701T175029826_20240701T175037826.fits,-84.0614,52.3692,-85.1011,53.0824,-85.0172,60.2889,-83.9921,58.3337,0.39
01_ch2_cla_l1_20240701T131917196_20240701T131925196.fits,20.8969,-128.701,19.5381,-128.715,19.5268,-127.696,20.8855,-127.673,1.03
01_ch2_cla_l1_20240701T173101826_20240701T173109826.fits,-34.8787,-131.768,-36.1425,-131.798,-36.1549,-130.734,-34.8909,-130.718,0.66
01_ch2_cla_l1_20240701T092707848_20240701T092715848.fits,17.8103,-126.568,16.4476,-126.582,16.4368,-125.577,17.7994,-125.556,0.69
01_ch2_cla_l1_20240701T173453826_20240701T173501826.fits,-46.6436,-132.116,-47.8672,-132.161,-47.8813,-130.943,-46.6575,-130.924,0.18
01_ch2_cla_l1_20240701T125157196_20240701T125205196.fits,77.705,47.1787,76.5596,47.5851,76.5946,50.7597,77.7433,50.6514,1.18
01_ch2_cla_l1_20240701T150249767_20240701T150257767.fits,60.0202,-129.178,58.7215,-129.203,58.7022,-127.476,60.0002,-127.386,0.31
01_ch2_cla_l1_20240701T114744112_20240701T114752112.fits,-54.6678,-129.135,-55.858,-129.195,-55.8732,-127.802,-54.6826,-127.78,0.86
01_ch2_cla_l1_20240701T095211848_20240701T095219848.fits,-57.906,-128.2,-59.0823,-128.27,-59.0982,-126.778,-57.9216,-126.753,1.04
01_ch2_cla_l1_20240701T094403848_20240701T094411848.fits,-33.0848,-127.337,-34.3531,-127.364,-34.3644,-126.318,-33.0959,-126.303,0.2
01_ch2_cla_l1_20240701T194834911_20240701T194842911.fits,-79.4286,49.9085,-80.456,50.1284,-80.4124,53.7976,-79.3893,53.2192,1.14
01_ch2_cla_l1_20240701T144857767_20240701T144905767.fits,78.9478,45.4904,77.8001,45.9949,77.8394,49.5027,78.9913,49.3658,1.14
01_ch2_cla_l1_20240701T130429195_20240701T130437195.fits,65.2719,-127.975,63.9858,-128.006,63.9636,-125.992,65.2487,-125.866,0.5
01_ch2_cla_l1_20240701T094019848_20240701T094027848.fits,-21.7907,-127.115,-23.0935,-127.137,-23.1041,-126.158,-21.8012,-126.144,0.54
01_ch2_cla_l1_20240701T150953767_20240701T151001767.fits,38.808,-129.549,37.4651,-129.564,37.4518,-128.376,38.7945,-128.339,0.18
01_ch2_cla_l1_20240701T191338911_20240701T191346911.fits,7.2118,-132.13,5.8616,-132.145,5.8503,-131.19,7.2005,-131.171,0.67
01_ch2_cla_l1_20240701T105656112_20240701T105704112.fits,82.5624,45.1659,81.4017,46.226,81.4571,51.3141,82.6265,51.0559,0.51
01_ch2_cla_l1_20240701T125357196_20240701T125405195.fits,83.8212,42.3699,82.6616,43.8824,82.7278,49.8655,83.8999,49.4878,1.03
01_ch2_cla_l1_20240701T153425767_20240701T153433767.fits,-34.8621,-130.669,-36.1255,-130.699,-36.1377,-129.636,-34.874,-129.62,0.81
01_ch2_cla_l1_20240701T111000112_20240701T111008112.fits,58.9046,-127.066,57.5982,-127.087,57.5799,-125.399,58.8856,-125.315,0.7
01_ch2_cla_l1_20240701T164645826_20240701T164653826.fits,82.6044,41.6138,81.4497,42.7148,81.508,47.7914,82.6719,47.4918,0.75
01_ch2_cla_l1_20240701T132829195_20240701T132837195.fits,-6.6536,-129.061,-7.9897,-129.078,-8.0002,-128.133,-6.6642,-128.118,0.24
01_ch2_cla_l1_20240701T195002911_20240701T195010911.fits,-74.8395,49.2879,-75.852,49.3944,-75.8232,51.8238,-74.8126,51.5535,1.01
01_ch2_cla_l1_20240701T194610911_20240701T194618911.fits,-86.9038,54.6276,-87.9471,58.0424,-87.7455,74.2481,-86.7669,65.9245,0.82
01_ch2_cla_l1_20240701T134901195_20240701T134909195.fits,-69.0986,-131.389,-70.2326,-131.548,-70.2562,-129.41,-69.1211,-129.357,0.78
01_ch2_cla_l1_20240701T152201767_20240701T152209767.fits,2.4991,-130.023,1.1508,-130.038,1.14,-129.089,2.4883,-129.072,0.59
01_ch2_cla_l1_20240701T135805196_20240701T135813196.fits,-81.6045,53.3971,-82.6319,53.7087,-82.5795,58.4442,-81.5585,57.5515,1.05
01_ch2_cla_l1_20240701T193306911_20240701T193314911.fits,-51.5962,-133.423,-52.8025,-133.479,-52.8183,-132.158,-51.6116,-132.134,0.38
01_ch2_cla_l1_20240701T110624112_20240701T110632112.fits,69.7533,-126.761,68.4785,-126.801,68.4528,-124.426,69.726,-124.247,0.34
01_ch2_cla_l1_20240701T154329767_20240701T154337767.fits,-62.5634,-131.845,-63.7253,-131.942,-63.7446,-130.244,-62.5819,-130.209,0.32
01_ch2_cla_l1_20240701T184434911_20240701T184442911.fits,86.2517,32.188,85.1112,36.0906,85.2179,45.1144,86.3922,43.9975,0.53
01_ch2_cla_l1_20240701T154457767_20240701T154505767.fits,-67.0815,-132.269,-68.2253,-132.404,-68.2477,-130.428,-67.1029,-130.381,1.15
01_ch2_cla_l1_20240701T171149826_20240701T171157826.fits,22.8374,-130.841,21.4825,-130.856,21.4707,-129.828,22.8256,-129.804,0.24
01_ch2_cla_l1_20240701T093715848_20240701T093723848.fits,-12.552,-126.966,-13.8778,-126.984,-13.8881,-126.032,-12.5623,-126.017,0.37
01_ch2_cla_l1_20240701T151825767_20240701T151833767.fits,13.2776,-129.882,11.921,-129.896,11.91,-128.917,13.2665,-128.897,0.02
01_ch2_cla_l1_20240701T100035848_20240701T100043848.fits,-83.8517,-135.366,-84.9096,-137.208,-84.9893,-129.792,-83.9176,-129.207,1.09
01_ch2_cla_l1_20240701T113048112_20240701T113056112.fits,-3.3785,-127.925,-4.721,-127.941,-4.7314,-126.996,-3.3888,-126.98,0.09
01_ch2_cla_l1_20240701T090739848_20240701T090747848.fits,76.2197,-125.368,74.964,-125.442,74.9289,-122.164,76.1815,-121.804,0.06
01_ch2_cla_l1_20240701T113752112_20240701T113800112.fits,-24.6473,-128.26,-25.9419,-128.283,-25.9528,-127.292,-24.6581,-127.278,0.1
01_ch2_cla_l1_20240701T134549195_20240701T134557195.fits,-59.242,-130.497,-60.4153,-130.575,-60.4325,-129.027,-59.2586,-128.999,0.52
01_ch2_cla_l1_20240701T145545767_20240701T145553767.fits,81.385,-127.841,80.1545,-128.044,80.1005,-123.237,81.3235,-122.37,0.35
01_ch2_cla_l1_20240701T171853826_20240701T171901826.fits,1.6839,-131.12,0.3374,-131.137,0.3265,-130.19,1.6729,-130.173,0.73
01_ch2_cla_l1_20240701T172725826_20240701T172733826.fits,-23.9808,-131.531,-25.277,-131.555,-25.2885,-130.567,-23.9923,-130.552,0.06
01_ch2_cla_l1_20240701T094539848_20240701T094547848.fits,-37.9431,-127.452,-39.1949,-127.483,-39.2066,-126.391,-37.9546,-126.376,1.0
01_ch2_cla_l1_20240701T153745767_20240701T153753767.fits,-45.0018,-130.955,-46.2304,-130.997,-46.2439,-129.809,-45.0151,-129.79,0.02
01_ch2_cla_l1_20240701T164525826_20240701T164533826.fits,78.5223,44.547,77.3779,45.0208,77.4166,48.396,78.5648,48.2622,0.8
01_ch2_cla_l1_20240701T192554911_20240701T192602911.fits,-29.692,-132.744,-30.972,-132.772,-30.9842,-131.75,-29.7041,-131.734,0.8
01_ch2_cla_l1_20240701T112944112_20240701T112952112.fits,-0.1801,-127.882,-1.5273,-127.897,-1.5377,-126.95,-0.1905,-126.933,1.12
01_ch2_cla_l1_20240701T105248112_20240701T105256112.fits,69.8478,50.2079,68.7297,50.3601,68.7508,52.3073,69.8701,52.2628,0.78
01_ch2_cla_l1_20240701T191618911_20240701T191626911.fits,-0.7803,-132.241,-2.1225,-132.259,-2.1336,-131.316,-0.7915,-131.299,1.1
01_ch2_cla_l1_20240701T130749195_20240701T130757195.fits,55.2519,-128.211,53.925,-128.23,53.9079,-126.682,55.2343,-126.612,0.15
01_ch2_cla_l1_20240701T094907848_20240701T094915848.fits,-48.5096,-127.772,-49.7225,-127.817,-49.7359,-126.572,-48.5227,-126.553,0.72
01_ch2_cla_l1_20240701T170845826_20240701T170853826.fits,32.0131,-130.72,30.6642,-130.735,30.6516,-129.631,32.0003,-129.601,0.2
01_ch2_cla_l1_20240701T150129767_20240701T150137767.fits,64.0373,-129.074,62.7499,-129.104,62.7283,-127.171,64.0147,-127.055,0.43
01_ch2_cla_l1_20240701T114424112_20240701T114432112.fits,-44.4757,-128.736,-45.7047,-128.775,-45.7176,-127.598,-44.4884,-127.581,0.14
01_ch2_cla_l1_20240701T085515848_20240701T085523848.fits,66.9549,51.6971,65.8466,51.8127,65.8648,53.5129,66.974,53.4783,1.14
01_ch2_cla_l1_20240701T111856112_20240701T111904112.fits,32.1276,-127.478,30.7727,-127.491,30.7606,-126.378,32.1154,-126.349,0.95
01_ch2_cla_l1_20240701T192634911_20240701T192642911.fits,-31.7111,-132.79,-32.985,-132.819,-32.9974,-131.782,-31.7234,-131.766,0.64
01_ch2_cla_l1_20240701T190410911_20240701T190418911.fits,35.5477,-131.746,34.2048,-131.762,34.1915,-130.621,35.5342,-130.587,0.99
01_ch2_cla_l1_20240701T191202911_20240701T191210911.fits,12.0028,-132.065,10.6498,-132.08,10.6383,-131.11,11.9913,-131.09,1.15
01_ch2_cla_l1_20240701T185106911_20240701T185114911.fits,74.8744,-130.661,73.6256,-130.743,73.5907,-127.751,74.8367,-127.436,0.51
01_ch2_cla_l1_20240701T175349826_20240701T175357826.fits,-73.6392,50.2065,-74.6456,50.294,-74.62,52.5129,-73.6152,52.2873,0.54
01_ch2_cla_l1_20240701T134109196_20240701T134117196.fits,-44.957,-129.852,-46.1849,-129.893,-46.1981,-128.707,-44.9699,-128.689,0.62
01_ch2_cla_l1_20240701T150657767_20240701T150705767.fits,47.5994,-129.417,46.2715,-129.434,46.2565,-128.092,47.584,-128.043,0.32
01_ch2_cla_l1_20240701T173757826_20240701T173805826.fits,-56.0233,-132.53,-57.212,-132.598,-57.2287,-131.157,-56.0396,-131.131,0.33
01_ch2_cla_l1_20240701T133125195_20240701T133133195.fits,-15.4734,-129.195,-16.7913,-129.215,-16.8021,-128.258,-15.4841,-128.243,0.86
01_ch2_cla_l1_20240701T111736112_20240701T111744112.fits,36.1158,-127.426,34.7651,-127.44,34.7525,-126.282,36.103,-126.249,1.0
01_ch2_cla_l1_20240701T111104112_20240701T111112112.fits,55.6979,-127.13,54.3835,-127.149,54.3665,-125.58,55.6804,-125.51,0.4
01_ch2_cla_l1_20240701T164741826_20240701T164749826.fits,85.4279,36.4912,84.2769,39.1809,84.3655,46.8752,85.5395,46.1474,0.08
01_ch2_cla_l1_20240701T155409767_20240701T155417767.fits,-83.2347,52.933,-84.2698,53.4462,-84.2002,59.5849,-83.1758,58.1392,0.17
01_ch2_cla_l1_20240701T134357195_20240701T134405195.fits,-53.5151,-130.186,-54.7107,-130.243,-54.7259,-128.88,-53.5299,-128.858,0.63
01_ch2_cla_l1_20240701T135501196_20240701T135509195.fits,-87.5663,-151.921,-88.4854,-167.915,-88.7853,-143.533,-87.7412,-136.615,0.24
01_ch2_cla_l1_20240701T153521767_20240701T153529767.fits,-37.6962,-130.74,-38.9504,-130.773,-38.9628,-129.681,-37.7085,-129.665,0.86
01_ch2_cla_l1_20240701T091243848_20240701T091251848.fits,60.9305,-125.951,59.6272,-125.973,59.6081,-124.19,60.9107,-124.097,0.87
01_ch2_cla_l1_20240701T090451848_20240701T090459848.fits,84.7116,-123.877,83.487,-124.304,83.4102,-117.144,84.6175,-115.122,0.44
01_ch2_cla_l1_20240701T185258911_20240701T185306911.fits,69.2241,-130.991,67.9571,-131.039,67.9303,-128.738,69.1958,-128.562,0.08
01_ch2_cla_l1_20240701T192426911_20240701T192434911.fits,-25.2564,-132.651,-26.5496,-132.676,-26.5613,-131.682,-25.2682,-131.666,1.15
01_ch2_cla_l1_20240701T194722911_20240701T194730911.fits,-83.1736,50.9965,-84.2129,51.5498,-84.1399,57.6694,-83.1117,56.1931,1.11
01_ch2_cla_l1_20240701T134237195_20240701T134245196.fits,-49.4351,-130.012,-50.6465,-130.06,-50.6606,-128.792,-49.4489,-128.773,1.09
01_ch2_cla_l1_20240701T195130911_20240701T195138911.fits,-70.2393,48.9371,-71.2375,49.0012,-71.2162,50.8013,-70.219,50.6458,0.97
01_ch2_cla_l1_20240701T173557826_20240701T173605826.fits,-49.9011,-132.241,-51.1128,-132.292,-51.1277,-131.01,-49.9156,-130.99,0.65
01_ch2_cla_l1_20240701T150937767_20240701T150945767.fits,39.6064,-129.538,38.2647,-129.553,38.2513,-128.353,39.5927,-128.316,0.84
01_ch2_cla_l1_20240701T130133195_20240701T130141195.fits,74.1332,-127.603,72.8751,-127.667,72.8431,-124.769,74.0989,-124.487,0.6
01_ch2_cla_l1_20240701T105432112_20240701T105440112.fits,75.2002,49.1293,74.0619,49.4096,74.0907,52.0647,75.2312,51.9896,0.97
01_ch2_cla_l1_20240701T192754911_20240701T192802911.fits,-35.7543,-132.889,-37.0155,-132.921,-37.0284,-131.848,-35.767,-131.832,0.4
01_ch2_cla_l1_20240701T114640112_20240701T114648112.fits,-51.4005,-128.987,-52.6034,-129.039,-52.6176,-127.73,-51.4144,-127.71,0.02
01_ch2_cla_l1_20240701T173637826_20240701T173645826.fits,-51.9396,-132.328,-53.1439,-132.384,-53.1593,-131.056,-51.9547,-131.034,0.8
01_ch2_cla_l1_20240701T173005826_20240701T173013826.fits,-32.0483,-131.7,-33.3212,-131.729,-33.3333,-130.689,-32.0603,-130.673,1.0
01_ch2_cla_l1_20240701T194946911_20240701T194954911.fits,-75.6747,49.373,-76.6898,49.4925,-76.6591,52.0836,-75.6461,51.7788,0.01
01_ch2_cla_l1_20240701T155841767_20240701T155849767.fits,-69.0334,50.9595,-70.023,51.0124,-70.0042,52.681,-69.0154,52.5488,0.31
01_ch2_cla_l1_20240701T150113767_20240701T150121767.fits,64.8415,-129.05,63.5565,-129.081,63.5343,-127.1,64.8183,-126.977,0.07
01_ch2_cla_l1_20240701T133341195_20240701T133349195.fits,-22.3068,-129.312,-23.6075,-129.334,-23.6185,-128.354,-22.3176,-128.339,1.16
01_ch2_cla_l1_20240701T130917195_20240701T130925195.fits,50.8334,-128.29,49.5101,-128.307,49.4944,-126.886,50.8173,-126.83,0.16
01_ch2_cla_l1_20240701T184842911_20240701T184850911.fits,82.1584,-129.628,80.9354,-129.898,80.8749,-124.733,82.0888,-123.687,0.45
01_ch2_cla_l1_20240701T113552112_20240701T113600112.fits,-18.6118,-128.154,-19.9225,-128.174,-19.9331,-127.208,-18.6223,-127.194,0.96
01_ch2_cla_l1_20240701T090859848_20240701T090907848.fits,72.1869,-125.599,70.9175,-125.646,70.8892,-123.0,72.1567,-122.774,0.34
01_ch2_cla_l1_20240701T174821826_20240701T174829826.fits,-87.9626,-159.909,-89.2081,-156.055,-88.5926,-144.749,-88.1863,-141.592,1.02
01_ch2_cla_l1_20240701T100227848_20240701T100235848.fits,-88.7721,102.474,-89.5131,90.4203,-89.6169,-176.511,-89.0566,132.988,0.2
01_ch2_cla_l1_20240701T110440112_20240701T110448112.fits,74.9936,-126.5,73.7361,-126.567,73.703,-123.523,74.9579,-123.213,1.04
01_ch2_cla_l1_20240701T165205826_20240701T165213826.fits,82.2012,-128.649,80.9759,-128.906,80.9163,-123.705,82.1325,-122.659,0.86
01_ch2_cla_l1_20240701T165437826_20240701T165445826.fits,74.5153,-129.661,73.2631,-129.735,73.2295,-126.793,74.4791,-126.494,1.0
01_ch2_cla_l1_20240701T172909826_20240701T172917826.fits,-29.2217,-131.637,-30.5029,-131.664,-30.5148,-130.645,-29.2335,-130.63,0.28
01_ch2_cla_l1_20240701T171733826_20240701T171741826.fits,5.6791,-131.066,4.3287,-131.082,4.3176,-130.128,5.668,-130.11,0.68
01_ch2_cla_l1_20240701T154313767_20240701T154321767.fits,-61.7433,-131.782,-62.9083,-131.874,-62.927,-130.215,-61.7614,-130.183,0.06
01_ch2_cla_l1_20240701T132813195_20240701T132821195.fits,-5.8532,-129.049,-7.1907,-129.067,-7.2012,-128.122,-5.8637,-128.107,0.43
01_ch2_cla_l1_20240701T152017767_20240701T152025767.fits,7.6907,-129.954,6.3374,-129.969,6.3265,-129.009,7.6799,-128.99,0.21
01_ch2_cla_l1_20240701T093347848_20240701T093355848.fits,-2.1421,-126.819,-3.4876,-126.835,-3.4979,-125.887,-2.1524,-125.872,0.19
01_ch2_cla_l1_20240701T191330911_20240701T191338911.fits,7.6112,-132.124,6.2606,-132.14,6.2494,-131.183,7.5999,-131.164,0.9
01_ch2_cla_l1_20240701T190522911_20240701T190530911.fits,31.9545,-131.797,30.6075,-131.812,30.5947,-130.711,31.9415,-130.68,0.88
01_ch2_cla_l1_20240701T113632112_20240701T113640112.fits,-20.6219,-128.188,-21.9275,-128.209,-21.9382,-127.236,-20.6325,-127.221,0.32
01_ch2_cla_l1_20240701T094651848_20240701T094659848.fits,-41.5942,-127.55,-42.833,-127.585,-42.8452,-126.45,-41.6062,-126.434,0.2
01_ch2_cla_l1_20240701T095043848_20240701T095051848.fits,-53.4064,-127.971,-54.5999,-128.027,-54.6145,-126.671,-53.4206,-126.65,0.52
01_ch2_cla_l1_20240701T184954911_20240701T185002911.fits,78.5136,-130.299,77.2776,-130.434,77.2335,-126.668,78.4651,-126.145,0.55
01_ch2_cla_l1_20240701T151609767_20240701T151617767.fits,20.0583,-129.795,18.7008,-129.809,18.6894,-128.798,20.0468,-128.775,1.06
01_ch2_cla_l1_20240701T115304112_20240701T115312112.fits,-71.0885,-130.55,-72.2125,-130.739,-72.2378,-128.406,-71.1125,-128.345,0.88
01_ch2_cla_l1_20240701T115536112_20240701T115544112.fits,-78.9299,-132.615,-80.0199,-133.16,-80.0626,-129.236,-78.9685,-129.063,1.2
01_ch2_cla_l1_20240701T152833767_20240701T152841767.fits,-17.1262,-130.314,-18.4399,-130.335,-18.4509,-129.374,-17.1371,-129.359,0.4
01_ch2_cla_l1_20240701T135629196_20240701T135637196.fits,-86.5918,56.5592,-87.6313,58.9103,-87.4684,73.2013,-86.4769,66.7994,0.75
01_ch2_cla_l1_20240701T134333195_20240701T134341195.fits,-52.2905,-130.13,-53.4905,-130.185,-53.5054,-128.853,-52.3049,-128.832,0.45
01_ch2_cla_l1_20240701T172541826_20240701T172549826.fits,-18.7509,-131.435,-20.0604,-131.456,-20.0716,-130.49,-18.7621,-130.475,0.81
01_ch2_cla_l1_20240701T110808112_20240701T110816112.fits,64.5243,-126.931,63.2336,-126.959,63.2122,-124.987,64.5019,-124.868,0.95
01_ch2_cla_l1_20240701T184626911_20240701T184634911.fits,89.0283,-115.012,87.8521,-124.146,87.6177,-104.895,88.5845,-82.6516,1.16
01_ch2_cla_l1_20240701T193058911_20240701T193106911.fits,-45.0822,-133.166,-46.3122,-133.21,-46.3264,-132.017,-45.0962,-131.998,0.73
01_ch2_cla_l1_20240701T145721767_20240701T145729767.fits,76.531,-128.471,75.2833,-128.561,75.2461,-125.246,76.4906,-124.863,0.92
01_ch2_cla_l1_20240701T113624112_20240701T113632112.fits,-20.2198,-128.181,-21.5263,-128.202,-21.5371,-127.23,-20.2304,-127.216,0.33
01_ch2_cla_l1_20240701T151201767_20240701T151209767.fits,32.4219,-129.636,31.0713,-129.65,31.0589,-128.54,32.4093,-128.509,0.09
01_ch2_cla_l1_20240701T190306911_20240701T190314911.fits,38.7434,-131.699,37.4048,-131.715,37.3911,-130.533,38.7294,-130.496,0.76
01_ch2_cla_l1_20240701T145457767_20240701T145505767.fits,83.8155,-127.175,82.5943,-127.548,82.5235,-121.263,83.7312,-119.695,0.85
01_ch2_cla_l1_20240701T131829195_20240701T131837195.fits,23.2892,-128.671,21.9307,-128.685,21.9193,-127.65,23.2777,-127.626,0.81
01_ch2_cla_l1_20240701T172149826_20240701T172157826.fits,-7.1169,-131.247,-8.4508,-131.265,-8.4617,-130.322,-7.1279,-130.306,0.11
01_ch2_cla_l1_20240701T090715848_20240701T090723848.fits,77.431,-125.273,76.1795,-125.361,76.1416,-121.82,77.3895,-121.393,0.04
01_ch2_cla_l1_20240701T152825767_20240701T152833767.fits,-16.7246,-130.308,-18.0393,-130.328,-18.0502,-129.368,-16.7354,-129.353,0.11
01_ch2_cla_l1_20240701T145329767_20240701T145337767.fits,88.2688,-121.217,87.0703,-124.564,86.8999,-109.672,87.9943,-98.0265,0.99
01_ch2_cla_l1_20240701T184002911_20240701T184010911.fits,72.3903,45.2786,71.2689,45.4862,71.2948,47.6982,72.4179,47.6324,0.28
01_ch2_cla_l1_20240701T100019848_20240701T100027848.fits,-83.0287,-134.329,-84.0935,-135.736,-84.1624,-129.311,-83.0871,-128.868,1.19
01_ch2_cla_l1_20240701T185610911_20240701T185618911.fits,59.5675,-131.311,58.2725,-131.338,58.2527,-129.639,59.547,-129.551,0.38
01_ch2_cla_l1_20240701T134325195_20240701T134333195.fits,-51.8821,-130.112,-53.0844,-130.166,-53.099,-128.844,-51.8965,-128.823,0.51
01_ch2_cla_l1_20240701T110048112_20240701T110056112.fits,86.7244,-123.346,85.5108,-124.393,85.3999,-114.256,86.5743,-109.72,0.53
01_ch2_cla_l1_20240701T154545767_20240701T154553767.fits,-69.5499,-132.575,-70.6838,-132.743,-70.7085,-130.557,-69.5734,-130.5,0.34
01_ch2_cla_l1_20240701T093739848_20240701T093747848.fits,-13.7553,-126.984,-15.0782,-127.003,-15.0886,-126.048,-13.7656,-126.034,0.97
01_ch2_cla_l1_20240701T110752112_20240701T110800112.fits,65.328,-126.909,64.0397,-126.938,64.0177,-124.915,65.305,-124.789,0.11
01_ch2_cla_l1_20240701T125549195_20240701T125557195.fits,88.911,-18.6138,88.1328,18.4886,88.4213,43.1062,89.5641,18.738,0.53
01_ch2_cla_l1_20240701T174957826_20240701T175005826.fits,-85.7211,53.648,-86.7645,55.1371,-86.6379,65.9183,-85.6247,61.9142,0.91
01_ch2_cla_l1_20240701T100403848_20240701T100411848.fits,-84.1955,56.3574,-85.2263,57.0012,-85.148,64.2896,-84.131,62.3676,0.78
01_ch2_cla_l1_20240701T184418911_20240701T184426911.fits,85.4598,35.1261,84.3115,37.8849,84.4026,45.6052,85.5746,44.8247,0.03
01_ch2_cla_l1_20240701T172853826_20240701T172901826.fits,-28.4147,-131.62,-29.6984,-131.646,-29.7102,-130.633,-28.4264,-130.618,0.48
01_ch2_cla_l1_20240701T171725826_20240701T171733826.fits,6.0782,-131.061,4.7278,-131.076,4.7167,-130.122,6.0672,-130.104,0.06
01_ch2_cla_l1_20240701T095803848_20240701T095811848.fits,-76.0094,-130.445,-77.1105,-130.781,-77.1436,-127.687,-76.0399,-127.583,0.45
01_ch2_cla_l1_20240701T132413196_20240701T132421196.fits,6.1379,-128.887,4.785,-128.902,4.7743,-127.945,6.1273,-127.927,0.53
01_ch2_cla_l1_20240701T191554911_20240701T191602911.fits,0.4193,-132.224,-0.9245,-132.241,-0.9356,-131.297,0.4081,-131.28,0.42
01_ch2_cla_l1_20240701T085907848_20240701T085915848.fits,78.8864,48.9288,77.7334,49.4161,77.7709,52.9309,78.9279,52.811,0.82
01_ch2_cla_l1_20240701T150745767_20240701T150753767.fits,45.2,-129.455,43.8677,-129.471,43.8532,-128.178,45.1852,-128.133,0.98
01_ch2_cla_l1_20240701T114248112_20240701T114256112.fits,-39.6024,-128.593,-40.8487,-128.627,-40.8609,-127.515,-39.6144,-127.5,0.08
01_ch2_cla_l1_20240701T192618911_20240701T192626911.fits,-30.9032,-132.771,-32.1797,-132.8,-32.192,-131.769,-30.9154,-131.753,0.23
01_ch2_cla_l1_20240701T085539848_20240701T085547848.fits,68.1941,51.5473,67.081,51.6764,67.1003,53.4764,68.2143,53.4385,1.13
01_ch2_cla_l1_20240701T111944112_20240701T111952112.fits,29.7356,-127.507,28.3785,-127.521,28.3666,-126.432,29.7236,-126.404,0.18
01_ch2_cla_l1_20240701T193410911_20240701T193418911.fits,-54.8609,-133.581,-56.0556,-133.647,-56.0723,-132.239,-54.8773,-132.213,0.18
01_ch2_cla_l1_20240701T192202911_20240701T192210911.fits,-18.0141,-132.514,-19.325,-132.536,-19.3365,-131.573,-18.0255,-131.557,0.65
01_ch2_cla_l1_20240701T112856112_20240701T112904112.fits,2.2173,-127.85,0.8671,-127.865,0.8566,-126.914,2.2069,-126.898,0.51
01_ch2_cla_l1_20240701T191634911_20240701T191642911.fits,-1.5802,-132.253,-2.9213,-132.27,-2.9324,-131.328,-1.5914,-131.311,0.67
01_ch2_cla_l1_20240701T194106911_20240701T194114911.fits,-76.2093,-136.24,-77.3187,-136.617,-77.3566,-133.43,-76.2443,-133.299,0.99
01_ch2_cla_l1_20240701T164349826_20240701T164357826.fits,73.5939,46.1526,72.4665,46.388,72.4937,48.7681,73.6231,48.6972,0.23
01_ch2_cla_l1_20240701T155001767_20240701T155009767.fits,-82.7432,-137.594,-83.8154,-138.947,-83.8858,-132.736,-82.8033,-132.284,0.61
01_ch2_cla_l1_20240701T173845826_20240701T173853826.fits,-58.4775,-132.674,-59.6568,-132.751,-59.6745,-131.226,-58.4947,-131.197,1.02
01_ch2_cla_l1_20240701T153129767_20240701T153137767.fits,-25.9781,-130.475,-27.2686,-130.5,-27.28,-129.501,-25.9893,-129.486,0.44
01_ch2_cla_l1_20240701T130125195_20240701T130133195.fits,74.5367,-127.578,73.2801,-127.644,73.2474,-124.684,74.5016,-124.388,0.7
01_ch2_cla_l1_20240701T153657767_20240701T153705767.fits,-42.5637,-130.878,-43.8011,-130.916,-43.8142,-129.764,-42.5766,-129.747,0.49
01_ch2_cla_l1_20240701T170757826_20240701T170805826.fits,34.4078,-130.687,33.0614,-130.702,33.0485,-129.572,34.3947,-129.54,1.01
01_ch2_cla_l1_20240701T114952112_20240701T115000112.fits,-61.2197,-129.519,-62.3839,-129.605,-62.4015,-127.978,-61.2367,-127.948,0.62
01_ch2_cla_l1_20240701T105424112_20240701T105432112.fits,74.7893,49.2382,73.6525,49.5038,73.6805,52.088,74.8194,52.0164,1.05
01_ch2_cla_l1_20240701T094515848_20240701T094523848.fits,-36.7275,-127.422,-37.9831,-127.452,-37.9948,-126.373,-36.7389,-126.358,0.37
01_ch2_cla_l1_20240701T094147848_20240701T094155848.fits,-26.221,-127.196,-27.5109,-127.219,-27.5217,-126.22,-26.2317,-126.206,1.05
01_ch2_cla_l1_20240701T114432112_20240701T114440112.fits,-44.8824,-128.749,-46.1099,-128.789,-46.1228,-127.605,-44.8951,-127.588,0.54
01_ch2_cla_l1_20240701T150521767_20240701T150529767.fits,52.4021,-129.335,51.0844,-129.354,51.0681,-127.895,52.3853,-127.834,1.17
01_ch2_cla_l1_20240701T092243848_20240701T092251848.fits,30.9611,-126.409,29.6027,-126.423,29.5909,-125.319,30.9491,-125.291,0.13
01_ch2_cla_l1_20240701T093451848_20240701T093459848.fits,-5.3417,-126.862,-6.682,-126.879,-6.6922,-125.933,-5.3519,-125.917,1.09
01_ch2_cla_l1_20240701T191426911_20240701T191434911.fits,4.8152,-132.163,3.4669,-132.179,3.4557,-131.228,4.8039,-131.21,0.87
01_ch2_cla_l1_20240701T112736112_20240701T112744112.fits,6.2103,-127.798,4.8558,-127.813,4.8452,-126.854,6.1998,-126.837,0.28
01_ch2_cla_l1_20240701T112104112_20240701T112112112.fits,25.7494,-127.557,24.3898,-127.57,24.3783,-126.516,25.7377,-126.49,0.62
01_ch2_cla_l1_20240701T135405195_20240701T135413195.fits,-84.7612,-139.34,-85.8124,-142.033,-85.9132,-133.008,-84.8417,-132.106,1.12
01_ch2_cla_l1_20240701T135237195_20240701T135245195.fits,-80.2352,-134.436,-81.3199,-135.15,-81.3697,-130.665,-80.2795,-130.435,0.25
01_ch2_cla_l1_20240701T185722911_20240701T185730911.fits,55.9548,-131.396,54.6504,-131.419,54.6323,-129.858,55.936,-129.785,0.69
01_ch2_cla_l1_20240701T184130911_20240701T184138911.fits,76.9149,44.0534,75.7776,44.4256,75.8124,47.3928,76.9528,47.2813,1.16
01_ch2_cla_l1_20240701T133133195_20240701T133141195.fits,-15.8748,-129.202,-17.192,-129.221,-17.2027,-128.263,-15.8855,-128.249,0.7
01_ch2_cla_l1_20240701T170557826_20240701T170605826.fits,40.3978,-130.602,39.0595,-130.618,39.0457,-129.409,40.3838,-129.371,1.1
01_ch2_cla_l1_20240701T194258911_20240701T194306911.fits,-81.9789,-139.286,-83.0597,-140.427,-83.1264,-134.829,-82.0368,-134.427,0.38
01_ch2_cla_l1_20240701T153937767_20240701T153945767.fits,-50.7024,-131.167,-51.9098,-131.219,-51.9246,-129.922,-50.7167,-129.902,0.88
01_ch2_cla_l1_20240701T145953767_20240701T150001767.fits,68.866,-128.911,67.5933,-128.953,67.5678,-126.672,68.839,-126.504,0.39
01_ch2_cla_l1_20240701T100531848_20240701T100539848.fits,-79.611,55.0447,-80.6266,55.2327,-80.5875,58.8948,-79.5758,58.3452,0.4
01_ch2_cla_l1_20240701T164533826_20240701T164541826.fits,78.9318,44.3501,77.786,44.8585,77.826,48.3529,78.9761,48.2099,0.76
01_ch2_cla_l1_20240701T134949196_20240701T134957196.fits,-71.5702,-131.754,-72.6939,-131.955,-72.7204,-129.559,-71.5952,-129.493,0.73
01_ch2_cla_l1_20240701T185946911_20240701T185954911.fits,48.7411,-131.538,47.4204,-131.557,47.4046,-130.196,48.7249,-130.144,1.05
01_ch2_cla_l1_20240701T144841767_20240701T144849767.fits,78.1288,45.8673,76.9836,46.3063,77.0205,49.5822,78.1692,49.462,0.76
01_ch2_cla_l1_20240701T191754911_20240701T191802911.fits,-5.5817,-132.312,-6.9172,-132.331,-6.9283,-131.389,-5.5929,-131.372,0.51
01_ch2_cla_l1_20240701T135157195_20240701T135205195.fits,-78.1712,-133.446,-79.2666,-133.93,-79.3073,-130.25,-78.2082,-130.094,1.0
01_ch2_cla_l1_20240701T153113767_20240701T153121767.fits,-25.1723,-130.459,-26.4652,-130.484,-26.4765,-129.489,-25.1835,-129.475,1.15
01_ch2_cla_l1_20240701T095931848_20240701T095939848.fits,-80.5541,-132.306,-81.6333,-133.047,-81.6827,-128.435,-80.5978,-128.205,0.03
01_ch2_cla_l1_20240701T105640112_20240701T105648112.fits,81.749,45.9499,80.5898,46.8206,80.6402,51.4514,81.8065,51.2374,0.61
01_ch2_cla_l1_20240701T170637826_20240701T170645826.fits,38.4006,-130.632,37.0593,-130.647,37.0459,-129.467,38.387,-129.431,0.64
01_ch2_cla_l1_20240701T170005826_20240701T170013826.fits,58.0118,-130.289,56.7105,-130.313,56.6918,-128.673,57.9925,-128.593,0.74
01_ch2_cla_l1_20240701T155217767_20240701T155225767.fits,-88.6543,96.0134,-89.3857,82.0175,-89.6538,160.561,-88.9896,123.103,0.38
01_ch2_cla_l1_20240701T171909826_20240701T171917826.fits,0.8845,-131.132,-0.461,-131.148,-0.4719,-130.202,0.8735,-130.185,1.02
01_ch2_cla_l1_20240701T113440112_20240701T113448112.fits,-14.9971,-128.095,-16.3167,-128.115,-16.3272,-127.158,-15.0075,-127.144,0.11
01_ch2_cla_l1_20240701T110552112_20240701T110600112.fits,71.3644,-126.694,70.0949,-126.74,70.0673,-124.198,71.3351,-123.989,0.13
01_ch2_cla_l1_20240701T093859848_20240701T093907848.fits,-17.7699,-127.048,-19.0833,-127.068,-19.0938,-126.103,-17.7803,-126.089,0.74
01_ch2_cla_l1_20240701T145313767_20240701T145321767.fits,89.0663,-114.057,87.8825,-122.679,87.6532,-102.988,88.624,-80.2064,0.28
01_ch2_cla_l1_20240701T165821826_20240701T165829826.fits,63.2333,-130.157,61.9461,-130.187,61.9247,-128.305,63.211,-128.195,0.25
01_ch2_cla_l1_20240701T151017767_20240701T151025767.fits,37.6101,-129.566,36.2657,-129.581,36.2526,-128.409,37.5967,-128.374,0.93
01_ch2_cla_l1_20240701T174205826_20240701T174213826.fits,-68.7361,-133.595,-69.875,-133.754,-69.8995,-131.637,-68.7594,-131.582,0.39
01_ch2_cla_l1_20240701T174437826_20240701T174445826.fits,-76.5635,-135.185,-77.67,-135.574,-77.7078,-132.313,-76.5983,-132.181,0.7
01_ch2_cla_l1_20240701T131813195_20240701T131821195.fits,24.0866,-128.661,22.7284,-128.675,22.7169,-127.635,24.075,-127.61,0.32
01_ch2_cla_l1_20240701T134141195_20240701T134149195.fits,-46.5842,-129.907,-47.8061,-129.95,-47.8196,-128.737,-46.5974,-128.719,0.45
01_ch2_cla_l1_20240701T172733826_20240701T172741826.fits,-24.3836,-131.539,-25.6789,-131.563,-25.6904,-130.573,-24.3951,-130.558,0.23
01_ch2_cla_l1_20240701T120304112_20240701T120312112.fits,-76.6616,53.614,-77.6702,53.7309,-77.6403,56.4917,-76.6339,56.1632,0.43
01_ch2_cla_l1_20240701T152609767_20240701T152617767.fits,-9.9043,-130.199,-11.2336,-130.218,-11.2444,-129.271,-9.915,-129.256,0.37
01_ch2_cla_l1_20240701T134629196_20240701T134637195.fits,-61.2918,-130.636,-62.4567,-130.723,-62.4748,-129.089,-61.3092,-129.059,1.16
01_ch2_cla_l1_20240701T154721767_20240701T154729767.fits,-74.4946,-133.468,-75.608,-133.754,-75.6399,-130.928,-74.5244,-130.833,0.74
01_ch2_cla_l1_20240701T110632112_20240701T110640112.fits,69.3507,-126.777,68.0747,-126.816,68.0493,-124.479,69.3239,-124.305,0.61
01_ch2_cla_l1_20240701T090347848_20240701T090355848.fits,87.9502,-120.18,86.7411,-122.384,86.5927,-108.703,87.722,-99.5746,0.25
01_ch2_cla_l1_20240701T192330911_20240701T192338911.fits,-22.4375,-132.595,-23.7376,-132.619,-23.7493,-131.639,-22.4492,-131.623,0.65
01_ch2_cla_l1_20240701T193522911_20240701T193530911.fits,-58.5407,-133.795,-59.7206,-133.874,-59.7389,-132.344,-58.5583,-132.314,0.28
01_ch2_cla_l1_20240701T113808112_20240701T113816112.fits,-25.4522,-128.275,-26.7454,-128.299,-26.7563,-127.303,-25.4632,-127.288,0.11
01_ch2_cla_l1_20240701T085651848_20240701T085659848.fits,71.9057,50.9816,70.7781,51.1684,70.8013,53.3456,71.9304,53.2944,1.13
01_ch2_cla_l1_20240701T190058911_20240701T190106911.fits,45.1394,-131.599,43.8115,-131.617,43.7966,-130.331,45.1242,-130.285,0.88
01_ch2_cla_l1_20240701T115920112_20240701T115928112.fits,-88.3084,62.6863,-89.315,78.6627,-88.8783,109.128,-88.0899,81.7103,0.74
01_ch2_cla_l1_20240701T171541826_20240701T171549826.fits,11.268,-130.992,9.914,-131.007,9.9028,-130.037,11.2567,-130.018,0.64
01_ch2_cla_l1_20240701T151833767_20240701T151841767.fits,12.8785,-129.887,11.5223,-129.901,11.5113,-128.924,12.8675,-128.904,0.09
01_ch2_cla_l1_20240701T131605195_20240701T131613195.fits,30.4659,-128.581,29.1118,-128.594,29.0997,-127.501,30.4537,-127.473,1.07
01_ch2_cla_l1_20240701T173237826_20240701T173245826.fits,-39.739,-131.896,-40.9866,-131.931,-40.9996,-130.816,-39.7517,-130.798,0.05
01_ch2_cla_l1_20240701T173405826_20240701T173413826.fits,-44.2041,-132.032,-45.4363,-132.073,-45.45,-130.896,-44.2175,-130.878,0.69
01_ch2_cla_l1_20240701T105816112_20240701T105824112.fits,86.574,35.7282,85.4275,40.1294,85.5345,49.9099,86.7184,48.836,0.69
01_ch2_cla_l1_20240701T175133826_20240701T175141826.fits,-80.7338,51.1705,-81.7632,51.4459,-81.7139,55.7031,-80.69,54.9531,0.05
01_ch2_cla_l1_20240701T150513767_20240701T150521767.fits,52.8026,-129.328,51.486,-129.347,51.4695,-127.876,52.7857,-127.815,0.26
01_ch2_cla_l1_20240701T193850911_20240701T193858911.fits,-69.2078,-134.795,-70.3463,-134.964,-70.372,-132.799,-69.2323,-132.739,0.32
01_ch2_cla_l1_20240701T091827848_20240701T091835848.fits,43.725,-126.244,42.383,-126.258,42.3694,-124.982,43.711,-124.94,0.28
01_ch2_cla_l1_20240701T144617767_20240701T144625767.fits,70.7269,47.8366,69.6086,48.0059,69.6313,50.0345,70.751,49.9829,0.69
01_ch2_cla_l1_20240701T114240112_20240701T114248112.fits,-39.1969,-128.582,-40.4447,-128.616,-40.4568,-127.509,-39.2088,-127.493,0.76
01_ch2_cla_l1_20240701T171357826_20240701T171405826.fits,16.4553,-130.924,15.0996,-130.939,15.0882,-129.948,16.4438,-129.926,0.31
01_ch2_cla_l1_20240701T173157826_20240701T173205826.fits,-37.7124,-131.84,-38.967,-131.874,-38.9797,-130.781,-37.7249,-130.764,0.24
01_ch2_cla_l1_20240701T131029196_20240701T131037196.fits,47.2334,-128.348,45.9025,-128.364,45.8878,-127.027,47.2183,-126.979,0.59
01_ch2_cla_l1_20240701T085547848_20240701T085555848.fits,68.6069,51.4939,67.4922,51.6277,67.5118,53.4634,68.6274,53.4246,1.16
01_ch2_cla_l1_20240701T111336112_20240701T111344112.fits,48.0949,-127.258,46.7633,-127.274,46.7485,-125.914,48.0798,-125.865,0.59
01_ch2_cla_l1_20240701T111504112_20240701T111512112.fits,43.6992,-127.323,42.3596,-127.338,42.3458,-126.066,43.6852,-126.024,0.37
01_ch2_cla_l1_20240701T164341826_20240701T164349826.fits,73.1822,46.2448,72.0563,46.469,72.0829,48.7909,73.2106,48.7229,0.29
01_ch2_cla_l1_20240701T155009767_20240701T155017767.fits,-83.1543,-138.059,-84.2235,-139.592,-84.2988,-132.96,-83.2178,-132.445,0.74
01_ch2_cla_l1_20240701T090051848_20240701T090059848.fits,84.1771,44.1263,83.0133,45.7921,83.0812,52.1226,84.2588,51.7357,0.69
01_ch2_cla_l1_20240701T185658911_20240701T185706911.fits,57.1586,-131.369,55.8572,-131.393,55.8386,-129.79,57.1393,-129.712,0.71
01_ch2_cla_l1_20240701T192026911_20240701T192034911.fits,-13.196,-132.432,-14.5174,-132.452,-14.5288,-131.501,-13.2073,-131.486,0.17
01_ch2_cla_l1_20240701T153121767_20240701T153129767.fits,-25.5753,-130.467,-26.8667,-130.491,-26.8781,-129.495,-25.5865,-129.481,0.73
01_ch2_cla_l1_20240701T091643848_20240701T091651848.fits,48.9184,-126.168,47.5863,-126.184,47.5715,-124.802,48.9032,-124.751,0.47
01_ch2_cla_l1_20240701T194322911_20240701T194330911.fits,-83.2116,-140.606,-84.2835,-142.232,-84.364,-135.49,-83.2795,-134.911,0.6
01_ch2_cla_l1_20240701T100843848_20240701T100851848.fits,-69.5659,54.1717,-70.5493,54.2218,-70.5312,55.914,-69.5487,55.7814,0.28
01_ch2_cla_l1_20240701T132437195_20240701T132445195.fits,4.9401,-128.902,3.5879,-128.918,3.5773,-127.963,4.9294,-127.946,0.63
01_ch2_cla_l1_20240701T132205195_20240701T132213195.fits,12.5227,-128.805,11.1651,-128.82,11.1543,-127.843,12.5118,-127.823,0.15
01_ch2_cla_l1_20240701T125909195_20240701T125917195.fits,81.4082,-126.829,80.1756,-127.023,80.1223,-122.192,81.3475,-121.328,1.01
01_ch2_cla_l1_20240701T111352112_20240701T111400112.fits,47.2952,-127.27,45.9621,-127.286,45.9476,-125.944,47.2803,-125.896,0.5
01_ch2_cla_l1_20240701T172141826_20240701T172149826.fits,-6.7165,-131.241,-8.0509,-131.259,-8.0619,-130.316,-6.7275,-130.3,0.29
01_ch2_cla_l1_20240701T134733195_20240701T134741195.fits,-64.5749,-130.899,-65.7271,-131.009,-65.7471,-129.204,-64.5941,-129.167,0.67
01_ch2_cla_l1_20240701T145321767_20240701T145329767.fits,88.67,-118.709,87.4767,-123.773,87.281,-106.793,88.3289,-90.7875,0.91
01_ch2_cla_l1_20240701T154905767_20240701T154913767.fits,-79.8584,-135.393,-80.9476,-136.065,-80.9965,-131.739,-79.9022,-131.517,0.88
01_ch2_cla_l1_20240701T184226911_20240701T184234911.fits,79.7831,42.7247,78.6367,43.3261,78.6809,47.0863,79.8322,46.9119,0.08
01_ch2_cla_l1_20240701T193458911_20240701T193506911.fits,-57.3133,-133.719,-58.4981,-133.793,-58.5158,-132.307,-57.3305,-132.278,0.56
01_ch2_cla_l1_20240701T190122911_20240701T190130911.fits,43.9396,-131.619,42.6094,-131.636,42.5948,-130.372,43.9246,-130.329,1.14
01_ch2_cla_l1_20240701T093747848_20240701T093755848.fits,-14.1564,-126.99,-15.4788,-127.009,-15.4891,-126.054,-14.1667,-126.039,0.7
01_ch2_cla_l1_20240701T165813826_20240701T165821826.fits,63.6355,-130.145,62.3492,-130.176,62.3276,-128.272,63.6128,-128.158,0.13
01_ch2_cla_l1_20240701T191730911_20240701T191738911.fits,-4.3808,-132.294,-5.7181,-132.312,-5.7293,-131.37,-4.392,-131.354,0.44
01_ch2_cla_l1_20240701T131821195_20240701T131829195.fits,23.6879,-128.666,22.3296,-128.68,22.3181,-127.643,23.6763,-127.618,0.34
01_ch2_cla_l1_20240701T113232112_20240701T113240112.fits,-8.5817,-127.998,-9.9151,-128.016,-9.9255,-127.069,-8.5921,-127.054,0.48
01_ch2_cla_l1_20240701T095443848_20240701T095451848.fits,-65.7039,-128.775,-66.8483,-128.891,-66.8682,-127.025,-65.723,-126.987,0.7
01_ch2_cla_l1_20240701T094251848_20240701T094259848.fits,-29.4483,-127.259,-30.7283,-127.285,-30.7394,-126.265,-29.4592,-126.251,0.59
01_ch2_cla_l1_20240701T151209767_20240701T151217767.fits,32.0229,-129.641,30.6721,-129.656,30.6597,-128.549,32.0104,-128.519,0.79
01_ch2_cla_l1_20240701T115704112_20240701T115712112.fits,-83.4669,-136.041,-84.5301,-137.681,-84.6059,-130.738,-83.5304,-130.21,0.64
01_ch2_cla_l1_20240701T115136112_20240701T115144112.fits,-66.5593,-129.975,-67.7018,-130.1,-67.7228,-128.172,-66.5793,-128.13,0.64
01_ch2_cla_l1_20240701T154713767_20240701T154721767.fits,-74.0822,-133.372,-75.1974,-133.645,-75.2285,-130.888,-74.1113,-130.798,0.64
01_ch2_cla_l1_20240701T171333826_20240701T171341826.fits,17.652,-130.909,16.2961,-130.923,16.2847,-129.926,17.6404,-129.905,0.86
01_ch2_cla_l1_20240701T093923848_20240701T093931848.fits,-18.9757,-127.067,-20.2858,-127.088,-20.2963,-126.12,-18.9861,-126.106,0.49
01_ch2_cla_l1_20240701T152417767_20240701T152425767.fits,-4.298,-130.117,-5.6372,-130.134,-5.6479,-129.19,-4.3087,-129.174,0.11
01_ch2_cla_l1_20240701T125541195_20240701T125549195.fits,88.7155,-1.1585,87.7816,24.2917,88.0179,44.8634,89.1901,34.6595,0.67
01_ch2_cla_l1_20240701T115912112_20240701T115920112.fits,-88.715,65.9962,-89.1135,72.315,-89.6385,109.333,-88.438,89.244,0.03
01_ch2_cla_l1_20240701T113152112_20240701T113200112.fits,-6.5794,-127.97,-7.9164,-127.987,-7.9268,-127.041,-6.5898,-127.026,1.03
01_ch2_cla_l1_20240701T110040112_20240701T110048112.fits,87.1293,-122.787,85.9176,-124.101,85.7962,-113.024,86.9595,-107.44,0.46
01_ch2_cla_l1_20240701T165605826_20240701T165613826.fits,70.077,-129.91,68.8103,-129.958,68.7831,-127.572,70.0481,-127.383,0.47
01_ch2_cla_l1_20240701T165037826_20240701T165045826.fits,86.6592,-126.051,85.4525,-127.228,85.3381,-117.311,86.5055,-112.819,0.85
01_ch2_cla_l1_20240701T100627848_20240701T100635848.fits,-76.6864,54.6673,-77.6925,54.7809,-77.6631,57.5343,-76.6593,57.2097,0.86
01_ch2_cla_l1_20240701T134149195_20240701T134157195.fits,-46.9912,-129.921,-48.2116,-129.965,-48.2252,-128.744,-47.0045,-128.726,0.06
01_ch2_cla_l1_20240701T195018911_20240701T195026911.fits,-74.0039,49.2107,-75.0137,49.3066,-74.9867,51.5925,-73.9785,51.351,1.11
01_ch2_cla_l1_20240701T165829826_20240701T165837826.fits,62.8314,-130.168,61.5431,-130.197,61.5219,-128.338,62.8094,-128.23,0.18
01_ch2_cla_l1_20240701T145145767_20240701T145153767.fits,87.3948,27.3753,86.2766,34.6356,86.4133,46.6484,87.5945,44.6542,0.12
01_ch2_cla_l1_20240701T095835848_20240701T095843848.fits,-77.6616,-130.964,-78.7556,-131.395,-78.793,-127.892,-77.6959,-127.758,0.74
01_ch2_cla_l1_20240701T172325826_20240701T172333826.fits,-11.9259,-131.321,-13.2508,-131.34,-13.2618,-130.391,-11.9369,-130.376,0.34
01_ch2_cla_l1_20240701T125213196_20240701T125221195.fits,78.5242,46.8315,77.3761,47.2958,77.4136,50.6881,78.5654,50.5659,0.91
01_ch2_cla_l1_20240701T100435848_20240701T100443848.fits,-82.5301,55.6991,-83.5556,56.0729,-83.4979,61.4589,-82.4804,60.3459,1.04
01_ch2_cla_l1_20240701T171901826_20240701T171909826.fits,1.2841,-131.126,-0.0617,-131.143,-0.0727,-130.196,1.2731,-130.179,0.99
01_ch2_cla_l1_20240701T090339848_20240701T090347848.fits,88.3535,-118.704,87.1477,-121.839,86.9795,-106.408,88.0774,-94.1929,0.19
01_ch2_cla_l1_20240701T113448112_20240701T113456112.fits,-15.3985,-128.102,-16.7171,-128.121,-16.7276,-127.164,-15.4089,-127.149,1.13
01_ch2_cla_l1_20240701T134853195_20240701T134901195.fits,-68.687,-131.337,-69.8225,-131.489,-69.8458,-129.388,-68.7091,-129.337,0.01
01_ch2_cla_l1_20240701T184034911_20240701T184042911.fits,74.0378,44.9115,72.9103,45.1634,72.939,47.6037,74.0684,47.5256,1.14
01_ch2_cla_l1_20240701T154057767_20240701T154105767.fits,-54.7842,-131.355,-55.9764,-131.417,-55.9923,-130.016,-54.7996,-129.992,0.22
01_ch2_cla_l1_20240701T113800112_20240701T113808112.fits,-25.0504,-128.268,-26.3425,-128.291,-26.3536,-127.297,-25.0612,-127.284,0.18
01_ch2_cla_l1_20240701T130709196_20240701T130717196.fits,57.2422,-128.171,55.9339,-128.192,55.9161,-126.573,57.2238,-126.497,0.43
01_ch2_cla_l1_20240701T115928112_20240701T115936112.fits,-87.8981,60.6625,-88.9249,68.7798,-88.6062,94.6007,-87.7191,76.5576,1.13
01_ch2_cla_l1_20240701T171549826_20240701T171557826.fits,10.869,-130.997,9.5149,-131.012,9.5038,-130.044,10.8578,-130.025,0.32
01_ch2_cla_l1_20240701T093315848_20240701T093323848.fits,-0.5433,-126.798,-1.8912,-126.813,-1.9014,-125.865,-0.5535,-125.849,0.4
01_ch2_cla_l1_20240701T194210911_20240701T194218911.fits,-79.5076,-137.574,-80.6021,-138.228,-80.6521,-134.025,-79.5525,-133.796,1.17
01_ch2_cla_l1_20240701T133933196_20240701T133941196.fits,-40.0829,-129.705,-41.3283,-129.74,-41.3407,-128.622,-40.0952,-128.606,0.92
01_ch2_cla_l1_20240701T125725195_20240701T125733195.fits,86.6756,-124.274,85.464,-125.384,85.3508,-115.383,86.5224,-110.897,0.31
01_ch2_cla_l1_20240701T140157195_20240701T140205195.fits,-69.4825,52.0403,-70.4709,52.0933,-70.4522,53.7947,-69.4646,53.6589,0.12
01_ch2_cla_l1_20240701T193706911_20240701T193714911.fits,-63.8675,-134.199,-65.0269,-134.309,-65.048,-132.533,-63.8878,-132.492,0.09
01_ch2_cla_l1_20240701T152601767_20240701T152609767.fits,-9.5035,-130.193,-10.8336,-130.212,-10.8444,-129.265,-9.5142,-129.25,0.68
01_ch2_cla_l1_20240701T132957195_20240701T133005195.fits,-11.0604,-129.126,-12.3882,-129.144,-12.3988,-128.196,-11.071,-128.181,0.49
01_ch2_cla_l1_20240701T110224112_20240701T110232112.fits,81.8643,-125.726,80.631,-125.93,80.576,-120.865,81.8011,-119.917,1.04
01_ch2_cla_l1_20240701T154729767_20240701T154737767.fits,-74.9071,-133.568,-76.0187,-133.87,-76.0514,-130.969,-74.9375,-130.869,0.49
01_ch2_cla_l1_20240701T191954911_20240701T192002911.fits,-11.5916,-132.406,-12.9163,-132.426,-12.9276,-131.478,-11.6028,-131.462,0.29
01_ch2_cla_l1_20240701T185506911_20240701T185514911.fits,62.7825,-131.224,61.4963,-131.255,61.4748,-129.403,62.7601,-129.295,0.29
01_ch2_cla_l1_20240701T132421196_20240701T132429196.fits,5.7391,-128.892,4.3858,-128.907,4.3752,-127.951,5.7283,-127.933,0.33
01_ch2_cla_l1_20240701T190354911_20240701T190402911.fits,36.3465,-131.734,35.0046,-131.75,34.9912,-130.6,36.3329,-130.565,1.15
01_ch2_cla_l1_20240701T150257767_20240701T150305767.fits,59.6187,-129.188,58.3191,-129.212,58.3,-127.502,59.5989,-127.415,0.75
01_ch2_cla_l1_20240701T133525195_20240701T133533195.fits,-27.5443,-129.411,-28.8304,-129.436,-28.8416,-128.429,-27.5555,-128.414,0.58
01_ch2_cla_l1_20240701T150529767_20240701T150537767.fits,52.0015,-129.343,50.6832,-129.361,50.667,-127.913,51.9849,-127.853,1.01
01_ch2_cla_l1_20240701T114024112_20240701T114032112.fits,-32.3141,-128.415,-33.5854,-128.443,-33.5967,-127.403,-32.3253,-127.388,0.34
01_ch2_cla_l1_20240701T192234911_20240701T192242911.fits,-19.6218,-132.543,-20.9289,-132.566,-20.9405,-131.596,-19.6333,-131.581,1.07
01_ch2_cla_l1_20240701T185938911_20240701T185946911.fits,49.1415,-131.531,47.8214,-131.55,47.8056,-130.18,49.1252,-130.127,0.28
01_ch2_cla_l1_20240701T191602911_20240701T191610911.fits,0.0194,-132.23,-1.3238,-132.247,-1.335,-131.303,0.0082,-131.286,0.75
01_ch2_cla_l1_20240701T190010911_20240701T190018911.fits,47.5403,-131.559,46.2169,-131.577,46.2014,-130.243,47.5244,-130.193,0.84
01_ch2_cla_l1_20240701T105648112_20240701T105656112.fits,82.156,45.5782,80.9958,46.5363,81.0486,51.3854,82.2166,51.1515,0.6
01_ch2_cla_l1_20240701T093811848_20240701T093819848.fits,-15.3605,-127.009,-16.6796,-127.028,-16.69,-126.07,-15.3708,-126.056,0.08
01_ch2_cla_l1_20240701T135317196_20240701T135325195.fits,-82.2971,-135.953,-83.3705,-137.126,-83.4348,-131.334,-82.3526,-130.952,1.19
01_ch2_cla_l1_20240701T191218911_20240701T191226911.fits,11.2045,-132.075,9.8518,-132.091,9.8404,-131.123,11.193,-131.103,0.03
01_ch2_cla_l1_20240701T153345767_20240701T153353767.fits,-32.84,-130.621,-34.1099,-130.65,-34.1218,-129.604,-32.8517,-129.589,1.08
01_ch2_cla_l1_20240701T134941196_20240701T134949196.fits,-71.158,-131.686,-72.2835,-131.88,-72.3095,-129.532,-71.1826,-129.469,0.18
01_ch2_cla_l1_20240701T094139848_20240701T094147848.fits,-25.8183,-127.188,-27.109,-127.212,-27.1198,-126.214,-25.8289,-126.2,0.67
01_ch2_cla_l1_20240701T144849767_20240701T144857767.fits,78.5383,45.6857,77.392,46.1556,77.4301,49.5437,78.5802,49.4156,0.85
01_ch2_cla_l1_20240701T194914911_20240701T194922911.fits,-77.3441,49.5743,-78.3646,49.7271,-78.3292,52.7115,-77.3116,52.316,0.29
01_ch2_cla_l1_20240701T192154911_20240701T192202911.fits,-17.6121,-132.507,-18.9242,-132.529,-18.9356,-131.567,-17.6236,-131.551,0.79
01_ch2_cla_l1_20240701T135845195_20240701T135853195.fits,-79.5203,52.9562,-80.5408,53.1527,-80.5004,56.8116,-79.4838,56.2558,0.85
01_ch2_cla_l1_20240701T135557195_20240701T135605195.fits,-88.2406,61.5328,-89.252,76.0696,-88.8314,105.71,-88.0253,79.9825,0.38
01_ch2_cla_l1_20240701T190850911_20240701T190858911.fits,21.5796,-131.937,20.2259,-131.952,20.2141,-130.935,21.5676,-130.911,1.11
01_ch2_cla_l1_20240701T092827848_20240701T092835848.fits,13.8242,-126.617,12.4626,-126.631,12.4519,-125.645,13.8135,-125.625,0.98
01_ch2_cla_l1_20240701T130741195_20240701T130749195.fits,55.6389,-128.203,54.3404,-128.223,54.3232,-126.66,55.6212,-126.59,0.08
01_ch2_cla_l1_20240701T153513767_20240701T153521767.fits,-37.2911,-130.73,-38.5466,-130.762,-38.5589,-129.675,-37.3033,-129.659,0.09
01_ch2_cla_l1_20240701T155617767_20240701T155625767.fits,-76.5654,51.517,-77.5787,51.6406,-77.5475,54.4044,-76.5366,54.0698,0.05
01_ch2_cla_l1_20240701T105240112_20240701T105248112.fits,69.4352,50.2684,68.3186,50.4144,68.3393,52.3217,69.457,52.2788,0.39
01_ch2_cla_l1_20240701T170237826_20240701T170245826.fits,50.3959,-130.441,49.0762,-130.46,49.0603,-129.057,50.3795,-129.001,0.32
01_ch2_cla_l1_20240701T170405826_20240701T170413826.fits,45.9939,-130.516,44.6654,-130.533,44.6505,-129.227,45.9787,-129.181,0.13
01_ch2_cla_l1_20240701T172357826_20240701T172405826.fits,-13.5304,-131.347,-14.8519,-131.367,-14.863,-130.415,-13.5414,-130.399,0.8
01_ch2_cla_l1_20240701T100131848_20240701T100139848.fits,-86.7014,-143.044,-87.7003,-150.541,-87.8787,-134.395,-86.8236,-131.769,0.96
01_ch2_cla_l1_20240701T114816112_20240701T114824112.fits,-56.3036,-129.218,-57.4873,-129.283,-57.5031,-127.842,-56.3188,-127.818,1.04
01_ch2_cla_l1_20240701T135005195_20240701T135013195.fits,-72.3945,-131.897,-73.5149,-132.117,-73.5425,-129.618,-72.4205,-129.546,0.04
01_ch2_cla_l1_20240701T184530911_20240701T184538911.fits,88.7115,-6.9096,87.8078,19.6119,88.0608,40.1927,89.2171,27.5264,0.06
01_ch2_cla_l1_20240701T125005195_20240701T125013196.fits,71.9507,48.7408,70.8262,48.9315,70.8501,51.1043,71.9762,51.049,1.08
01_ch2_cla_l1_20240701T185322911_20240701T185330911.fits,68.0151,-131.043,66.7444,-131.086,66.7188,-128.889,67.9882,-128.73,1.11
01_ch2_cla_l1_20240701T175341826_20240701T175349826.fits,-74.0573,50.2409,-75.065,50.333,-75.0386,52.618,-74.0326,52.3799,0.43
01_ch2_cla_l1_20240701T133533195_20240701T133541195.fits,-27.9478,-129.419,-29.2325,-129.444,-29.2438,-128.434,-27.959,-128.42,0.06
01_ch2_cla_l1_20240701T194658911_20240701T194706911.fits,-84.4193,51.6736,-85.4621,52.5326,-85.3688,60.3281,-84.3431,58.0436,1.08
01_ch2_cla_l1_20240701T170157826_20240701T170205826.fits,52.3984,-130.405,51.0831,-130.424,51.0666,-128.969,52.3814,-128.908,0.2
01_ch2_cla_l1_20240701T094547848_20240701T094555848.fits,-38.3486,-127.462,-39.5986,-127.494,-39.6104,-126.398,-38.3602,-126.383,0.83
01_ch2_cla_l1_20240701T114032112_20240701T114040112.fits,-32.7186,-128.425,-33.9882,-128.452,-33.9997,-127.409,-32.7299,-127.394,0.75
01_ch2_cla_l1_20240701T093051848_20240701T093059848.fits,6.6447,-126.705,5.2882,-126.72,5.2778,-125.758,6.6342,-125.741,0.27
01_ch2_cla_l1_20240701T191026911_20240701T191034911.fits,16.7917,-132.001,15.4377,-132.016,15.4261,-131.025,16.7801,-131.003,0.63
01_ch2_cla_l1_20240701T150121767_20240701T150129767.fits,64.4394,-129.062,63.1532,-129.093,63.1313,-127.136,64.4165,-127.017,0.18
01_ch2_cla_l1_20240701T131533195_20240701T131541196.fits,32.0613,-128.56,30.7084,-128.574,30.6961,-127.465,32.0489,-127.435,0.6
01_ch2_cla_l1_20240701T092643848_20240701T092651848.fits,19.006,-126.554,17.6433,-126.567,17.6324,-125.556,18.995,-125.534,0.82
01_ch2_cla_l1_20240701T164917826_20240701T164925826.fits,89.7326,-51.0656,88.8551,-63.9907,88.9005,-22.9828,89.2184,29.9663,0.48
01_ch2_cla_l1_20240701T112336112_20240701T112344112.fits,18.1761,-127.65,16.8151,-127.663,16.8041,-126.658,18.165,-126.637,0.03
01_ch2_cla_l1_20240701T112504112_20240701T112512112.fits,13.7902,-127.704,12.4304,-127.717,12.4196,-126.733,13.7794,-126.714,0.84
01_ch2_cla_l1_20240701T190458911_20240701T190506911.fits,33.152,-131.78,31.8064,-131.795,31.7934,-130.682,33.1388,-130.65,0.74
01_ch2_cla_l1_20240701T112352112_20240701T112400112.fits,17.3786,-127.659,16.018,-127.673,16.0071,-126.672,17.3676,-126.651,1.07
01_ch2_cla_l1_20240701T131925196_20240701T131933195.fits,20.4985,-128.706,19.1394,-128.72,19.1281,-127.703,20.4871,-127.68,0.93
01_ch2_cla_l1_20240701T171141826_20240701T171149826.fits,23.2364,-130.836,21.8815,-130.851,21.8697,-129.821,23.2245,-129.796,0.65
01_ch2_cla_l1_20240701T174813826_20240701T174821826.fits,-87.5899,-155.128,-88.499,-172.041,-88.8202,-147.453,-87.7762,-139.586,0.66
01_ch2_cla_l1_20240701T131437195_20240701T131445195.fits,34.8537,-128.524,33.5037,-128.538,33.4911,-127.397,34.8409,-127.365,0.63
01_ch2_cla_l1_20240701T152209767_20240701T152217767.fits,2.0996,-130.028,0.7517,-130.044,0.7409,-129.096,2.0888,-129.078,0.6
01_ch2_cla_l1_20240701T125733195_20240701T125741195.fits,86.2703,-124.727,85.0564,-125.626,84.9529,-116.398,86.1335,-112.684,0.42
01_ch2_cla_l1_20240701T133925196_20240701T133933196.fits,-39.6775,-129.694,-40.924,-129.728,-40.9365,-128.615,-39.6897,-128.599,0.47
01_ch2_cla_l1_20240701T154321767_20240701T154329767.fits,-62.1534,-131.813,-63.3166,-131.908,-63.3356,-130.229,-62.1717,-130.196,0.41
01_ch2_cla_l1_20240701T145905767_20240701T145913767.fits,71.2838,-128.806,70.0186,-128.857,69.9904,-126.337,71.2538,-126.127,0.51
01_ch2_cla_l1_20240701T132821195_20240701T132829195.fits,-6.2535,-129.055,-7.59,-129.072,-7.6006,-128.128,-6.264,-128.112,0.89
01_ch2_cla_l1_20240701T110232112_20240701T110240112.fits,81.4596,-125.804,80.225,-125.991,80.172,-121.123,81.3992,-120.255,1.14
01_ch2_cla_l1_20240701T193122911_20240701T193130911.fits,-46.302,-133.21,-47.5276,-133.255,-47.542,-132.042,-46.3162,-132.022,0.46
01_ch2_cla_l1_20240701T134909195_20240701T134917195.fits,-69.5104,-131.444,-70.6426,-131.609,-70.6667,-129.432,-69.5333,-129.378,1.15
01_ch2_cla_l1_20240701T090747848_20240701T090755848.fits,75.8161,-125.396,74.559,-125.467,74.5248,-122.267,75.779,-121.925,0.18
01_ch2_cla_l1_20240701T192730911_20240701T192738911.fits,-34.5405,-132.858,-35.8057,-132.889,-35.8184,-131.828,-34.5531,-131.811,0.94
01_ch2_cla_l1_20240701T174605826_20240701T174613826.fits,-81.1,-137.357,-82.1847,-138.256,-82.2424,-133.27,-81.1508,-132.964,0.11
01_ch2_cla_l1_20240701T174037826_20240701T174045826.fits,-64.2161,-133.105,-65.3728,-133.215,-65.3936,-131.423,-64.236,-131.384,0.61
01_ch2_cla_l1_20240701T151417767_20240701T151425767.fits,25.6411,-129.724,24.2855,-129.738,24.2737,-128.689,25.6292,-128.663,0.12
01_ch2_cla_l1_20240701T135445196_20240701T135453196.fits,-86.7838,-146.103,-87.779,-154.311,-87.9726,-137.498,-86.9148,-134.466,0.77
01_ch2_cla_l1_20240701T090923848_20240701T090931848.fits,70.9784,-125.651,69.7051,-125.694,69.6783,-123.187,70.9499,-122.987,0.72
01_ch2_cla_l1_20240701T172333826_20240701T172341826.fits,-12.3271,-131.327,-13.651,-131.347,-13.662,-130.397,-12.3381,-130.382,0.46
01_ch2_cla_l1_20240701T134541195_20240701T134549195.fits,-58.8324,-130.471,-60.0074,-130.547,-60.0244,-129.015,-58.8488,-128.988,0.63
01_ch2_cla_l1_20240701T120136112_20240701T120144112.fits,-81.2531,54.3321,-82.277,54.6081,-82.2282,59.102,-81.21,58.2975,0.55
01_ch2_cla_l1_20240701T113040112_20240701T113048112.fits,-2.9784,-127.919,-4.3216,-127.936,-4.332,-126.99,-2.9888,-126.974,1.2
01_ch2_cla_l1_20240701T110152112_20240701T110200112.fits,83.4839,-125.322,82.2567,-125.628,82.1907,-119.567,83.4058,-118.157,0.77
01_ch2_cla_l1_20240701T145713767_20240701T145721767.fits,76.9351,-128.435,75.6888,-128.53,75.6507,-125.13,76.8935,-124.725,0.65
01_ch2_cla_l1_20240701T171325826_20240701T171333826.fits,18.051,-130.904,16.6951,-130.918,16.6836,-129.919,18.0394,-129.897,1.12
01_ch2_cla_l1_20240701T140213195_20240701T140219992.fits,-68.7068,52.0022,-69.6296,52.0485,-69.6116,53.6749,-68.6896,53.5578,0.07
01_ch2_cla_l1_20240701T093339848_20240701T093347848.fits,-1.7424,-126.813,-3.0884,-126.829,-3.0987,-125.882,-1.7527,-125.866,0.19
01_ch2_cla_l1_20240701T174829826_20240701T174837826.fits,-88.781,175.09,-89.5475,-179.074,-88.9919,-150.468,-88.3148,-166.741,0.61
01_ch2_cla_l1_20240701T110448112_20240701T110456112.fits,74.5901,-126.525,73.3311,-126.59,73.2988,-123.612,74.5552,-123.316,0.77
01_ch2_cla_l1_20240701T154145767_20240701T154153767.fits,-57.2375,-131.486,-58.4201,-131.557,-58.4368,-130.079,-57.2537,-130.053,0.27
01_ch2_cla_l1_20240701T172901826_20240701T172909826.fits,-28.8182,-131.629,-30.1006,-131.655,-30.1125,-130.639,-28.8299,-130.624,0.89
01_ch2_cla_l1_20240701T100003848_20240701T100011848.fits,-82.2045,-133.512,-83.2748,-134.622,-83.3355,-128.948,-82.2571,-128.6,1.11
01_ch2_cla_l1_20240701T184018911_20240701T184026911.fits,73.2143,45.1039,72.0899,45.332,72.1171,47.6529,73.2434,47.5814,0.45
01_ch2_cla_l1_20240701T135621196_20240701T135629196.fits,-87.0054,57.2906,-88.0441,60.5291,-87.8493,77.3903,-86.875,68.8654,0.82
01_ch2_cla_l1_20240701T172549826_20240701T172557826.fits,-19.1527,-131.442,-20.4615,-131.464,-20.4728,-130.496,-19.164,-130.481,0.56
01_ch2_cla_l1_20240701T090315848_20240701T090323848.fits,89.5342,-98.8211,88.3649,-118.586,88.0883,-94.0492,88.9062,-58.2979,0.85
01_ch2_cla_l1_20240701T110800112_20240701T110808112.fits,64.9261,-126.92,63.6366,-126.949,63.6149,-124.951,64.9034,-124.829,0.11
01_ch2_cla_l1_20240701T145729767_20240701T145737767.fits,76.1269,-128.505,74.8779,-128.59,74.8416,-125.356,76.0876,-124.994,0.22
01_ch2_cla_l1_20240701T185210911_20240701T185218911.fits,71.6441,-130.871,70.3847,-130.93,70.355,-128.383,71.6125,-128.161,0.48
01_ch2_cla_l1_20240701T184402911_20240701T184410911.fits,84.6592,37.1903,83.5073,39.2385,83.5866,45.9738,84.756,45.3964,0.32
01_ch2_cla_l1_20240701T100419848_20240701T100427848.fits,-83.363,55.9883,-84.3912,56.4697,-84.3247,62.6701,-83.3068,61.2332,0.21
01_ch2_cla_l1_20240701T134725195_20240701T134733195.fits,-64.1643,-130.863,-65.318,-130.969,-65.3377,-129.189,-64.1832,-129.152,0.55
01_ch2_cla_l1_20240701T132933196_20240701T132941195.fits,-9.8582,-129.108,-11.1881,-129.126,-11.1987,-128.179,-9.8687,-128.164,0.52
01_ch2_cla_l1_20240701T095819848_20240701T095827848.fits,-76.8354,-130.688,-77.9331,-131.067,-77.9682,-127.783,-76.8677,-127.665,0.62
01_ch2_cla_l1_20240701T113224112_20240701T113232112.fits,-8.1812,-127.993,-9.5153,-128.01,-9.5257,-127.063,-8.1916,-127.048,1.14
01_ch2_cla_l1_20240701T190706911_20240701T190714911.fits,26.7662,-131.868,25.4151,-131.883,25.4028,-130.829,26.7538,-130.802,0.71
01_ch2_cla_l1_20240701T151601767_20240701T151609767.fits,20.4571,-129.79,19.0997,-129.804,19.0883,-128.79,20.4455,-128.767,0.12
01_ch2_cla_l1_20240701T195034911_20240701T195042911.fits,-73.1679,49.1406,-74.1751,49.2276,-74.1496,51.3854,-73.1439,51.1681,0.27
01_ch2_cla_l1_20240701T145057767_20240701T145105767.fits,85.0435,38.7638,83.8882,41.0606,83.9695,48.2709,85.1443,47.675,1.07
01_ch2_cla_l1_20240701T153257767_20240701T153305767.fits,-30.4159,-130.567,-31.6933,-130.594,-31.705,-129.567,-30.4274,-129.552,0.22
01_ch2_cla_l1_20240701T194938911_20240701T194946911.fits,-76.0922,49.4192,-77.1087,49.5455,-77.0769,52.2253,-76.0627,51.9014,1.18
01_ch2_cla_l1_20240701T193354911_20240701T193402911.fits,-54.0442,-133.539,-55.2414,-133.602,-55.258,-132.218,-54.0603,-132.193,1.08
01_ch2_cla_l1_20240701T094115848_20240701T094123848.fits,-24.6091,-127.166,-25.9036,-127.188,-25.9144,-126.197,-24.6197,-126.183,1.03
01_ch2_cla_l1_20240701T192602911_20240701T192610911.fits,-30.0957,-132.753,-31.3745,-132.781,-31.3868,-131.756,-30.1078,-131.74,0.12
01_ch2_cla_l1_20240701T193010911_20240701T193018911.fits,-42.6449,-133.086,-43.8832,-133.126,-43.8971,-131.97,-42.6585,-131.952,1.18
01_ch2_cla_l1_20240701T191234911_20240701T191242911.fits,10.4061,-132.086,9.0538,-132.102,9.0425,-131.137,10.3946,-131.117,0.69
01_ch2_cla_l1_20240701T164749826_20240701T164757826.fits,85.8257,35.1992,84.6776,38.3723,84.7732,46.6646,85.9484,45.8029,0.37
01_ch2_cla_l1_20240701T155401767_20240701T155409767.fits,-83.6506,53.1161,-84.6867,53.7056,-84.6115,60.3282,-83.5877,58.6692,0.2
01_ch2_cla_l1_20240701T194506911_20240701T194514911.fits,-88.7981,171.208,-88.9663,151.632,-89.5697,172.539,-88.3483,-169.518,1.0
01_ch2_cla_l1_20240701T153529767_20240701T153537767.fits,-38.1015,-130.751,-39.3541,-130.784,-39.3665,-129.688,-38.1138,-129.672,0.05
01_ch2_cla_l1_20240701T185914911_20240701T185922911.fits,50.343,-131.509,49.0253,-131.528,49.0091,-130.13,50.3263,-130.074,0.97
01_ch2_cla_l1_20240701T133349195_20240701T133357195.fits,-22.7092,-129.319,-24.0091,-129.341,-24.02,-128.359,-22.7201,-128.345,0.71
01_ch2_cla_l1_20240701T192218911_20240701T192226911.fits,-18.8178,-132.529,-20.1269,-132.551,-20.1384,-131.585,-18.8293,-131.569,1.08
01_ch2_cla_l1_20240701T090811848_20240701T090819848.fits,74.6057,-125.473,73.3445,-125.534,73.3125,-122.546,74.5712,-122.251,0.7
01_ch2_cla_l1_20240701T175125826_20240701T175133826.fits,-81.1502,51.2723,-82.1809,51.5756,-82.1289,56.0668,-81.1043,55.2393,0.52
01_ch2_cla_l1_20240701T131349195_20240701T131357196.fits,37.2479,-128.492,35.9007,-128.506,35.8878,-127.336,37.2348,-127.302,0.99
01_ch2_cla_l1_20240701T115952112_20240701T120000112.fits,-86.659,57.5801,-87.6967,59.9602,-87.533,74.5817,-86.5443,67.985,1.06
01_ch2_cla_l1_20240701T191154911_20240701T191202911.fits,12.4018,-132.059,11.0489,-132.075,11.0374,-131.103,12.3903,-131.083,0.55
01_ch2_cla_l1_20240701T150345767_20240701T150353767.fits,57.2113,-129.241,55.9054,-129.263,55.8874,-127.65,57.1927,-127.573,0.36
01_ch2_cla_l1_20240701T114648112_20240701T114656112.fits,-51.8086,-129.005,-53.01,-129.057,-53.0243,-127.739,-51.8226,-127.719,0.46
01_ch2_cla_l1_20240701T095459848_20240701T095507848.fits,-66.5266,-128.856,-67.6676,-128.98,-67.6882,-127.058,-66.5462,-127.018,1.05
01_ch2_cla_l1_20240701T110112112_20240701T110120112.fits,85.5093,-124.418,84.2901,-125.018,84.2019,-116.934,85.398,-114.242,0.9
01_ch2_cla_l1_20240701T115840112_20240701T115848112.fits,-88.2533,-160.359,-89.4895,-163.825,-88.9044,-143.631,-88.4994,-139.217,0.76
01_ch2_cla_l1_20240701T171421826_20240701T171429826.fits,15.2583,-130.94,13.9028,-130.954,13.8915,-129.969,15.2469,-129.948,0.76
01_ch2_cla_l1_20240701T125413195_20240701T125421195.fits,84.6277,40.9116,83.4689,42.8743,83.5436,49.6252,84.7189,49.1353,0.42
01_ch2_cla_l1_20240701T085731848_20240701T085739848.fits,73.9633,50.5589,72.8279,50.7966,72.8542,53.2542,73.9915,53.1911,0.56
01_ch2_cla_l1_20240701T090227848_20240701T090235848.fits,88.6955,3.3697,87.7377,27.5318,87.9626,47.8313,89.1439,39.2614,0.34
01_ch2_cla_l1_20240701T192250911_20240701T192258911.fits,-20.426,-132.558,-21.7311,-132.581,-21.7427,-131.608,-20.4376,-131.593,0.16
01_ch2_cla_l1_20240701T193442911_20240701T193450911.fits,-56.4955,-133.671,-57.6834,-133.742,-57.7008,-132.283,-56.5124,-132.256,1.18
01_ch2_cla_l1_20240701T165509826_20240701T165517826.fits,72.9005,-129.764,71.6429,-129.827,71.612,-127.118,72.8675,-126.869,0.82
01_ch2_cla_l1_20240701T154641767_20240701T154649767.fits,-72.4332,-133.036,-73.5552,-133.261,-73.5836,-130.749,-72.4599,-130.674,1.11
01_ch2_cla_l1_20240701T172837826_20240701T172845826.fits,-27.608,-131.603,-28.8939,-131.629,-28.9057,-130.621,-27.6197,-130.606,0.43
01_ch2_cla_l1_20240701T100859848_20240701T100907848.fits,-68.7265,54.1325,-69.7074,54.1792,-69.6901,55.7963,-68.7101,55.6742,0.06
01_ch2_cla_l1_20240701T145433767_20240701T145441767.fits,85.0313,-126.604,83.8147,-127.158,83.7308,-119.708,84.9274,-117.41,0.32
01_ch2_cla_l1_20240701T132109195_20240701T132117195.fits,15.3148,-128.77,13.9561,-128.785,13.9451,-127.796,15.3038,-127.775,0.89
01_ch2_cla_l1_20240701T134021195_20240701T134029195.fits,-42.5185,-129.776,-43.7552,-129.813,-43.768,-128.663,-42.5311,-128.646,0.68
01_ch2_cla_l1_20240701T135125196_20240701T135133196.fits,-76.5198,-132.87,-77.6228,-133.242,-77.6585,-130.013,-76.5528,-129.893,1.2
01_ch2_cla_l1_20240701T165941826_20240701T165949826.fits,59.216,-130.261,57.9175,-130.286,57.8983,-128.598,59.1961,-128.512,0.21
01_ch2_cla_l1_20240701T110936112_20240701T110944112.fits,60.108,-127.04,58.8048,-127.062,58.7859,-125.322,60.0884,-125.233,1.02
01_ch2_cla_l1_20240701T120216112_20240701T120224112.fits,-79.1677,53.934,-80.1846,54.1116,-80.1465,57.6176,-79.1333,57.1075,0.8
01_ch2_cla_l1_20240701T172013826_20240701T172021826.fits,-2.3144,-131.177,-3.6557,-131.194,-3.6666,-130.251,-2.3254,-130.234,0.97
01_ch2_cla_l1_20240701T113520112_20240701T113528112.fits,-17.0046,-128.128,-18.3193,-128.148,-18.3299,-127.186,-17.0151,-127.171,1.05
01_ch2_cla_l1_20240701T174317826_20240701T174325826.fits,-72.4412,-134.176,-73.5651,-134.406,-73.5943,-131.885,-72.4687,-131.807,0.06
01_ch2_cla_l1_20240701T151105767_20240701T151113767.fits,35.2151,-129.599,33.8675,-129.613,33.8548,-128.471,35.2021,-128.439,0.52
01_ch2_cla_l1_20240701T151737767_20240701T151745767.fits,15.6711,-129.851,14.3141,-129.865,14.3029,-128.876,15.6599,-128.855,0.26
01_ch2_cla_l1_20240701T115408112_20240701T115416112.fits,-74.3881,-131.171,-75.4981,-131.445,-75.5285,-128.654,-74.4164,-128.567,0.21
01_ch2_cla_l1_20240701T105720112_20240701T105728112.fits,83.7784,43.6097,82.6167,45.0919,82.6815,51.0535,83.8555,50.6961,0.15
01_ch2_cla_l1_20240701T150809767_20240701T150817767.fits,44.0009,-129.474,42.6663,-129.49,42.6521,-128.218,43.9864,-128.175,1.09
01_ch2_cla_l1_20240701T095851848_20240701T095859848.fits,-78.4879,-131.279,-79.5781,-131.775,-79.6182,-128.018,-78.5244,-127.864,0.86
01_ch2_cla_l1_20240701T112832112_20240701T112840112.fits,3.4156,-127.834,2.0637,-127.85,2.0533,-126.897,3.4051,-126.88,0.67
01_ch2_cla_l1_20240701T164213826_20240701T164221826.fits,68.6451,47.0314,67.5363,47.171,67.5572,48.9941,68.667,48.9489,1.13
01_ch2_cla_l1_20240701T185826911_20240701T185834911.fits,52.7468,-131.463,51.4348,-131.484,51.4179,-130.022,52.7294,-129.96,0.38
01_ch2_cla_l1_20240701T111608112_20240701T111616112.fits,40.5052,-127.368,39.1603,-127.382,39.1471,-126.163,40.4917,-126.125,0.96
01_ch2_cla_l1_20240701T155537767_20240701T155545767.fits,-78.6524,51.788,-79.6726,51.9614,-79.6348,55.315,-78.618,54.8372,0.93
01_ch2_cla_l1_20240701T155305767_20240701T155313767.fits,-86.5552,55.6074,-87.5968,57.9891,-87.4323,72.1249,-86.4388,65.7743,0.45
01_ch2_cla_l1_20240701T170117826_20240701T170125826.fits,54.4022,-130.366,53.0916,-130.387,53.0744,-128.872,54.3844,-128.805,0.02
01_ch2_cla_l1_20240701T144921767_20240701T144929767.fits,80.1747,44.8086,79.0232,45.442,79.0673,49.3623,80.224,49.1927,0.12
01_ch2_cla_l1_20240701T132221195_20240701T132229196.fits,11.7249,-128.816,10.3676,-128.83,10.3568,-127.856,11.7141,-127.837,0.13
01_ch2_cla_l1_20240701T153633767_20240701T153641767.fits,-41.3458,-130.842,-42.5873,-130.878,-42.6002,-129.743,-41.3585,-129.726,0.51
01_ch2_cla_l1_20240701T100451848_20240701T100459848.fits,-81.6966,55.4674,-82.7193,55.7657,-82.6684,60.5202,-81.652,59.6342,0.19
01_ch2_cla_l1_20240701T173709826_20240701T173717826.fits,-53.5663,-132.404,-54.7676,-132.464,-54.7835,-131.095,-53.5818,-131.071,0.05
01_ch2_cla_l1_20240701T112016112_20240701T112024112.fits,28.141,-127.527,26.7828,-127.541,26.7711,-126.466,28.1291,-126.439,0.99
01_ch2_cla_l1_20240701T132549196_20240701T132557196.fits,1.3453,-128.95,-0.0029,-128.966,-0.0135,-128.017,1.3346,-128.001,0.31
01_ch2_cla_l1_20240701T185642911_20240701T185650911.fits,57.9614,-131.35,56.6622,-131.375,56.6432,-129.742,57.9417,-129.661,0.21
01_ch2_cla_l1_20240701T114312112_20240701T114320112.fits,-40.8196,-128.627,-42.0618,-128.662,-42.0741,-127.535,-40.8318,-127.519,0.45
01_ch2_cla_l1_20240701T091659848_20240701T091707848.fits,48.1192,-126.18,46.7852,-126.196,46.7707,-124.832,48.1043,-124.782,0.53
01_ch2_cla_l1_20240701T184050911_20240701T184058911.fits,74.8605,44.6985,73.7303,44.9783,73.7605,47.5501,74.893,47.4641,0.08
01_ch2_cla_l1_20240701T150441767_20240701T150449767.fits,54.4051,-129.298,53.0922,-129.318,53.0752,-127.799,54.3876,-127.733,1.02
01_ch2_cla_l1_20240701T092323848_20240701T092331848.fits,28.9685,-126.434,27.6087,-126.447,27.5971,-125.363,28.9567,-125.336,0.15
01_ch2_cla_l1_20240701T093531848_20240701T093539848.fits,-7.343,-126.89,-8.6795,-126.907,-8.6897,-125.96,-7.3532,-125.945,0.01
01_ch2_cla_l1_20240701T130549196_20240701T130557195.fits,61.2542,-128.082,59.9566,-128.107,59.9369,-126.318,61.2338,-126.222,0.55
01_ch2_cla_l1_20240701T191546911_20240701T191554911.fits,0.8191,-132.219,-0.5251,-132.236,-0.5363,-131.291,0.8079,-131.274,0.99
01_ch2_cla_l1_20240701T170933826_20240701T170941826.fits,29.619,-130.752,28.2679,-130.767,28.2555,-129.686,29.6065,-129.658,0.48
01_ch2_cla_l1_20240701T153553767_20240701T153601767.fits,-39.3175,-130.784,-40.566,-130.818,-40.5787,-129.708,-39.3299,-129.692,1.19
01_ch2_cla_l1_20240701T135517195_20240701T135525195.fits,-88.7793,179.73,-89.5354,-170.836,-88.9639,-146.249,-88.301,-162.987,1.06
01_ch2_cla_l1_20240701T094027848_20240701T094035848.fits,-22.1933,-127.122,-23.4948,-127.144,-23.5054,-126.164,-22.2038,-126.15,0.19
01_ch2_cla_l1_20240701T091939848_20240701T091947848.fits,40.1328,-126.293,38.7852,-126.306,38.7721,-125.09,40.1195,-125.053,0.46
01_ch2_cla_l1_20240701T085603848_20240701T085611848.fits,69.4324,51.3805,68.3143,51.5254,68.3347,53.4367,69.4539,53.3952,0.43
01_ch2_cla_l1_20240701T105544112_20240701T105552112.fits,78.8909,47.7953,77.7397,48.2864,77.7777,51.7939,78.933,51.6693,0.94
01_ch2_cla_l1_20240701T170301826_20240701T170309826.fits,49.1948,-130.463,47.8727,-130.481,47.8571,-129.107,49.1788,-129.053,0.43
01_ch2_cla_l1_20240701T191114911_20240701T191122911.fits,14.3974,-132.033,13.0436,-132.048,13.0321,-131.068,14.3858,-131.047,0.74
01_ch2_cla_l1_20240701T170653826_20240701T170701826.fits,37.6018,-130.643,36.2595,-130.658,36.2462,-129.489,37.5882,-129.453,0.43
01_ch2_cla_l1_20240701T173925826_20240701T173933826.fits,-60.5251,-132.81,-61.6964,-132.897,-61.715,-131.29,-60.5431,-131.258,0.97
01_ch2_cla_l1_20240701T153753767_20240701T153801767.fits,-45.4085,-130.969,-46.6356,-131.011,-46.6492,-129.816,-45.4218,-129.798,0.39
01_ch2_cla_l1_20240701T094235848_20240701T094243848.fits,-28.6412,-127.243,-29.9234,-127.268,-29.9345,-126.254,-28.652,-126.24,0.59
01_ch2_cla_l1_20240701T153049767_20240701T153057767.fits,-23.9636,-130.436,-25.26,-130.46,-25.2712,-129.472,-23.9748,-129.457,0.3
01_ch2_cla_l1_20240701T164229826_20240701T164237826.fits,69.4712,46.9132,68.359,47.0642,68.3807,48.9622,69.4941,48.914,0.1
01_ch2_cla_l1_20240701T091507848_20240701T091515848.fits,53.7181,-126.09,52.3964,-126.108,52.3803,-124.598,53.7015,-124.535,0.72
01_ch2_cla_l1_20240701T111824112_20240701T111832112.fits,33.7228,-127.457,32.3693,-127.471,32.357,-126.341,33.7103,-126.31,0.17
01_ch2_cla_l1_20240701T175445826_20240701T175453826.fits,-70.7102,50.0026,-71.7079,50.0656,-71.6868,51.9075,-70.6901,51.7484,0.5
01_ch2_cla_l1_20240701T135701195_20240701T135709195.fits,-84.9327,54.8236,-85.9701,55.7572,-85.8731,64.4341,-84.8555,61.7667,0.13
01_ch2_cla_l1_20240701T114456112_20240701T114504112.fits,-46.1029,-128.789,-47.3258,-128.831,-47.3389,-127.627,-46.1158,-127.609,0.69
01_ch2_cla_l1_20240701T133629195_20240701T133637195.fits,-30.7734,-129.478,-32.0495,-129.505,-32.061,-128.476,-30.7847,-128.461,0.49
01_ch2_cla_l1_20240701T092915848_20240701T092923848.fits,11.4316,-126.646,10.0715,-126.66,10.0609,-125.684,11.4211,-125.665,1.05
01_ch2_cla_l1_20240701T094155848_20240701T094203848.fits,-26.6242,-127.203,-27.9128,-127.227,-27.9236,-126.225,-26.6349,-126.211,0.21
01_ch2_cla_l1_20240701T150625767_20240701T150633767.fits,49.1995,-129.391,47.8752,-129.409,47.8598,-128.031,49.1837,-127.978,0.32
01_ch2_cla_l1_20240701T114328112_20240701T114336112.fits,-41.6317,-128.65,-42.8707,-128.686,-42.8832,-127.549,-41.6439,-127.533,0.22
01_ch2_cla_l1_20240701T112200112_20240701T112208112.fits,22.9592,-127.591,21.5988,-127.604,21.5875,-126.57,22.9478,-126.547,0.99
01_ch2_cla_l1_20240701T192138911_20240701T192146911.fits,-16.8089,-132.493,-18.1226,-132.515,-18.134,-131.555,-16.8203,-131.539,0.0
01_ch2_cla_l1_20240701T184338911_20240701T184346911.fits,83.4486,39.3387,82.2955,40.7396,82.3618,46.381,83.5269,45.9853,0.51
01_ch2_cla_l1_20240701T110656112_20240701T110704112.fits,68.1433,-126.82,66.8635,-126.856,66.8392,-124.624,68.1178,-124.468,0.92
01_ch2_cla_l1_20240701T193834911_20240701T193842911.fits,-68.3854,-134.685,-69.5271,-134.842,-69.552,-132.751,-68.4091,-132.695,1.07
01_ch2_cla_l1_20240701T131501195_20240701T131509195.fits,33.657,-128.54,32.3056,-128.553,32.2932,-127.427,33.6444,-127.396,0.07
01_ch2_cla_l1_20240701T093019848_20240701T093027848.fits,8.2407,-126.685,6.8828,-126.7,6.8724,-125.734,8.2302,-125.716,1.14
01_ch2_cla_l1_20240701T171645826_20240701T171653826.fits,8.0748,-131.034,6.7224,-131.049,6.7114,-130.09,8.0636,-130.071,0.01
01_ch2_cla_l1_20240701T135429195_20240701T135437196.fits,-85.9815,-142.583,-87.0091,-147.471,-87.1508,-134.926,-86.0861,-133.224,0.6
01_ch2_cla_l1_20240701T125429195_20240701T125437195.fits,85.4292,38.9441,84.2734,41.5836,84.3591,49.3168,85.5372,48.6573,1.13
01_ch2_cla_l1_20240701T151857767_20240701T151905767.fits,11.6817,-129.902,10.3259,-129.917,10.3149,-128.944,11.6706,-128.925,0.14
01_ch2_cla_l1_20240701T110128112_20240701T110136112.fits,84.6989,-124.861,83.4767,-125.307,83.399,-118.18,84.6039,-116.154,0.72
01_ch2_cla_l1_20240701T154425767_20240701T154433767.fits,-65.4375,-132.098,-66.5877,-132.217,-66.6087,-130.354,-65.4577,-130.313,0.75
01_ch2_cla_l1_20240701T120000112_20240701T120008112.fits,-86.2446,57.0036,-87.2822,58.8004,-87.1424,71.3883,-86.1425,66.3,1.02
01_ch2_cla_l1_20240701T174101826_20240701T174109826.fits,-65.4476,-133.221,-66.5996,-133.343,-66.6212,-131.475,-65.4684,-131.432,1.11
01_ch2_cla_l1_20240701T145249767_20240701T145257767.fits,89.0874,-113.583,88.8609,-63.6723,88.9142,-22.189,89.7377,-58.7531,0.47
01_ch2_cla_l1_20240701T172029826_20240701T172037826.fits,-3.1144,-131.188,-4.4546,-131.205,-4.4655,-130.263,-3.1254,-130.246,0.92
01_ch2_cla_l1_20240701T152945767_20240701T152953767.fits,-20.744,-130.377,-22.0486,-130.399,-22.0597,-129.425,-20.755,-129.411,0.9
01_ch2_cla_l1_20240701T131949195_20240701T131957195.fits,19.3023,-128.721,17.9431,-128.735,17.9319,-127.725,19.2911,-127.703,0.61
01_ch2_cla_l1_20240701T095707848_20240701T095715848.fits,-73.1195,-129.778,-74.2331,-130.009,-74.2607,-127.425,-73.1453,-127.353,0.94
01_ch2_cla_l1_20240701T100739848_20240701T100747848.fits,-72.9199,54.3595,-73.9137,54.4295,-73.8916,56.5025,-72.8991,56.31,0.61
01_ch2_cla_l1_20240701T190818911_20240701T190826911.fits,23.1755,-131.916,21.8224,-131.931,21.8104,-130.903,23.1633,-130.879,0.77
01_ch2_cla_l1_20240701T093403848_20240701T093411848.fits,-2.9418,-126.829,-4.286,-126.845,-4.2963,-125.899,-2.9521,-125.883,0.5
01_ch2_cla_l1_20240701T092211848_20240701T092219848.fits,32.5555,-126.39,31.1987,-126.403,31.1867,-125.283,32.5433,-125.253,0.69
01_ch2_cla_l1_20240701T113744112_20240701T113752112.fits,-24.2444,-128.253,-25.5401,-128.276,-25.5509,-127.286,-24.2552,-127.272,0.51
01_ch2_cla_l1_20240701T090035848_20240701T090043848.fits,83.3687,45.358,82.2048,46.6648,82.2654,52.3151,83.4401,52.0101,0.83
01_ch2_cla_l1_20240701T174453826_20240701T174501826.fits,-77.3886,-135.465,-78.4915,-135.906,-78.5316,-132.433,-77.4254,-132.284,0.1
01_ch2_cla_l1_20240701T115216112_20240701T115224112.fits,-68.6168,-130.207,-69.751,-130.357,-69.7737,-128.267,-68.6384,-128.219,0.28
01_ch2_cla_l1_20240701T184746911_20240701T184754911.fits,84.9963,-128.455,83.7841,-129.068,83.6975,-121.698,84.8894,-119.384,1.11
01_ch2_cla_l1_20240701T174509826_20240701T174517826.fits,-78.2135,-135.784,-79.3126,-136.289,-79.3556,-132.57,-78.2527,-132.399,0.82
01_ch2_cla_l1_20240701T145641767_20240701T145649767.fits,78.5522,-128.27,77.3118,-128.39,77.2691,-124.593,78.5052,-124.077,1.12
01_ch2_cla_l1_20240701T172421826_20240701T172429826.fits,-14.7344,-131.367,-16.0533,-131.387,-16.0644,-130.432,-14.7455,-130.417,0.98
01_ch2_cla_l1_20240701T113112112_20240701T113120112.fits,-4.5785,-127.941,-5.919,-127.958,-5.9294,-127.013,-4.5889,-126.997,1.05
01_ch2_cla_l1_20240701T120408112_20240701T120416112.fits,-73.3152,53.327,-74.3129,53.4025,-74.2897,55.5419,-73.2934,55.3366,0.36
01_ch2_cla_l1_20240701T171837826_20240701T171845826.fits,2.4832,-131.109,1.1358,-131.126,1.1249,-130.178,2.4722,-130.161,0.85
01_ch2_cla_l1_20240701T134413195_20240701T134421195.fits,-54.3322,-130.225,-55.5248,-130.285,-55.5402,-128.899,-54.3472,-128.876,1.11
01_ch2_cla_l1_20240701T094731848_20240701T094739848.fits,-43.6258,-127.609,-44.8569,-127.647,-44.8694,-126.484,-43.638,-126.467,0.72
01_ch2_cla_l1_20240701T095123848_20240701T095131848.fits,-55.4504,-128.068,-56.6361,-128.13,-56.6512,-126.717,-55.4651,-126.695,1.0
01_ch2_cla_l1_20240701T093227848_20240701T093235848.fits,1.8541,-126.766,0.5028,-126.781,0.4925,-125.83,1.8437,-125.813,0.65
01_ch2_cla_l1_20240701T191250911_20240701T191258911.fits,9.6077,-132.097,8.2558,-132.113,8.2444,-131.15,9.5963,-131.131,0.32
01_ch2_cla_l1_20240701T190442911_20240701T190450911.fits,33.9505,-131.769,32.6057,-131.784,32.5927,-130.662,33.9373,-130.63,0.89
01_ch2_cla_l1_20240701T132717195_20240701T132725195.fits,-3.0523,-129.01,-4.3943,-129.027,-4.4048,-128.082,-3.0628,-128.066,0.03
01_ch2_cla_l1_20240701T105952112_20240701T110000112.fits,89.5199,-99.4089,88.355,-119.362,88.0767,-95.0727,88.8947,-59.7438,0.01
01_ch2_cla_l1_20240701T113936112_20240701T113944112.fits,-29.8903,-128.364,-31.169,-128.389,-31.1802,-127.367,-29.9014,-127.353,0.03
01_ch2_cla_l1_20240701T165317826_20240701T165325826.fits,78.5575,-129.288,77.3191,-129.416,77.2758,-125.627,78.5096,-125.106,0.19
01_ch2_cla_l1_20240701T131109195_20240701T131117195.fits,45.2347,-128.379,43.9002,-128.394,43.8859,-127.097,45.2201,-127.052,0.01
01_ch2_cla_l1_20240701T152105767_20240701T152113767.fits,5.2953,-129.985,3.9436,-130.001,3.9329,-129.046,5.2844,-129.029,1.03
01_ch2_cla_l1_20240701T152737767_20240701T152745767.fits,-14.3158,-130.268,-15.6359,-130.288,-15.6468,-129.334,-14.3266,-129.319,0.76
01_ch2_cla_l1_20240701T134125196_20240701T134133195.fits,-45.7705,-129.879,-46.9953,-129.921,-47.0086,-128.722,-45.7835,-128.704,0.54
01_ch2_cla_l1_20240701T174941826_20240701T174949826.fits,-86.5491,54.7431,-87.5924,57.2242,-87.4238,71.3573,-86.4298,64.9214,0.47
01_ch2_cla_l1_20240701T100347848_20240701T100355848.fits,-85.0272,56.8475,-86.0603,57.7562,-85.9653,66.5662,-84.9518,63.8691,0.5
01_ch2_cla_l1_20240701T110520112_20240701T110528112.fits,72.9769,-126.617,71.7124,-126.671,71.6827,-123.93,72.9451,-123.684,1.09
01_ch2_cla_l1_20240701T154433767_20240701T154441767.fits,-65.8482,-132.139,-66.997,-132.261,-67.0184,-130.372,-65.8686,-130.329,0.55
01_ch2_cla_l1_20240701T184922911_20240701T184930911.fits,80.1329,-130.06,78.9024,-130.238,78.8524,-125.963,80.0769,-125.273,0.61
01_ch2_cla_l1_20240701T171013826_20240701T171021826.fits,27.6241,-130.779,26.2715,-130.793,26.2594,-129.73,27.6118,-129.703,0.17
01_ch2_cla_l1_20240701T111832112_20240701T111840112.fits,33.3239,-127.462,31.9701,-127.476,31.9579,-126.35,33.3115,-126.32,0.34
01_ch2_cla_l1_20240701T133221195_20240701T133229195.fits,-18.285,-129.241,-19.5964,-129.262,-19.6071,-128.297,-18.2958,-128.282,0.44
01_ch2_cla_l1_20240701T144537767_20240701T144545767.fits,68.6631,48.1471,67.5528,48.2854,67.5733,50.114,68.6847,50.0705,0.82
01_ch2_cla_l1_20240701T135829196_20240701T135837195.fits,-80.3543,53.1107,-81.3775,53.3444,-81.3328,57.372,-80.3145,56.7082,0.84
01_ch2_cla_l1_20240701T194826911_20240701T194834911.fits,-79.8452,49.9909,-80.8738,50.2305,-80.8282,54.0739,-79.8043,53.4432,0.37
01_ch2_cla_l1_20240701T153809767_20240701T153817767.fits,-46.2219,-130.997,-47.446,-131.04,-47.4598,-129.831,-46.2354,-129.813,1.02
01_ch2_cla_l1_20240701T130805195_20240701T130813195.fits,54.4369,-128.226,53.1217,-128.245,53.105,-126.722,54.4196,-126.656,1.08
01_ch2_cla_l1_20240701T175213826_20240701T175221826.fits,-78.6501,50.7698,-79.6726,50.951,-79.6337,54.3186,-78.6147,53.8316,0.28
01_ch2_cla_l1_20240701T150633767_20240701T150641767.fits,48.7996,-129.398,47.4743,-129.415,47.459,-128.047,48.7839,-127.995,0.44
01_ch2_cla_l1_20240701T114720112_20240701T114728112.fits,-53.4419,-129.077,-54.6366,-129.134,-54.6515,-127.774,-53.4563,-127.753,0.52
01_ch2_cla_l1_20240701T131901196_20240701T131909196.fits,21.6947,-128.691,20.3357,-128.705,20.3243,-127.681,21.6832,-127.658,0.02
01_ch2_cla_l1_20240701T112608112_20240701T112616112.fits,10.5996,-127.743,9.2415,-127.757,9.2308,-126.786,10.5889,-126.767,0.0
01_ch2_cla_l1_20240701T173117826_20240701T173125826.fits,-35.6876,-131.787,-36.949,-131.819,-36.9615,-130.747,-35.7,-130.731,1.04
01_ch2_cla_l1_20240701T092659848_20240701T092707848.fits,18.209,-126.564,16.8462,-126.577,16.8353,-125.57,18.198,-125.549,0.83
01_ch2_cla_l1_20240701T131549196_20240701T131557196.fits,31.2637,-128.57,29.9101,-128.584,29.8979,-127.483,31.2514,-127.454,0.35
01_ch2_cla_l1_20240701T170709826_20240701T170717826.fits,36.8031,-130.654,35.4598,-130.669,35.4465,-129.51,36.7897,-129.476,1.16
01_ch2_cla_l1_20240701T111016112_20240701T111024112.fits,58.1026,-127.082,56.7943,-127.103,56.7763,-125.447,58.084,-125.367,0.41
01_ch2_cla_l1_20240701T105312112_20240701T105320112.fits,71.0848,50.0115,69.962,50.1839,69.9845,52.2607,71.1086,52.2114,0.33
01_ch2_cla_l1_20240701T194642911_20240701T194650911.fits,-85.249,52.3166,-86.2934,53.5513,-86.1792,63.0431,-85.1596,59.7945,1.2
01_ch2_cla_l1_20240701T195050911_20240701T195058911.fits,-72.3316,49.0765,-73.3362,49.1557,-73.312,51.1982,-72.3088,51.0019,0.73
01_ch2_cla_l1_20240701T165957826_20240701T170005826.fits,58.4131,-130.28,57.1126,-130.304,57.0938,-128.649,58.3936,-128.566,0.38
01_ch2_cla_l1_20240701T173933826_20240701T173941826.fits,-60.9348,-132.839,-62.1045,-132.928,-62.1234,-131.303,-60.953,-131.27,0.4
01_ch2_cla_l1_20240701T150553767_20240701T150601767.fits,50.8006,-129.364,49.4794,-129.382,49.4636,-127.965,50.7843,-127.909,0.04
01_ch2_cla_l1_20240701T153441767_20240701T153449767.fits,-35.671,-130.688,-36.932,-130.719,-36.9442,-129.648,-35.6831,-129.633,0.94
01_ch2_cla_l1_20240701T091323848_20240701T091331848.fits,58.9253,-125.993,57.6166,-126.014,57.5985,-124.32,58.9066,-124.237,1.02
01_ch2_cla_l1_20240701T090531848_20240701T090539848.fits,82.6871,-124.533,81.4546,-124.77,81.3952,-119.23,82.618,-118.089,0.67
01_ch2_cla_l1_20240701T130613195_20240701T130621195.fits,60.0502,-128.111,58.7492,-128.134,58.7301,-126.401,60.0304,-126.312,0.39
01_ch2_cla_l1_20240701T192546911_20240701T192554911.fits,-29.2884,-132.735,-30.5695,-132.763,-30.5818,-131.743,-29.3005,-131.728,0.03
01_ch2_cla_l1_20240701T164621826_20240701T164629826.fits,81.3835,42.7823,80.231,43.6057,80.2816,48.0234,81.441,47.7974,0.98
01_ch2_cla_l1_20240701T095355848_20240701T095403848.fits,-63.2387,-128.56,-64.3923,-128.656,-64.4108,-126.935,-63.2562,-126.903,0.42
01_ch2_cla_l1_20240701T192114911_20240701T192122911.fits,-15.604,-132.472,-16.9204,-132.493,-16.9318,-131.537,-15.6154,-131.521,0.77
01_ch2_cla_l1_20240701T173301826_20240701T173309826.fits,-40.9556,-131.931,-42.1994,-131.968,-42.2125,-130.837,-40.9686,-130.819,0.57
01_ch2_cla_l1_20240701T175229826_20240701T175237826.fits,-77.8158,50.6463,-78.8357,50.803,-78.7999,53.9074,-77.783,53.4884,0.67
01_ch2_cla_l1_20240701T092939848_20240701T092947848.fits,10.2352,-126.661,8.8759,-126.675,8.8654,-125.703,10.2247,-125.684,1.15
01_ch2_cla_l1_20240701T092507848_20240701T092515848.fits,23.788,-126.496,22.4258,-126.51,22.4145,-125.467,23.7766,-125.443,0.63
01_ch2_cla_l1_20240701T095011848_20240701T095019848.fits,-51.7727,-127.9,-52.9727,-127.952,-52.9869,-126.636,-51.7864,-126.617,0.65
01_ch2_cla_l1_20240701T094603848_20240701T094611848.fits,-39.1593,-127.483,-40.4067,-127.516,-40.4186,-126.41,-39.171,-126.395,0.27
01_ch2_cla_l1_20240701T173653826_20240701T173701826.fits,-52.7465,-132.365,-53.9467,-132.422,-53.9623,-131.075,-52.7618,-131.051,0.14
01_ch2_cla_l1_20240701T170925826_20240701T170933826.fits,30.0179,-130.747,28.6673,-130.762,28.6549,-129.677,30.0054,-129.648,1.13
01_ch2_cla_l1_20240701T150753767_20240701T150801767.fits,44.8003,-129.462,43.4672,-129.477,43.4529,-128.192,44.7856,-128.147,0.55
01_ch2_cla_l1_20240701T150049767_20240701T150057767.fits,66.0481,-129.012,64.7667,-129.046,64.7436,-126.985,66.024,-126.851,0.22
01_ch2_cla_l1_20240701T114544112_20240701T114552112.fits,-48.5459,-128.875,-49.7597,-128.921,-49.7734,-127.673,-48.5592,-127.654,0.79
01_ch2_cla_l1_20240701T130629195_20240701T130637195.fits,59.2477,-128.128,57.9446,-128.151,57.9259,-126.453,59.2283,-126.368,0.47
01_ch2_cla_l1_20240701T105328112_20240701T105336112.fits,71.9089,49.866,70.783,50.0545,70.8066,52.2271,71.9339,52.1739,0.82
01_ch2_cla_l1_20240701T112824112_20240701T112832112.fits,3.8148,-127.829,2.4627,-127.844,2.4522,-126.891,3.8043,-126.874,0.35
01_ch2_cla_l1_20240701T094219848_20240701T094227848.fits,-27.8342,-127.227,-29.1192,-127.251,-29.1301,-126.242,-27.845,-126.228,0.19
01_ch2_cla_l1_20240701T105456112_20240701T105504112.fits,76.432,48.7638,75.2892,49.0962,75.3206,51.988,76.466,51.9006,0.14
01_ch2_cla_l1_20240701T191138911_20240701T191146911.fits,13.2002,-132.049,11.8467,-132.064,11.8352,-131.089,13.1887,-131.068,0.39
01_ch2_cla_l1_20240701T184810911_20240701T184818911.fits,83.7798,-129.086,82.563,-129.499,82.49,-123.277,83.693,-121.695,1.05
01_ch2_cla_l1_20240701T111200112_20240701T111208112.fits,52.8949,-127.18,51.5738,-127.198,51.5577,-125.716,52.8784,-125.655,0.34
01_ch2_cla_l1_20240701T164445826_20240701T164453826.fits,76.4718,45.3549,75.3341,45.6989,75.3671,48.5783,76.5075,48.4786,0.22
01_ch2_cla_l1_20240701T091915848_20240701T091923848.fits,41.3299,-126.277,39.9843,-126.29,39.971,-125.055,41.3164,-125.017,0.31
01_ch2_cla_l1_20240701T153625767_20240701T153633767.fits,-40.94,-130.829,-42.183,-130.866,-42.1958,-129.736,-40.9526,-129.719,0.42
01_ch2_cla_l1_20240701T090019848_20240701T090027848.fits,82.5574,46.3236,81.3945,47.3748,81.4491,52.4724,82.6207,52.2253,0.29
01_ch2_cla_l1_20240701T172645826_20240701T172653826.fits,-21.968,-131.493,-23.2698,-131.516,-23.2811,-130.537,-21.9794,-130.522,0.38
01_ch2_cla_l1_20240701T145425767_20240701T145433767.fits,85.4367,-126.348,84.2218,-126.992,84.1322,-119.048,85.3241,-116.39,0.65
01_ch2_cla_l1_20240701T140117195_20240701T140125195.fits,-71.5778,52.1566,-72.5726,52.2212,-72.5514,54.1426,-71.5577,53.973,0.2
01_ch2_cla_l1_20240701T154953767_20240701T155001767.fits,-82.3316,-137.178,-83.4069,-138.383,-83.473,-132.542,-82.3886,-132.139,0.71
01_ch2_cla_l1_20240701T133237196_20240701T133245196.fits,-19.0889,-129.255,-20.3981,-129.276,-20.409,-128.308,-19.0997,-128.294,0.19
01_ch2_cla_l1_20240701T100715848_20240701T100723848.fits,-74.1762,54.4475,-75.174,54.5287,-75.1499,56.7897,-74.1536,56.5637,1.04
01_ch2_cla_l1_20240701T113656112_20240701T113704112.fits,-21.829,-128.209,-23.1314,-128.231,-23.1421,-127.253,-21.8397,-127.238,0.16
01_ch2_cla_l1_20240701T190834911_20240701T190842911.fits,22.3775,-131.927,21.0241,-131.942,21.0121,-130.919,22.3654,-130.895,1.13
01_ch2_cla_l1_20240701T132501195_20240701T132509195.fits,3.7422,-128.918,2.3914,-128.934,2.3807,-127.981,3.7316,-127.964,0.29
01_ch2_cla_l1_20240701T135133196_20240701T135141196.fits,-76.9328,-133.001,-78.0338,-133.397,-78.0707,-130.067,-76.9667,-129.939,0.31
01_ch2_cla_l1_20240701T113128112_20240701T113136112.fits,-5.3788,-127.953,-6.7181,-127.969,-6.7285,-127.024,-5.3892,-127.009,0.84
01_ch2_cla_l1_20240701T115000112_20240701T115008112.fits,-61.6299,-129.548,-62.7922,-129.637,-62.8101,-127.991,-61.6472,-127.96,0.83
01_ch2_cla_l1_20240701T131237196_20240701T131245195.fits,40.8406,-128.443,39.4986,-128.457,39.4852,-127.236,40.8269,-127.198,0.55
01_ch2_cla_l1_20240701T131357196_20240701T131405196.fits,36.8487,-128.497,35.5011,-128.511,35.4883,-127.346,36.8357,-127.313,0.16
01_ch2_cla_l1_20240701T152857767_20240701T152905767.fits,-18.3316,-130.335,-19.6424,-130.356,-19.6534,-129.391,-18.3425,-129.376,0.71
01_ch2_cla_l1_20240701T171029826_20240701T171037826.fits,26.8263,-130.789,25.4733,-130.804,25.4612,-129.747,26.8141,-129.72,0.97
01_ch2_cla_l1_20240701T151945767_20240701T151953767.fits,9.2874,-129.933,7.9329,-129.948,7.922,-128.983,9.2764,-128.964,1.02
01_ch2_cla_l1_20240701T165453826_20240701T165501826.fits,73.7077,-129.715,72.4528,-129.783,72.4207,-126.963,73.6731,-126.691,0.54
01_ch2_cla_l1_20240701T110744112_20240701T110752112.fits,65.73,-126.897,64.4428,-126.927,64.4206,-124.877,65.7067,-124.748,1.13
01_ch2_cla_l1_20240701T165101826_20240701T165109826.fits,85.4437,-127.257,84.2312,-127.939,84.14,-120.008,85.3291,-117.32,0.1
01_ch2_cla_l1_20240701T154249767_20240701T154257767.fits,-60.5134,-131.693,-61.6833,-131.778,-61.7014,-130.175,-60.5309,-130.145,0.59
01_ch2_cla_l1_20240701T093035848_20240701T093043848.fits,7.4427,-126.695,6.0855,-126.71,6.0751,-125.746,7.4323,-125.728,0.72
01_ch2_cla_l1_20240701T090403848_20240701T090411848.fits,87.1415,-121.886,85.9274,-123.148,85.8072,-112.009,86.973,-106.42,0.72
01_ch2_cla_l1_20240701T091211848_20240701T091219848.fits,62.5357,-125.913,61.2367,-125.938,61.2167,-124.074,62.5149,-123.971,0.96
01_ch2_cla_l1_20240701T125245195_20240701T125253195.fits,80.1604,45.9654,79.0071,46.5914,79.0504,50.5159,80.2089,50.354,0.26
01_ch2_cla_l1_20240701T193818911_20240701T193826911.fits,-67.5632,-134.583,-68.7082,-134.729,-68.7323,-132.706,-67.5862,-132.653,1.05
01_ch2_cla_l1_20240701T132949195_20240701T132957195.fits,-10.6597,-129.12,-11.988,-129.138,-11.9986,-128.19,-10.6703,-128.175,0.08
01_ch2_cla_l1_20240701T184314911_20240701T184322911.fits,82.231,40.8189,81.0789,41.8346,81.1359,46.6783,82.2965,46.3896,1.1
01_ch2_cla_l1_20240701T150225767_20240701T150233767.fits,61.2247,-129.149,59.9293,-129.175,59.9094,-127.393,61.204,-127.296,0.08
01_ch2_cla_l1_20240701T114728112_20240701T114736112.fits,-53.8503,-129.096,-55.0437,-129.154,-55.0586,-127.784,-53.8648,-127.762,0.52
01_ch2_cla_l1_20240701T094555848_20240701T094603848.fits,-38.7538,-127.473,-40.0026,-127.505,-40.0144,-126.404,-38.7654,-126.389,0.25
01_ch2_cla_l1_20240701T131909196_20240701T131917196.fits,21.2959,-128.696,19.9366,-128.71,19.9253,-127.688,21.2845,-127.665,0.45
01_ch2_cla_l1_20240701T112600112_20240701T112608112.fits,10.9986,-127.738,9.6401,-127.752,9.6294,-126.779,10.9879,-126.76,0.36
01_ch2_cla_l1_20240701T085619848_20240701T085627848.fits,70.2573,51.2581,69.1361,51.4155,69.1574,53.4084,70.2798,53.3638,0.43
01_ch2_cla_l1_20240701T125653195_20240701T125701196.fits,88.2911,-120.434,87.09,-123.682,86.9209,-108.641,88.0173,-96.8724,0.95
01_ch2_cla_l1_20240701T192538911_20240701T192546911.fits,-28.8851,-132.727,-30.1672,-132.754,-30.1794,-131.737,-28.8971,-131.721,0.42
01_ch2_cla_l1_20240701T130733196_20240701T130741195.fits,56.0396,-128.195,54.7284,-128.215,54.7111,-126.639,56.0217,-126.568,0.02
01_ch2_cla_l1_20240701T135653195_20240701T135701195.fits,-85.3478,55.1429,-86.3864,56.2739,-86.2784,65.9201,-85.2636,62.7025,0.49
01_ch2_cla_l1_20240701T175045826_20240701T175053826.fits,-83.2304,51.9616,-84.2677,52.4973,-84.1962,58.6562,-83.1699,57.1847,0.94
01_ch2_cla_l1_20240701T192906911_20240701T192914911.fits,-39.3995,-132.988,-40.6489,-133.024,-40.6622,-131.911,-39.4126,-131.894,1.16
01_ch2_cla_l1_20240701T134437196_20240701T134445196.fits,-55.5587,-130.286,-56.7463,-130.35,-56.7621,-128.929,-55.574,-128.905,0.92
01_ch2_cla_l1_20240701T153801767_20240701T153809767.fits,-45.8152,-130.983,-47.0408,-131.026,-47.0544,-129.824,-45.8286,-129.805,1.03
01_ch2_cla_l1_20240701T124925195_20240701T124933195.fits,69.8892,49.087,68.7725,49.2413,68.794,51.1882,69.9118,51.1418,1.17
01_ch2_cla_l1_20240701T114056112_20240701T114104112.fits,-33.9317,-128.452,-35.1975,-128.481,-35.209,-127.427,-33.9431,-127.412,0.78
01_ch2_cla_l1_20240701T132733196_20240701T132741196.fits,-3.8524,-129.021,-5.1931,-129.038,-5.2037,-128.093,-3.8629,-128.077,0.48
01_ch2_cla_l1_20240701T134925195_20240701T134933196.fits,-70.3341,-131.56,-71.463,-131.738,-71.488,-129.48,-70.3577,-129.422,0.18
01_ch2_cla_l1_20240701T153449767_20240701T153457767.fits,-36.0761,-130.699,-37.3356,-130.73,-37.3478,-129.655,-36.0881,-129.639,1.08
01_ch2_cla_l1_20240701T170253826_20240701T170301826.fits,49.5952,-130.456,48.2737,-130.474,48.258,-129.09,49.5791,-129.036,0.25
01_ch2_cla_l1_20240701T094635848_20240701T094643848.fits,-40.7823,-127.527,-42.0239,-127.561,-42.036,-126.437,-40.7942,-126.421,0.96
01_ch2_cla_l1_20240701T164629826_20240701T164637826.fits,81.7908,42.4308,80.6375,43.3343,80.6905,47.9526,81.8514,47.7051,0.31
01_ch2_cla_l1_20240701T091107848_20240701T091115848.fits,65.7486,-125.83,64.4591,-125.859,64.4371,-123.802,65.7255,-123.673,0.81
01_ch2_cla_l1_20240701T131541196_20240701T131549196.fits,31.6625,-128.565,30.3092,-128.579,30.297,-127.474,31.6501,-127.445,0.75
01_ch2_cla_l1_20240701T170701826_20240701T170709826.fits,37.2026,-130.648,35.8595,-130.664,35.8463,-129.499,37.1891,-129.465,0.32
01_ch2_cla_l1_20240701T191514911_20240701T191522911.fits,2.418,-132.196,1.0721,-132.213,1.0609,-131.266,2.4068,-131.249,0.28
01_ch2_cla_l1_20240701T130445195_20240701T130453195.fits,64.4679,-127.998,63.1795,-128.028,63.1578,-126.064,64.4453,-125.945,0.13
01_ch2_cla_l1_20240701T095307848_20240701T095315848.fits,-60.7753,-128.378,-61.9398,-128.461,-61.957,-126.857,-60.7919,-126.829,0.22
01_ch2_cla_l1_20240701T100339848_20240701T100347848.fits,-85.4427,57.1588,-86.4769,58.2663,-86.3707,68.0866,-85.3603,64.8182,1.0
01_ch2_cla_l1_20240701T092611848_20240701T092619848.fits,20.5998,-126.535,19.2371,-126.548,19.2262,-125.527,20.5887,-125.505,0.11
01_ch2_cla_l1_20240701T093003848_20240701T093011848.fits,9.0388,-126.675,7.6799,-126.69,7.6695,-125.721,9.0282,-125.703,0.34
01_ch2_cla_l1_20240701T090435848_20240701T090443848.fits,85.5218,-123.451,84.3004,-124.027,84.2131,-115.905,85.4115,-113.214,1.03
01_ch2_cla_l1_20240701T174053826_20240701T174101826.fits,-65.0371,-133.181,-66.1905,-133.299,-66.2119,-131.457,-65.0575,-131.415,0.64
01_ch2_cla_l1_20240701T113344112_20240701T113352112.fits,-12.1887,-128.052,-13.5145,-128.07,-13.525,-127.119,-12.1992,-127.104,0.12
01_ch2_cla_l1_20240701T134645195_20240701T134653195.fits,-62.1117,-130.696,-63.2738,-130.788,-63.2923,-129.116,-62.1296,-129.084,0.03
01_ch2_cla_l1_20240701T120400112_20240701T120408112.fits,-73.7338,53.3571,-74.7329,53.4365,-74.709,55.6385,-73.7114,55.4219,0.97
01_ch2_cla_l1_20240701T174501826_20240701T174509826.fits,-77.8011,-135.619,-78.902,-136.09,-78.9435,-132.499,-77.8391,-132.34,0.59
01_ch2_cla_l1_20240701T145649767_20240701T145657767.fits,78.148,-128.315,76.9058,-128.428,76.8645,-124.74,78.1024,-124.255,1.0
01_ch2_cla_l1_20240701T172429826_20240701T172437826.fits,-15.1359,-131.373,-16.4537,-131.393,-16.4649,-130.438,-15.1469,-130.423,0.97
01_ch2_cla_l1_20240701T131453195_20240701T131501195.fits,34.0558,-128.534,32.7049,-128.548,32.6925,-127.417,34.0431,-127.386,0.87
01_ch2_cla_l1_20240701T174949826_20240701T174957826.fits,-86.1354,54.1368,-87.179,56.0282,-87.0342,68.2782,-86.0288,63.2655,0.86
01_ch2_cla_l1_20240701T110528112_20240701T110536112.fits,72.5736,-126.637,71.3079,-126.689,71.2787,-124.001,72.5424,-123.765,0.25
01_ch2_cla_l1_20240701T154025767_20240701T154033767.fits,-53.1505,-131.275,-54.3487,-131.333,-54.3641,-129.977,-53.1654,-129.955,1.12
01_ch2_cla_l1_20240701T190802911_20240701T190810911.fits,23.9733,-131.905,22.6207,-131.92,22.6087,-130.887,23.9611,-130.862,0.19
01_ch2_cla_l1_20240701T184738911_20240701T184746911.fits,85.4017,-128.171,84.1914,-128.884,84.0989,-121.028,85.2858,-118.354,1.09
01_ch2_cla_l1_20240701T131101195_20240701T131109195.fits,45.6343,-128.373,44.3005,-128.388,44.2862,-127.084,45.6197,-127.038,0.54
01_ch2_cla_l1_20240701T110256112_20240701T110304112.fits,80.2458,-126.0,79.0066,-126.146,78.9592,-121.784,80.1926,-121.103,0.85
01_ch2_cla_l1_20240701T093419848_20240701T093427848.fits,-3.7417,-126.84,-5.0758,-126.856,-5.086,-125.91,-3.7519,-125.895,0.25
01_ch2_cla_l1_20240701T171245826_20240701T171253826.fits,20.0454,-130.878,18.6896,-130.892,18.678,-129.882,20.0337,-129.859,1.01
01_ch2_cla_l1_20240701T172413826_20240701T172421826.fits,-14.3331,-131.36,-15.6527,-131.38,-15.6638,-130.426,-14.3442,-130.411,0.79
01_ch2_cla_l1_20240701T113120112_20240701T113128112.fits,-4.9786,-127.947,-6.3185,-127.964,-6.3289,-127.018,-4.989,-127.003,1.03
01_ch2_cla_l1_20240701T151505767_20240701T151513767.fits,23.2484,-129.755,21.8918,-129.769,21.8802,-128.736,23.2367,-128.712,0.04
01_ch2_cla_l1_20240701T151337767_20240701T151345767.fits,27.6353,-129.699,26.2808,-129.713,26.2688,-128.647,27.6232,-128.62,0.94
01_ch2_cla_l1_20240701T115008112_20240701T115016112.fits,-62.04,-129.578,-63.2008,-129.669,-63.219,-128.004,-62.0575,-127.973,1.06
01_ch2_cla_l1_20240701T174717826_20240701T174725826.fits,-84.7957,-141.926,-85.8492,-144.76,-85.9562,-135.595,-84.881,-134.595,1.17
01_ch2_cla_l1_20240701T145033767_20240701T145041767.fits,83.8356,41.1634,82.6781,42.696,82.7455,48.6769,83.9158,48.2796,0.57
01_ch2_cla_l1_20240701T132509195_20240701T132517195.fits,3.3429,-128.923,1.9923,-128.939,1.9817,-127.987,3.3322,-127.97,0.35
01_ch2_cla_l1_20240701T184858911_20240701T184906911.fits,81.3482,-129.824,80.122,-130.05,80.0662,-125.285,81.2847,-124.408,0.85
01_ch2_cla_l1_20240701T090843848_20240701T090851848.fits,72.993,-125.56,71.7262,-125.612,71.6968,-122.861,72.9615,-122.616,0.93
01_ch2_cla_l1_20240701T133957195_20240701T134005195.fits,-41.3004,-129.74,-42.5414,-129.776,-42.554,-128.642,-41.3128,-128.626,0.27
01_ch2_cla_l1_20240701T193042911_20240701T193050911.fits,-44.2696,-133.139,-45.5022,-133.181,-45.5163,-132.001,-44.2834,-131.982,0.29
01_ch2_cla_l1_20240701T131317195_20240701T131325195.fits,38.8446,-128.47,37.4995,-128.485,37.4864,-127.293,38.8312,-127.257,1.06
01_ch2_cla_l1_20240701T090627848_20240701T090635848.fits,79.8554,-125.021,78.6125,-125.152,78.5672,-120.918,79.8047,-120.286,0.16
01_ch2_cla_l1_20240701T192650911_20240701T192658911.fits,-32.5191,-132.809,-33.7905,-132.839,-33.803,-131.795,-32.5315,-131.779,0.53
01_ch2_cla_l1_20240701T132941195_20240701T132949195.fits,-10.2588,-129.114,-11.5882,-129.132,-11.5988,-128.184,-10.2694,-128.169,0.27
01_ch2_cla_l1_20240701T165109826_20240701T165117826.fits,85.0383,-127.529,83.824,-128.115,83.7386,-120.677,84.9326,-118.354,0.04
01_ch2_cla_l1_20240701T154241767_20240701T154249767.fits,-60.1035,-131.665,-61.2751,-131.748,-61.293,-130.162,-60.1209,-130.132,0.2
01_ch2_cla_l1_20240701T090955848_20240701T091003848.fits,69.368,-125.714,68.0896,-125.751,68.0645,-123.406,69.3415,-123.234,0.67
01_ch2_cla_l1_20240701T110512112_20240701T110520112.fits,73.3799,-126.595,72.1171,-126.651,72.0868,-123.856,73.3474,-123.598,0.27
01_ch2_cla_l1_20240701T095955848_20240701T100003848.fits,-81.7921,-133.165,-82.865,-134.161,-82.9224,-128.798,-81.8421,-128.487,0.57
01_ch2_cla_l1_20240701T095059848_20240701T095107848.fits,-54.2235,-128.009,-55.4144,-128.067,-55.4291,-126.689,-54.2379,-126.668,0.84
01_ch2_cla_l1_20240701T145817767_20240701T145825767.fits,73.7042,-128.675,72.4468,-128.739,72.4152,-125.912,73.6702,-125.642,1.02
01_ch2_cla_l1_20240701T171021826_20240701T171029826.fits,27.2252,-130.784,25.8724,-130.798,25.8603,-129.738,27.2129,-129.712,0.66
01_ch2_cla_l1_20240701T093131848_20240701T093139848.fits,4.649,-126.73,3.2944,-126.745,3.2841,-125.788,4.6387,-125.771,0.54
01_ch2_cla_l1_20240701T133213195_20240701T133221195.fits,-17.8833,-129.235,-19.1955,-129.255,-19.2062,-128.291,-17.894,-128.277,0.18
01_ch2_cla_l1_20240701T191146911_20240701T191154911.fits,12.801,-132.054,11.4477,-132.07,11.4362,-131.096,12.7894,-131.076,0.77
01_ch2_cla_l1_20240701T150041767_20240701T150049767.fits,66.4505,-128.999,65.1703,-129.034,65.1469,-126.945,66.426,-126.807,0.05
01_ch2_cla_l1_20240701T140133196_20240701T140141196.fits,-70.7398,52.1076,-71.7315,52.1683,-71.711,53.9954,-70.7206,53.8396,0.01
01_ch2_cla_l1_20240701T092723848_20240701T092731848.fits,17.0133,-126.578,15.6506,-126.592,15.6398,-125.591,17.0024,-125.57,1.2
01_ch2_cla_l1_20240701T153153767_20240701T153201767.fits,-27.1876,-130.499,-28.4746,-130.524,-28.4861,-129.519,-27.1989,-129.504,0.98
01_ch2_cla_l1_20240701T094427848_20240701T094435848.fits,-34.2983,-127.364,-35.5626,-127.393,-35.5739,-126.336,-34.3096,-126.321,0.22
01_ch2_cla_l1_20240701T112416112_20240701T112424112.fits,16.1828,-127.674,14.8221,-127.688,14.8112,-126.693,16.1718,-126.672,0.16
01_ch2_cla_l1_20240701T173309826_20240701T173317826.fits,-41.3615,-131.943,-42.6037,-131.98,-42.6169,-130.844,-41.3745,-130.827,1.07
01_ch2_cla_l1_20240701T164805826_20240701T164813826.fits,86.6123,31.7143,85.4748,36.3297,85.5881,46.1295,86.7653,44.8564,0.32
01_ch2_cla_l1_20240701T175221826_20240701T175229826.fits,-78.233,50.7059,-79.2542,50.8742,-79.2169,54.1052,-78.199,53.6539,0.13
01_ch2_cla_l1_20240701T091259848_20240701T091307848.fits,60.1283,-125.968,58.8227,-125.99,58.804,-124.244,60.1089,-124.155,0.45
01_ch2_cla_l1_20240701T184450911_20240701T184458911.fits,87.0283,27.702,85.9039,33.601,86.0322,44.4245,87.2082,42.6909,1.11
01_ch2_cla_l1_20240701T185242911_20240701T185250911.fits,70.0305,-130.954,68.766,-131.005,68.7383,-128.629,70.0012,-128.439,0.53
01_ch2_cla_l1_20240701T114712112_20240701T114720112.fits,-53.0335,-129.058,-54.2299,-129.114,-54.2446,-127.766,-53.0478,-127.744,1.14
01_ch2_cla_l1_20240701T170517826_20240701T170525826.fits,42.3956,-130.572,41.0606,-130.588,41.0465,-129.348,42.3812,-129.307,0.63
01_ch2_cla_l1_20240701T111208112_20240701T111216112.fits,52.4947,-127.187,51.1724,-127.204,51.1565,-125.735,52.4783,-125.674,1.07
01_ch2_cla_l1_20240701T155137767_20240701T155145767.fits,-87.5927,-153.643,-88.505,-170.319,-88.8181,-145.627,-87.7741,-138.125,1.02
01_ch2_cla_l1_20240701T155705767_20240701T155713767.fits,-74.0579,51.2795,-75.0631,51.3679,-75.0374,53.6424,-74.0338,53.4088,0.36
01_ch2_cla_l1_20240701T135933195_20240701T135941195.fits,-77.0158,52.6068,-78.028,52.7346,-77.9963,55.5948,-76.9866,55.2413,0.23
01_ch2_cla_l1_20240701T094755848_20240701T094803848.fits,-44.8456,-127.647,-46.0722,-127.687,-46.0849,-126.505,-44.858,-126.488,0.55
01_ch2_cla_l1_20240701T153233767_20240701T153241767.fits,-29.2046,-130.541,-30.4857,-130.567,-30.4974,-129.549,-29.2161,-129.534,0.69
01_ch2_cla_l1_20240701T100051848_20240701T100059848.fits,-84.6723,-136.721,-85.7215,-139.238,-85.816,-130.461,-84.7482,-129.652,1.02
01_ch2_cla_l1_20240701T114904112_20240701T114912112.fits,-58.76,-129.358,-59.9339,-129.432,-59.9506,-127.906,-58.7761,-127.88,0.92
01_ch2_cla_l1_20240701T105320112_20240701T105328112.fits,71.497,49.9403,70.3726,50.1205,70.3955,52.2442,71.5214,52.193,0.74
01_ch2_cla_l1_20240701T131725196_20240701T131733196.fits,26.4788,-128.631,25.1215,-128.645,25.1098,-127.587,26.4669,-127.561,1.1
01_ch2_cla_l1_20240701T151353767_20240701T151401767.fits,26.8376,-129.709,25.4827,-129.723,25.4708,-128.664,26.8256,-128.637,0.06
01_ch2_cla_l1_20240701T130621195_20240701T130629195.fits,59.6488,-128.12,58.347,-128.143,58.328,-126.427,59.6292,-126.34,0.07
01_ch2_cla_l1_20240701T164613826_20240701T164621826.fits,80.9756,43.102,79.8241,43.8557,79.8726,48.0888,81.0304,47.8811,0.09
01_ch2_cla_l1_20240701T190930911_20240701T190938911.fits,19.5847,-131.964,18.2308,-131.979,18.219,-130.973,19.5728,-130.95,0.77
01_ch2_cla_l1_20240701T092947848_20240701T092955848.fits,9.8365,-126.665,8.4772,-126.68,8.4667,-125.709,9.826,-125.69,1.05
01_ch2_cla_l1_20240701T135925195_20240701T135933195.fits,-77.4334,52.6562,-78.447,52.7926,-78.4141,55.7618,-77.4033,55.3831,0.98
01_ch2_cla_l1_20240701T155849767_20240701T155856395.fits,-68.686,50.9423,-69.6025,50.9896,-69.5841,52.6215,-68.6683,52.5039,0.27
01_ch2_cla_l1_20240701T191538911_20240701T191546911.fits,1.2189,-132.213,-0.1257,-132.23,-0.1369,-131.285,1.2077,-131.267,0.06
01_ch2_cla_l1_20240701T132909196_20240701T132917196.fits,-8.6562,-129.09,-9.9886,-129.108,-9.9992,-128.162,-8.6667,-128.146,0.96
01_ch2_cla_l1_20240701T111600112_20240701T111608112.fits,40.9044,-127.363,39.5601,-127.377,39.5468,-126.151,40.8909,-126.113,0.06
01_ch2_cla_l1_20240701T144929767_20240701T144937767.fits,80.5832,44.5426,79.4306,45.2297,79.4765,49.3087,80.6347,49.1257,1.19
01_ch2_cla_l1_20240701T153225767_20240701T153233767.fits,-28.8011,-130.532,-30.0833,-130.559,-30.0949,-129.543,-28.8126,-129.528,0.93
01_ch2_cla_l1_20240701T183906911_20240701T183914911.fits,69.5027,45.7836,68.392,45.9372,68.4142,47.834,69.5262,47.7834,0.84
01_ch2_cla_l1_20240701T125205196_20240701T125213196.fits,78.1147,47.0108,76.9679,47.4449,77.0041,50.725,78.1544,50.6098,0.95
01_ch2_cla_l1_20240701T131733196_20240701T131741196.fits,26.0799,-128.636,24.7226,-128.65,24.7109,-127.595,26.0681,-127.569,0.42
01_ch2_cla_l1_20240701T130229195_20240701T130237195.fits,71.3101,-127.753,70.0428,-127.801,70.0149,-125.271,71.2805,-125.062,1.05
01_ch2_cla_l1_20240701T105728112_20240701T105736112.fits,84.1823,42.9475,83.0205,44.627,83.0893,50.9467,84.2651,50.543,0.89
01_ch2_cla_l1_20240701T191906911_20240701T191914911.fits,-9.1863,-132.367,-10.5157,-132.387,-10.5269,-131.442,-9.1976,-131.426,1.05
01_ch2_cla_l1_20240701T130909196_20240701T130917195.fits,51.2337,-128.283,49.9111,-128.301,49.8953,-126.869,51.2175,-126.812,0.97
01_ch2_cla_l1_20240701T175525826_20240701T175533671.fits,-68.6237,49.8874,-69.6065,49.9399,-69.5876,51.5798,-68.6056,51.4515,0.48
01_ch2_cla_l1_20240701T085555848_20240701T085603848.fits,69.0197,51.4382,67.9032,51.5775,67.9232,53.4503,69.0407,53.4101,1.06
01_ch2_cla_l1_20240701T150801767_20240701T150809767.fits,44.4006,-129.468,43.0668,-129.484,43.0525,-128.205,44.386,-128.161,0.17
01_ch2_cla_l1_20240701T094619848_20240701T094627848.fits,-39.9705,-127.505,-41.215,-127.538,-41.2271,-126.423,-39.9824,-126.408,0.84
01_ch2_cla_l1_20240701T092107848_20240701T092115848.fits,35.7451,-126.35,34.3917,-126.363,34.3793,-125.206,35.7325,-125.174,0.73
01_ch2_cla_l1_20240701T094203848_20240701T094211848.fits,-27.0274,-127.211,-28.3148,-127.235,-28.3257,-126.231,-27.0381,-126.217,0.03
01_ch2_cla_l1_20240701T095411848_20240701T095419848.fits,-64.0594,-128.627,-65.2107,-128.73,-65.2296,-126.963,-64.0776,-126.929,1.14
01_ch2_cla_l1_20240701T150449767_20240701T150457767.fits,54.0044,-129.306,52.6905,-129.325,52.6737,-127.819,53.987,-127.754,0.97
01_ch2_cla_l1_20240701T114144112_20240701T114152112.fits,-36.36,-128.51,-37.6177,-128.54,-37.6295,-127.464,-36.3716,-127.449,0.01
01_ch2_cla_l1_20240701T173253826_20240701T173301826.fits,-40.55,-131.919,-41.795,-131.956,-41.8081,-130.829,-40.5629,-130.812,0.24
01_ch2_cla_l1_20240701T100811848_20240701T100819848.fits,-71.2433,54.2585,-72.2321,54.3172,-72.2122,56.1815,-71.2244,56.0231,0.71
01_ch2_cla_l1_20240701T133445195_20240701T133453195.fits,-25.5285,-129.372,-26.8205,-129.395,-26.8316,-128.4,-25.5395,-128.385,0.41
01_ch2_cla_l1_20240701T192514911_20240701T192522911.fits,-27.6748,-132.701,-28.9607,-132.727,-28.9727,-131.718,-27.6868,-131.703,1.19
01_ch2_cla_l1_20240701T173701826_20240701T173709826.fits,-53.1538,-132.384,-54.3576,-132.443,-54.3733,-131.085,-53.1691,-131.061,0.62
01_ch2_cla_l1_20240701T085635848_20240701T085643848.fits,71.0818,51.1256,69.9573,51.2967,69.9796,53.3779,71.1053,53.3303,0.17
01_ch2_cla_l1_20240701T093435848_20240701T093443848.fits,-4.5416,-126.851,-5.8831,-126.868,-5.8934,-125.921,-4.5518,-125.906,0.59
01_ch2_cla_l1_20240701T110344112_20240701T110352112.fits,77.8203,-126.281,76.5725,-126.378,76.5331,-122.753,77.7771,-122.299,0.41
01_ch2_cla_l1_20240701T165501826_20240701T165509826.fits,73.3041,-129.74,72.0479,-129.805,72.0164,-127.043,73.2703,-126.782,0.56
01_ch2_cla_l1_20240701T154649767_20240701T154657767.fits,-72.8454,-133.115,-73.9656,-133.35,-73.9947,-130.781,-72.8726,-130.703,1.06
01_ch2_cla_l1_20240701T091611848_20240701T091619848.fits,50.5176,-126.143,49.1888,-126.159,49.1736,-124.738,50.502,-124.684,0.69
01_ch2_cla_l1_20240701T131557196_20240701T131605195.fits,30.8649,-128.576,29.5107,-128.589,29.4986,-127.492,30.8527,-127.463,0.48
01_ch2_cla_l1_20240701T090003848_20240701T090011848.fits,81.7441,47.1001,80.5829,47.9638,80.6325,52.6036,81.8009,52.3985,0.93
01_ch2_cla_l1_20240701T125645195_20240701T125653195.fits,88.6925,-117.978,87.4964,-122.919,87.3021,-105.749,88.3513,-89.5235,0.76
01_ch2_cla_l1_20240701T184714911_20240701T184722911.fits,86.6173,-126.916,85.4128,-128.141,85.2971,-118.337,86.4624,-113.888,0.32
01_ch2_cla_l1_20240701T115848112_20240701T115856112.fits,-88.9716,165.946,-89.0588,142.169,-89.6983,141.858,-88.5866,-169.497,0.98
01_ch2_cla_l1_20240701T171429826_20240701T171437826.fits,14.8594,-130.945,13.5038,-130.96,13.4925,-129.976,14.848,-129.955,0.52
01_ch2_cla_l1_20240701T165053826_20240701T165101826.fits,85.8491,-126.934,84.6383,-127.738,84.5405,-119.24,85.7239,-116.095,0.91
01_ch2_cla_l1_20240701T133557196_20240701T133605196.fits,-29.1583,-129.444,-30.4394,-129.47,-30.4508,-128.452,-29.1695,-128.438,0.63
01_ch2_cla_l1_20240701T113528112_20240701T113536112.fits,-17.4062,-128.134,-18.7201,-128.154,-18.7307,-127.191,-17.4168,-127.177,0.21
01_ch2_cla_l1_20240701T115400112_20240701T115408112.fits,-73.9754,-131.08,-75.0873,-131.34,-75.1169,-128.618,-74.0031,-128.535,0.03
01_ch2_cla_l1_20240701T132453195_20240701T132501195.fits,4.1414,-128.913,2.7903,-128.928,2.7796,-127.975,4.1308,-127.958,0.17
01_ch2_cla_l1_20240701T090419848_20240701T090427848.fits,86.3317,-122.842,85.1139,-123.66,85.0129,-114.268,86.1985,-110.516,1.2
01_ch2_cla_l1_20240701T172245826_20240701T172253826.fits,-9.9214,-131.29,-11.2502,-131.309,-11.2612,-130.362,-9.9324,-130.347,0.96
01_ch2_cla_l1_20240701T165949826_20240701T165957826.fits,58.8145,-130.271,57.515,-130.295,57.496,-128.624,58.7948,-128.54,0.28
01_ch2_cla_l1_20240701T145025767_20240701T145033767.fits,83.4311,41.7661,82.2735,43.1276,82.3372,48.7838,83.5062,48.4297,0.46
01_ch2_cla_l1_20240701T113256112_20240701T113304112.fits,-9.7835,-128.016,-11.1146,-128.034,-11.125,-127.086,-9.7939,-127.071,1.07
01_ch2_cla_l1_20240701T100315848_20240701T100323848.fits,-86.6877,58.5553,-87.723,60.908,-87.5608,75.645,-86.5744,69.0122,0.66
01_ch2_cla_l1_20240701T125533196_20240701T125541195.fits,88.4354,10.8967,87.414,28.4773,87.6132,46.0253,88.7933,40.3505,0.92
01_ch2_cla_l1_20240701T134029195_20240701T134037195.fits,-42.9247,-129.788,-44.1599,-129.826,-44.1728,-128.67,-42.9373,-128.653,0.27
01_ch2_cla_l1_20240701T193802911_20240701T193810911.fits,-66.7414,-134.487,-67.8895,-134.624,-67.9129,-132.663,-66.7637,-132.614,1.18
01_ch2_cla_l1_20240701T152505767_20240701T152513767.fits,-6.6994,-130.151,-8.0347,-130.169,-8.0454,-129.225,-6.7102,-129.209,0.44
01_ch2_cla_l1_20240701T152337767_20240701T152345767.fits,-2.2979,-130.088,-3.6399,-130.105,-3.6507,-129.161,-2.3086,-129.145,0.86
01_ch2_cla_l1_20240701T110120112_20240701T110128112.fits,85.104,-124.657,83.8833,-125.172,83.8008,-117.597,85.0015,-115.273,0.78
01_ch2_cla_l1_20240701T100747848_20240701T100755848.fits,-72.5009,54.3327,-73.4934,54.3995,-73.4719,56.4162,-72.4806,56.2333,0.68
01_ch2_cla_l1_20240701T171413826_20240701T171421826.fits,15.6572,-130.935,14.3017,-130.949,14.2903,-129.962,15.6458,-129.941,0.04
01_ch2_cla_l1_20240701T154033767_20240701T154041767.fits,-53.5586,-131.295,-54.7552,-131.353,-54.7708,-129.987,-53.5737,-129.964,0.21
01_ch2_cla_l1_20240701T134837195_20240701T134845195.fits,-67.864,-131.237,-69.0029,-131.379,-69.0254,-129.347,-67.8854,-129.299,0.62
01_ch2_cla_l1_20240701T125421195_20240701T125429195.fits,85.0293,40.0065,83.8715,42.2709,83.9514,49.481,85.1282,48.9158,0.69
01_ch2_cla_l1_20240701T165717826_20240701T165725826.fits,66.4516,-130.055,65.1738,-130.091,65.15,-128.008,66.4267,-127.868,0.56
01_ch2_cla_l1_20240701T093843848_20240701T093851848.fits,-16.9667,-127.035,-18.2819,-127.054,-18.2923,-126.092,-16.977,-126.078,1.1
01_ch2_cla_l1_20240701T131509195_20240701T131517195.fits,33.258,-128.545,31.9062,-128.559,31.8938,-127.436,33.2455,-127.406,1.08
01_ch2_cla_l1_20240701T154817767_20240701T154825767.fits,-77.3825,-134.303,-78.4834,-134.735,-78.5225,-131.275,-77.4183,-131.133,0.32
01_ch2_cla_l1_20240701T095523848_20240701T095531848.fits,-67.7612,-128.988,-68.8971,-129.125,-68.9187,-127.112,-67.7817,-127.068,0.43
01_ch2_cla_l1_20240701T134013195_20240701T134021195.fits,-42.1123,-129.764,-43.3506,-129.801,-43.3633,-128.656,-42.1249,-128.639,1.16
01_ch2_cla_l1_20240701T094331848_20240701T094339848.fits,-31.4679,-127.301,-32.7415,-127.328,-32.7526,-126.294,-31.4789,-126.28,0.23
01_ch2_cla_l1_20240701T131941195_20240701T131949195.fits,19.7008,-128.716,18.3419,-128.73,18.3307,-127.718,19.6895,-127.696,0.65
01_ch2_cla_l1_20240701T190042911_20240701T190050911.fits,45.9395,-131.586,44.613,-131.604,44.5979,-130.303,45.9241,-130.256,0.53
01_ch2_cla_l1_20240701T132317195_20240701T132325195.fits,8.932,-128.851,7.5763,-128.866,7.5656,-127.901,8.9212,-127.882,0.53
01_ch2_cla_l1_20240701T093627848_20240701T093635848.fits,-10.1468,-126.93,-11.4777,-126.948,-11.488,-125.999,-10.157,-125.984,0.44
01_ch2_cla_l1_20240701T191650911_20240701T191658911.fits,-2.3801,-132.265,-3.7201,-132.282,-3.7313,-131.34,-2.3913,-131.323,0.05
01_ch2_cla_l1_20240701T174109826_20240701T174117826.fits,-65.8584,-133.263,-67.0088,-133.388,-67.0308,-131.493,-65.8794,-131.449,0.08
01_ch2_cla_l1_20240701T145241767_20240701T145249767.fits,89.7435,-53.1277,88.8609,-63.6723,88.9142,-22.189,89.232,31.7823,1.09
01_ch2_cla_l1_20240701T115616112_20240701T115624112.fits,-80.9942,-133.746,-82.0737,-134.579,-82.1267,-129.708,-81.041,-129.443,0.12
01_ch2_cla_l1_20240701T184346911_20240701T184354911.fits,83.8531,38.717,82.7,40.294,82.7702,46.26,83.9366,45.8158,0.51
01_ch2_cla_l1_20240701T172021826_20240701T172029826.fits,-2.7144,-131.182,-4.055,-131.2,-4.066,-130.257,-2.7254,-130.24,1.13
01_ch2_cla_l1_20240701T113512112_20240701T113520112.fits,-16.603,-128.121,-17.9188,-128.141,-17.9293,-127.18,-16.6135,-127.166,0.81
01_ch2_cla_l1_20240701T120008112_20240701T120016112.fits,-85.8298,56.5411,-86.867,57.9454,-86.7453,68.9674,-85.7379,64.9332,0.02
01_ch2_cla_l1_20240701T133757196_20240701T133805196.fits,-35.2208,-129.58,-36.4825,-129.61,-36.4944,-128.544,-35.2326,-128.529,0.66
01_ch2_cla_l1_20240701T105712112_20240701T105720112.fits,83.3738,44.1912,82.2121,45.5086,82.2734,51.1489,83.4461,50.8304,1.03
01_ch2_cla_l1_20240701T194242911_20240701T194250911.fits,-81.1557,-138.609,-82.2415,-139.54,-82.3015,-134.505,-81.2085,-134.178,1.16
01_ch2_cla_l1_20240701T150153767_20240701T150201767.fits,62.8315,-129.107,61.5408,-129.135,61.52,-127.271,62.8098,-127.164,0.4
01_ch2_cla_l1_20240701T090131848_20240701T090139848.fits,86.1766,38.7875,85.022,42.3814,85.1188,51.3678,86.3036,50.5284,0.11
01_ch2_cla_l1_20240701T192146911_20240701T192154911.fits,-17.2105,-132.5,-18.5232,-132.522,-18.5347,-131.561,-17.2219,-131.545,0.92
01_ch2_cla_l1_20240701T153041767_20240701T153049767.fits,-23.5608,-130.429,-24.8582,-130.452,-24.8694,-129.466,-23.572,-129.451,0.4
01_ch2_cla_l1_20240701T091723848_20240701T091731848.fits,46.9202,-126.198,45.584,-126.213,45.5697,-124.875,46.9056,-124.828,0.94
01_ch2_cla_l1_20240701T164221826_20240701T164229826.fits,69.0582,46.9734,67.9476,47.1186,67.9689,48.9784,69.0806,48.9317,1.06
01_ch2_cla_l1_20240701T144913767_20240701T144921767.fits,79.7659,45.0538,78.6158,45.6393,78.6582,49.4122,79.8131,49.2548,0.58
01_ch2_cla_l1_20240701T092259848_20240701T092307848.fits,30.1638,-126.419,28.8052,-126.432,28.7934,-125.337,30.1519,-125.309,1.18
01_ch2_cla_l1_20240701T111416112_20240701T111424112.fits,46.0962,-127.288,44.7609,-127.304,44.7466,-125.986,46.0816,-125.94,0.45
01_ch2_cla_l1_20240701T170309826_20240701T170317826.fits,48.7947,-130.469,47.4718,-130.487,47.4562,-129.122,48.7788,-129.07,0.57
01_ch2_cla_l1_20240701T150233767_20240701T150241767.fits,60.8231,-129.159,59.5267,-129.184,59.507,-127.421,60.8026,-127.327,0.83
01_ch2_cla_l1_20240701T105904112_20240701T105912112.fits,88.6943,1.7876,87.743,26.1479,87.9714,46.4263,89.1489,37.3753,0.23
01_ch2_cla_l1_20240701T114320112_20240701T114328112.fits,-41.2256,-128.638,-42.4664,-128.674,-42.4787,-127.542,-41.2378,-127.526,0.72
01_ch2_cla_l1_20240701T173517826_20240701T173525826.fits,-47.8647,-132.161,-49.0839,-132.208,-49.0982,-130.968,-47.8788,-130.948,1.1
01_ch2_cla_l1_20240701T112208112_20240701T112216112.fits,22.5607,-127.596,21.2001,-127.609,21.1888,-126.578,22.5493,-126.554,1.02
01_ch2_cla_l1_20240701T135709195_20240701T135717195.fits,-84.5173,54.5525,-85.5537,55.3348,-85.4659,63.2127,-84.446,60.9682,1.17
01_ch2_cla_l1_20240701T085755848_20240701T085803848.fits,75.1963,50.2509,74.0562,50.5289,74.0847,53.1897,75.227,53.1175,1.13
01_ch2_cla_l1_20240701T193930911_20240701T193938911.fits,-71.2653,-135.111,-72.3955,-135.317,-72.4238,-132.938,-71.292,-132.865,0.91
01_ch2_cla_l1_20240701T091947848_20240701T091955848.fits,39.7338,-126.298,38.3856,-126.312,38.3726,-125.101,39.7206,-125.064,0.02
01_ch2_cla_l1_20240701T144705767_20240701T144713767.fits,73.1993,47.3681,72.0717,47.5903,72.0978,49.92,73.2272,49.8548,0.57
01_ch2_cla_l1_20240701T152353767_20240701T152401767.fits,-3.0978,-130.1,-4.4388,-130.117,-4.4495,-129.173,-3.1085,-129.157,0.28
01_ch2_cla_l1_20240701T124933195_20240701T124941195.fits,70.3017,49.0233,69.1834,49.1838,69.2053,51.1723,70.3249,51.1245,0.0
01_ch2_cla_l1_20240701T190538911_20240701T190546911.fits,31.1561,-131.808,29.8084,-131.823,29.7957,-130.73,31.1432,-130.7,1.12
01_ch2_cla_l1_20240701T133229195_20240701T133237196.fits,-18.687,-129.248,-19.9972,-129.269,-20.008,-128.303,-18.6977,-128.288,0.45
01_ch2_cla_l1_20240701T125301195_20240701T125309195.fits,80.9768,45.4166,79.8214,46.1558,79.8684,50.4102,81.0299,50.2209,0.8
01_ch2_cla_l1_20240701T152225767_20240701T152233767.fits,1.3004,-130.039,-0.0466,-130.055,-0.0574,-129.107,1.2896,-129.091,0.23
01_ch2_cla_l1_20240701T135821196_20240701T135829196.fits,-80.7711,53.1979,-81.7957,53.4543,-81.7486,57.6941,-80.7293,56.9645,0.8
01_ch2_cla_l1_20240701T110600112_20240701T110608112.fits,70.9616,-126.712,69.6907,-126.756,69.6636,-124.258,70.9328,-124.057,0.54
01_ch2_cla_l1_20240701T165045826_20240701T165053826.fits,86.2542,-126.539,85.0455,-127.504,84.9401,-118.352,86.1162,-114.621,0.84
01_ch2_cla_l1_20240701T145929767_20240701T145937767.fits,70.0746,-128.861,68.8056,-128.907,68.7788,-126.514,70.0462,-126.326,0.16
01_ch2_cla_l1_20240701T095619848_20240701T095627848.fits,-70.6448,-129.361,-71.7688,-129.539,-71.7932,-127.261,-70.6678,-127.204,0.1
01_ch2_cla_l1_20240701T190906911_20240701T190914911.fits,20.7817,-131.948,19.4276,-131.963,19.4158,-130.951,20.7697,-130.927,0.69
01_ch2_cla_l1_20240701T151801767_20240701T151809767.fits,14.4743,-129.866,13.1176,-129.881,13.1064,-128.897,14.4632,-128.877,0.84
01_ch2_cla_l1_20240701T093107848_20240701T093115848.fits,5.8468,-126.715,4.4909,-126.73,4.4805,-125.771,5.8363,-125.753,0.82
01_ch2_cla_l1_20240701T151449767_20240701T151457767.fits,24.0459,-129.745,22.6897,-129.759,22.678,-128.721,24.0342,-128.696,0.88
01_ch2_cla_l1_20240701T115144112_20240701T115152112.fits,-66.9705,-130.018,-68.1115,-130.148,-68.1328,-128.189,-66.9909,-128.147,0.66
01_ch2_cla_l1_20240701T172253826_20240701T172301826.fits,-10.3223,-131.296,-11.6501,-131.315,-11.6612,-130.368,-10.3333,-130.353,0.26
01_ch2_cla_l1_20240701T140021195_20240701T140029195.fits,-74.5078,52.3639,-75.5119,52.454,-75.486,54.7925,-74.4837,54.5488,0.44
01_ch2_cla_l1_20240701T095203848_20240701T095211848.fits,-57.4965,-128.177,-58.6742,-128.245,-58.69,-126.767,-57.5119,-126.743,0.43
01_ch2_cla_l1_20240701T094411848_20240701T094419848.fits,-33.4893,-127.346,-34.7561,-127.373,-34.7674,-126.324,-33.5005,-126.31,0.42
01_ch2_cla_l1_20240701T120056112_20240701T120104112.fits,-83.3357,54.9671,-84.3665,55.4592,-84.2989,61.6568,-83.2786,60.2117,0.99
01_ch2_cla_l1_20240701T193514911_20240701T193522911.fits,-58.1312,-133.769,-59.3132,-133.846,-59.3312,-132.332,-58.1488,-132.302,0.89
01_ch2_cla_l1_20240701T132445195_20240701T132453195.fits,4.5407,-128.908,3.189,-128.923,3.1784,-127.969,4.5301,-127.952,0.99
01_ch2_cla_l1_20240701T174629826_20240701T174637826.fits,-82.3354,-138.392,-83.4122,-139.62,-83.4802,-133.754,-82.394,-133.334,0.6
01_ch2_cla_l1_20240701T172701826_20240701T172709826.fits,-22.7733,-131.508,-24.0726,-131.531,-24.084,-130.549,-22.7846,-130.534,0.13
01_ch2_cla_l1_20240701T090611848_20240701T090619848.fits,80.664,-124.911,79.4241,-125.063,79.3755,-120.527,80.6092,-119.793,0.84
01_ch2_cla_l1_20240701T091003848_20240701T091011848.fits,68.9656,-125.728,67.686,-125.765,67.6614,-123.456,68.9395,-123.29,0.77
01_ch2_cla_l1_20240701T092435848_20240701T092443848.fits,25.3817,-126.477,24.0203,-126.49,24.0089,-125.436,25.3703,-125.411,0.06
01_ch2_cla_l1_20240701T111344112_20240701T111352112.fits,47.695,-127.264,46.3627,-127.28,46.348,-125.929,47.68,-125.88,0.52
01_ch2_cla_l1_20240701T164501826_20240701T164509826.fits,77.2926,45.0623,76.1521,45.451,76.1871,48.5111,77.3309,48.3997,0.76
01_ch2_cla_l1_20240701T155649767_20240701T155657767.fits,-74.894,51.3508,-75.902,51.4487,-75.8747,53.8668,-74.8686,53.6056,0.69
01_ch2_cla_l1_20240701T185714911_20240701T185722911.fits,56.356,-131.387,55.0526,-131.411,55.0343,-129.836,56.3371,-129.762,0.81
01_ch2_cla_l1_20240701T132557196_20240701T132605196.fits,0.9456,-128.955,-0.402,-128.971,-0.4126,-128.023,0.935,-128.007,0.44
01_ch2_cla_l1_20240701T114848112_20240701T114856112.fits,-57.9408,-129.309,-59.1182,-129.38,-59.1345,-127.884,-57.9566,-127.858,1.0
01_ch2_cla_l1_20240701T170429826_20240701T170437826.fits,44.7942,-130.535,43.4633,-130.552,43.4487,-129.269,44.7793,-129.225,1.07
01_ch2_cla_l1_20240701T114400112_20240701T114408112.fits,-43.2563,-128.698,-44.4897,-128.736,-44.5024,-127.576,-43.2688,-127.56,0.09
01_ch2_cla_l1_20240701T112528112_20240701T112536112.fits,12.5939,-127.718,11.2346,-127.732,11.2239,-126.753,12.5831,-126.734,0.57
01_ch2_cla_l1_20240701T133453195_20240701T133501195.fits,-25.9317,-129.379,-27.2221,-129.403,-27.2333,-128.405,-25.9427,-128.391,0.28
01_ch2_cla_l1_20240701T194738911_20240701T194746911.fits,-82.3423,50.6653,-83.379,51.0979,-83.3154,56.4391,-82.2873,55.2865,0.92
01_ch2_cla_l1_20240701T164949826_20240701T164957826.fits,89.0712,-114.178,87.8919,-123.36,87.658,-103.7,88.6212,-80.6976,0.01
01_ch2_cla_l1_20240701T091419848_20240701T091427848.fits,56.1203,-126.048,54.8045,-126.066,54.7875,-124.479,56.1028,-124.408,0.44
01_ch2_cla_l1_20240701T173245826_20240701T173253826.fits,-40.1444,-131.908,-41.3908,-131.943,-41.4038,-130.822,-40.1572,-130.805,0.67
01_ch2_cla_l1_20240701T135029195_20240701T135037195.fits,-73.6316,-132.139,-74.7467,-132.392,-74.7763,-129.716,-73.6593,-129.633,0.98
01_ch2_cla_l1_20240701T192802911_20240701T192810911.fits,-36.159,-132.899,-37.4188,-132.932,-37.4318,-131.855,-36.1717,-131.838,0.97
01_ch2_cla_l1_20240701T112256112_20240701T112304112.fits,20.1692,-127.625,18.8081,-127.639,18.797,-126.622,20.158,-126.6,0.23
01_ch2_cla_l1_20240701T111120112_20240701T111128112.fits,54.8969,-127.144,53.5805,-127.163,53.5637,-125.621,54.8797,-125.554,0.03
01_ch2_cla_l1_20240701T153505767_20240701T153513767.fits,-36.886,-130.719,-38.1429,-130.751,-38.1552,-129.668,-36.8982,-129.652,1.06
01_ch2_cla_l1_20240701T153337767_20240701T153345767.fits,-32.4358,-130.612,-33.7069,-130.64,-33.7188,-129.598,-32.4475,-129.583,0.46
01_ch2_cla_l1_20240701T194858911_20240701T194906911.fits,-78.1782,49.6945,-79.2015,49.8695,-79.1632,53.0963,-78.1433,52.6398,0.18
01_ch2_cla_l1_20240701T125525196_20240701T125533196.fits,88.1079,19.0459,87.0359,31.6116,87.2077,46.8518,88.3906,43.2108,0.19
01_ch2_cla_l1_20240701T135837195_20240701T135845195.fits,-79.9374,53.0303,-80.9592,53.2444,-80.9168,57.0792,-79.8994,56.4727,1.12
01_ch2_cla_l1_20240701T170413826_20240701T170421826.fits,45.5941,-130.522,44.2646,-130.539,44.2499,-129.242,45.5789,-129.195,1.11
01_ch2_cla_l1_20240701T155033767_20240701T155041767.fits,-84.385,-139.862,-85.4424,-142.213,-85.5373,-133.873,-84.4621,-133.072,0.14
01_ch2_cla_l1_20240701T134421195_20240701T134429196.fits,-54.7409,-130.245,-55.9321,-130.306,-55.9476,-128.909,-54.756,-128.886,0.51
01_ch2_cla_l1_20240701T164717826_20240701T164725826.fits,84.2241,39.2977,83.0689,41.0466,83.1415,47.3596,84.3114,46.8879,1.05
01_ch2_cla_l1_20240701T092843848_20240701T092851848.fits,13.0266,-126.626,11.6655,-126.64,11.6549,-125.658,13.016,-125.638,0.57
01_ch2_cla_l1_20240701T130509195_20240701T130517195.fits,63.2623,-128.032,61.9703,-128.059,61.9495,-126.166,63.2406,-126.057,1.01
01_ch2_cla_l1_20240701T094523848_20240701T094531848.fits,-37.1324,-127.432,-38.387,-127.462,-38.3986,-126.379,-37.1439,-126.364,0.77
01_ch2_cla_l1_20240701T135013195_20240701T135021195.fits,-72.8068,-131.974,-73.9255,-132.204,-73.9537,-129.649,-72.8334,-129.574,0.87
01_ch2_cla_l1_20240701T095331848_20240701T095339848.fits,-62.0061,-128.465,-63.1656,-128.555,-63.1834,-126.895,-62.0233,-126.864,0.14
01_ch2_cla_l1_20240701T155817767_20240701T155825767.fits,-70.2906,51.0263,-71.2839,51.0857,-71.2637,52.8747,-70.2715,52.7244,0.55
01_ch2_cla_l1_20240701T191042911_20240701T191050911.fits,15.9937,-132.012,14.6397,-132.027,14.6281,-131.04,15.982,-131.018,0.2
01_ch2_cla_l1_20240701T133317195_20240701T133325195.fits,-21.0994,-129.29,-22.4034,-129.312,-22.4143,-128.336,-21.1103,-128.322,0.8
01_ch2_cla_l1_20240701T092627848_20240701T092635848.fits,19.8029,-126.545,18.4403,-126.558,18.4294,-125.542,19.7918,-125.52,0.74
01_ch2_cla_l1_20240701T190650911_20240701T190658911.fits,27.5644,-131.857,26.2137,-131.872,26.2014,-130.811,27.5518,-130.784,0.75
01_ch2_cla_l1_20240701T130941195_20240701T130949195.fits,49.633,-128.31,48.307,-128.327,48.2917,-126.935,49.6173,-126.882,0.92
01_ch2_cla_l1_20240701T173021826_20240701T173029826.fits,-32.8567,-131.719,-34.127,-131.748,-34.1392,-130.702,-32.8688,-130.686,1.19
01_ch2_cla_l1_20240701T175109826_20240701T175117826.fits,-81.9827,51.5062,-83.016,51.879,-82.9577,56.9207,-81.9319,55.8989,0.98
01_ch2_cla_l1_20240701T114616112_20240701T114624112.fits,-50.1766,-128.938,-51.3842,-128.987,-51.3982,-127.705,-50.1903,-127.686,0.53
01_ch2_cla_l1_20240701T185346911_20240701T185354911.fits,66.8067,-131.09,65.5322,-131.13,65.5077,-129.027,66.7809,-128.882,0.75
01_ch2_cla_l1_20240701T092955848_20240701T093003848.fits,9.4375,-126.67,8.0788,-126.685,8.0682,-125.715,9.427,-125.697,0.58
01_ch2_cla_l1_20240701T112512112_20240701T112520112.fits,13.3914,-127.708,12.0319,-127.722,12.0211,-126.74,13.3806,-126.72,0.2
01_ch2_cla_l1_20240701T151153767_20240701T151201767.fits,32.8209,-129.631,31.4708,-129.645,31.4583,-128.53,32.8082,-128.5,0.8
01_ch2_cla_l1_20240701T194450911_20240701T194458911.fits,-87.6328,-157.198,-88.5291,-175.193,-88.8706,-150.232,-87.829,-141.35,0.36
01_ch2_cla_l1_20240701T174805826_20240701T174813826.fits,-87.2048,-151.643,-88.1659,-163.516,-88.4187,-143.151,-87.3643,-138.204,1.08
01_ch2_cla_l1_20240701T165221826_20240701T165229826.fits,81.3911,-128.836,80.1629,-129.051,80.108,-124.253,81.3285,-123.378,1.13
01_ch2_cla_l1_20240701T091131848_20240701T091139848.fits,64.5432,-125.863,63.2502,-125.89,63.229,-123.911,64.5211,-123.793,0.97
01_ch2_cla_l1_20240701T193146911_20240701T193154911.fits,-47.5226,-133.255,-48.7438,-133.302,-48.7585,-132.067,-47.5371,-132.046,0.72
01_ch2_cla_l1_20240701T152041767_20240701T152049767.fits,6.4931,-129.969,5.1408,-129.985,5.13,-129.028,6.4822,-129.01,0.76
01_ch2_cla_l1_20240701T090723848_20240701T090731848.fits,77.0272,-125.306,75.7743,-125.389,75.7374,-121.941,76.9869,-121.538,0.07
01_ch2_cla_l1_20240701T093259848_20240701T093307848.fits,0.2559,-126.787,-1.093,-126.802,-1.1033,-125.853,0.2456,-125.837,0.48
01_ch2_cla_l1_20240701T125117195_20240701T125125195.fits,75.6532,47.8767,74.515,48.177,74.5451,50.9083,75.6858,50.8259,0.24
01_ch2_cla_l1_20240701T145913767_20240701T145921767.fits,70.8807,-128.825,69.6142,-128.874,69.5865,-126.398,70.8512,-126.196,0.93
01_ch2_cla_l1_20240701T110416112_20240701T110424112.fits,76.2046,-126.416,74.9511,-126.494,74.9157,-123.228,76.166,-122.866,0.85
01_ch2_cla_l1_20240701T171309826_20240701T171317826.fits,18.8488,-130.893,17.4931,-130.908,17.4815,-129.904,18.8372,-129.882,0.65
01_ch2_cla_l1_20240701T151233767_20240701T151241767.fits,30.8262,-129.657,29.4741,-129.671,29.4618,-128.577,30.8137,-128.548,0.58
01_ch2_cla_l1_20240701T174613826_20240701T174621826.fits,-81.5121,-137.669,-82.5942,-138.661,-82.655,-133.414,-81.5652,-133.076,0.16
01_ch2_cla_l1_20240701T172517826_20240701T172525826.fits,-17.5453,-131.414,-18.8578,-131.435,-18.869,-130.473,-17.5564,-130.458,0.66
01_ch2_cla_l1_20240701T113208112_20240701T113216112.fits,-7.3802,-127.981,-8.7159,-127.998,-8.7263,-127.052,-7.3906,-127.037,0.75
01_ch2_cla_l1_20240701T115320112_20240701T115328112.fits,-71.9129,-130.685,-73.0335,-130.891,-73.0599,-128.46,-71.9378,-128.394,0.67
01_ch2_cla_l1_20240701T134957196_20240701T135005195.fits,-71.9824,-131.824,-73.1043,-132.034,-73.1314,-129.588,-72.0079,-129.519,0.5
01_ch2_cla_l1_20240701T132621195_20240701T132629195.fits,-0.2534,-128.971,-1.5994,-128.988,-1.6099,-128.041,-0.264,-128.025,0.49
01_ch2_cla_l1_20240701T134709195_20240701T134717195.fits,-63.3434,-130.793,-64.5,-130.894,-64.5193,-129.158,-63.3618,-129.124,1.15
01_ch2_cla_l1_20240701T192930911_20240701T192938911.fits,-40.6158,-133.023,-41.8613,-133.061,-41.8747,-131.933,-40.6291,-131.915,0.55
01_ch2_cla_l1_20240701T090947848_20240701T090955848.fits,69.7705,-125.699,68.4933,-125.738,68.4679,-123.355,69.7435,-123.176,0.6
01_ch2_cla_l1_20240701T125933195_20240701T125941195.fits,80.1942,-127.033,78.9571,-127.185,78.9093,-122.853,80.1405,-122.174,0.28
01_ch2_cla_l1_20240701T130853196_20240701T130901196.fits,52.034,-128.269,50.7134,-128.287,50.6974,-126.834,52.0176,-126.775,0.64
01_ch2_cla_l1_20240701T145137767_20240701T145145767.fits,87.0149,30.5049,85.8835,36.2201,86.0064,47.0544,87.1871,45.5206,0.68
01_ch2_cla_l1_20240701T145705767_20240701T145713767.fits,77.3394,-128.397,76.0944,-128.498,76.0553,-125.007,77.2965,-124.578,0.81
01_ch2_cla_l1_20240701T153353767_20240701T153401767.fits,-33.2443,-130.63,-34.5129,-130.659,-34.5249,-129.61,-33.2561,-129.595,0.15
01_ch2_cla_l1_20240701T113600112_20240701T113608112.fits,-19.0136,-128.161,-20.3234,-128.181,-20.3341,-127.214,-19.0242,-127.199,0.16
01_ch2_cla_l1_20240701T151225767_20240701T151233767.fits,31.225,-129.652,29.8734,-129.666,29.8611,-128.568,31.2125,-128.538,0.25
01_ch2_cla_l1_20240701T115728112_20240701T115736112.fits,-84.6979,-137.987,-85.7484,-140.569,-85.8455,-131.706,-84.7757,-130.86,0.74
01_ch2_cla_l1_20240701T095555848_20240701T095603848.fits,-69.4085,-129.189,-70.5376,-129.347,-70.5606,-127.192,-69.4304,-127.142,1.02
01_ch2_cla_l1_20240701T134653195_20240701T134701195.fits,-62.5221,-130.727,-63.6825,-130.822,-63.7012,-129.13,-62.5401,-129.097,0.6
01_ch2_cla_l1_20240701T193538911_20240701T193546911.fits,-59.3591,-133.848,-60.5361,-133.931,-60.5547,-132.37,-59.3771,-132.338,1.17
01_ch2_cla_l1_20240701T193906911_20240701T193914911.fits,-70.0306,-134.914,-71.1658,-135.096,-71.1925,-132.852,-70.056,-132.787,0.38
01_ch2_cla_l1_20240701T135437196_20240701T135445196.fits,-86.3843,-144.148,-87.3985,-150.385,-87.5622,-135.995,-86.5006,-133.772,1.18
01_ch2_cla_l1_20240701T152801767_20240701T152809767.fits,-15.5198,-130.288,-16.8373,-130.308,-16.8482,-129.351,-15.5307,-129.336,0.2
01_ch2_cla_l1_20240701T174045826_20240701T174053826.fits,-64.6265,-133.143,-65.7816,-133.257,-65.8027,-131.44,-64.6467,-131.399,0.9
01_ch2_cla_l1_20240701T154929767_20240701T154937767.fits,-81.0956,-136.162,-82.1785,-137.043,-82.2346,-132.078,-81.1451,-131.786,0.66
01_ch2_cla_l1_20240701T120144112_20240701T120152112.fits,-80.8362,54.2387,-81.8587,54.4899,-81.8123,58.746,-80.7951,58.0171,0.92
01_ch2_cla_l1_20240701T125925195_20240701T125933195.fits,80.5988,-126.97,79.3632,-127.135,79.3137,-122.649,80.543,-121.915,0.18
01_ch2_cla_l1_20240701T115056112_20240701T115104112.fits,-64.5037,-129.778,-65.6546,-129.886,-65.6742,-128.089,-64.5225,-128.053,0.61
01_ch2_cla_l1_20240701T165629826_20240701T165637826.fits,68.8679,-129.963,67.5976,-130.006,67.5717,-127.732,68.8406,-127.562,0.85
01_ch2_cla_l1_20240701T152449767_20240701T152457767.fits,-5.8991,-130.14,-7.2356,-130.157,-7.2463,-129.214,-5.9097,-129.198,0.59
01_ch2_cla_l1_20240701T171253826_20240701T171301826.fits,19.6464,-130.883,18.2909,-130.897,18.2793,-129.89,19.6347,-129.867,1.08
01_ch2_cla_l1_20240701T095635848_20240701T095643848.fits,-71.4694,-129.488,-72.59,-129.681,-72.6153,-127.311,-71.4933,-127.25,0.33
01_ch2_cla_l1_20240701T090107848_20240701T090115848.fits,84.9818,42.499,83.8194,44.6922,83.8966,51.8794,85.0773,51.3709,1.01
01_ch2_cla_l1_20240701T171701826_20240701T171709826.fits,7.2761,-131.045,5.9245,-131.06,5.9135,-130.103,7.265,-130.084,0.23
01_ch2_cla_l1_20240701T130541196_20240701T130549196.fits,61.6557,-128.072,60.3593,-128.098,60.3393,-126.289,61.635,-126.191,0.01
01_ch2_cla_l1_20240701T131445195_20240701T131453195.fits,34.4548,-128.529,33.1042,-128.543,33.0917,-127.407,34.4421,-127.376,0.35
01_ch2_cla_l1_20240701T190514911_20240701T190522911.fits,32.3536,-131.791,31.0072,-131.806,30.9943,-130.701,32.3406,-130.671,0.52
01_ch2_cla_l1_20240701T094307848_20240701T094315848.fits,-30.2561,-127.276,-31.5333,-127.302,-31.5444,-126.277,-30.267,-126.263,0.81
01_ch2_cla_l1_20240701T091435848_20240701T091443848.fits,55.3194,-126.062,54.0016,-126.08,53.9849,-124.52,55.3022,-124.452,0.01
01_ch2_cla_l1_20240701T175053826_20240701T175101826.fits,-82.8146,51.7926,-83.8507,52.2637,-83.7842,58.0013,-82.7577,56.7075,0.97
01_ch2_cla_l1_20240701T112344112_20240701T112352112.fits,17.7774,-127.654,16.4164,-127.668,16.4054,-126.665,17.7663,-126.644,1.17
01_ch2_cla_l1_20240701T093611848_20240701T093619848.fits,-9.3454,-126.919,-10.678,-126.936,-10.6883,-125.988,-9.3557,-125.973,0.34
01_ch2_cla_l1_20240701T105848112_20240701T105856112.fits,88.0738,21.1027,86.9941,33.1776,87.1609,48.2462,88.3466,44.915,0.35
01_ch2_cla_l1_20240701T092003848_20240701T092011848.fits,38.936,-126.308,37.5867,-126.322,37.5738,-125.123,38.923,-125.087,0.27
01_ch2_cla_l1_20240701T194714911_20240701T194722911.fits,-83.5892,51.1931,-84.6295,51.828,-84.5507,58.4234,-83.5232,56.732,1.12
01_ch2_cla_l1_20240701T173429826_20240701T173437826.fits,-45.4235,-132.073,-46.6514,-132.116,-46.6654,-130.919,-45.4371,-130.9,0.04
01_ch2_cla_l1_20240701T175501826_20240701T175509826.fits,-69.8727,49.9541,-70.8673,50.0133,-70.847,51.7688,-69.8534,51.6222,0.1
01_ch2_cla_l1_20240701T144649767_20240701T144657767.fits,72.3756,47.5383,71.251,47.7405,71.276,49.9609,72.4021,49.9008,1.1
01_ch2_cla_l1_20240701T130453195_20240701T130501195.fits,64.066,-128.01,62.7763,-128.038,62.755,-126.099,64.0437,-125.983,0.67
01_ch2_cla_l1_20240701T111528112_20240701T111536112.fits,42.5012,-127.34,41.1596,-127.355,41.146,-126.103,42.4874,-126.063,0.2
01_ch2_cla_l1_20240701T155025767_20240701T155033767.fits,-83.9754,-139.18,-85.0374,-141.198,-85.1246,-133.519,-84.0474,-132.835,1.08
01_ch2_cla_l1_20240701T130101195_20240701T130109195.fits,75.7478,-127.494,74.4953,-127.572,74.4603,-124.402,75.71,-124.059,0.36
01_ch2_cla_l1_20240701T111256112_20240701T111304112.fits,50.094,-127.227,48.7667,-127.243,48.7514,-125.837,50.0783,-125.783,0.71
01_ch2_cla_l1_20240701T185738911_20240701T185746911.fits,55.1526,-131.413,53.846,-131.436,53.8282,-129.902,55.1342,-129.831,0.34
01_ch2_cla_l1_20240701T191802911_20240701T191810911.fits,-5.9822,-132.318,-7.3169,-132.337,-7.328,-131.394,-5.9933,-131.378,0.5
01_ch2_cla_l1_20240701T105400112_20240701T105408112.fits,73.5557,49.5336,72.4234,49.7613,72.4494,52.1525,73.5834,52.0899,0.85
01_ch2_cla_l1_20240701T092419848_20240701T092427848.fits,26.1787,-126.468,24.8176,-126.481,24.8061,-125.42,26.1672,-125.395,0.17
01_ch2_cla_l1_20240701T170245826_20240701T170253826.fits,49.9955,-130.449,48.675,-130.467,48.6592,-129.074,49.9793,-129.019,0.74
01_ch2_cla_l1_20240701T173413826_20240701T173421826.fits,-44.6104,-132.046,-45.8414,-132.087,-45.8551,-130.904,-44.6239,-130.885,0.86
01_ch2_cla_l1_20240701T150505767_20240701T150513767.fits,53.2032,-129.321,51.8874,-129.34,51.8709,-127.858,53.1861,-127.795,1.15
01_ch2_cla_l1_20240701T150337767_20240701T150345767.fits,57.6125,-129.233,56.3075,-129.255,56.2893,-127.626,57.5936,-127.548,0.79
01_ch2_cla_l1_20240701T114008112_20240701T114016112.fits,-31.5059,-128.398,-32.7796,-128.425,-32.7909,-127.391,-31.5171,-127.376,0.57
01_ch2_cla_l1_20240701T112120112_20240701T112128112.fits,24.9522,-127.567,23.5923,-127.58,23.5809,-126.531,24.9406,-126.507,0.01
01_ch2_cla_l1_20240701T135421195_20240701T135429195.fits,-85.5763,-141.303,-86.6138,-145.232,-86.7386,-134.126,-85.6714,-132.78,0.92
01_ch2_cla_l1_20240701T133509195_20240701T133517195.fits,-26.7378,-129.395,-28.0261,-129.419,-28.0373,-128.417,-26.7489,-128.402,0.33
01_ch2_cla_l1_20240701T185858911_20240701T185906911.fits,51.1441,-131.494,49.8284,-131.514,49.8119,-130.095,51.1272,-130.037,0.0
01_ch2_cla_l1_20240701T091843848_20240701T091851848.fits,42.9265,-126.255,41.5833,-126.269,41.5698,-125.007,42.9127,-124.966,0.48
01_ch2_cla_l1_20240701T192042911_20240701T192050911.fits,-13.9983,-132.445,-15.3184,-132.466,-15.3297,-131.513,-14.0097,-131.498,0.9
01_ch2_cla_l1_20240701T130317195_20240701T130325195.fits,68.8931,-127.854,67.6181,-127.893,67.5929,-125.604,68.8665,-125.436,0.88
01_ch2_cla_l1_20240701T091627848_20240701T091635848.fits,49.7179,-126.156,48.3875,-126.171,48.3725,-124.771,49.7025,-124.718,0.76
01_ch2_cla_l1_20240701T193650911_20240701T193658911.fits,-63.0469,-134.127,-64.2091,-134.231,-64.2299,-132.5,-63.0668,-132.462,1.16
01_ch2_cla_l1_20240701T125349196_20240701T125357196.fits,83.4167,42.9639,82.257,44.3082,82.3196,49.9671,83.4905,49.63,0.4
01_ch2_cla_l1_20240701T155241767_20240701T155249767.fits,-87.793,58.66,-88.8241,66.2665,-88.5146,90.6217,-87.6141,73.9469,1.02
01_ch2_cla_l1_20240701T194346911_20240701T194354911.fits,-84.4401,-142.509,-85.4995,-145.014,-85.6014,-136.518,-84.5226,-135.611,0.6
01_ch2_cla_l1_20240701T105616112_20240701T105624112.fits,80.5258,46.8755,79.3697,47.5435,79.414,51.6193,80.5756,51.4531,0.65
01_ch2_cla_l1_20240701T111512112_20240701T111520112.fits,43.2999,-127.329,41.9595,-127.344,41.9458,-126.079,43.2859,-126.037,0.45
01_ch2_cla_l1_20240701T094059848_20240701T094107848.fits,-23.8034,-127.151,-25.1007,-127.173,-25.1113,-126.186,-23.814,-126.172,0.46
01_ch2_cla_l1_20240701T085523848_20240701T085531848.fits,67.3679,51.649,66.2582,51.7688,66.2767,53.5011,67.3873,53.4654,0.03
01_ch2_cla_l1_20240701T144817767_20240701T144825767.fits,76.8987,46.3457,75.7576,46.7081,75.7911,49.686,76.9351,49.5851,1.08
01_ch2_cla_l1_20240701T170021826_20240701T170029826.fits,57.2093,-130.307,55.9057,-130.33,55.8874,-128.721,57.1904,-128.644,0.94
01_ch2_cla_l1_20240701T092131848_20240701T092139848.fits,34.5488,-126.365,33.1941,-126.378,33.1819,-125.236,34.5364,-125.204,0.63
01_ch2_cla_l1_20240701T132213195_20240701T132221195.fits,12.1239,-128.811,10.7664,-128.825,10.7555,-127.849,12.113,-127.83,0.54
01_ch2_cla_l1_20240701T190146911_20240701T190154911.fits,42.7399,-131.638,41.4075,-131.655,41.3931,-130.412,42.7252,-130.37,1.12
01_ch2_cla_l1_20240701T151041767_20240701T151049767.fits,36.4124,-129.583,35.0664,-129.597,35.0535,-128.44,36.3993,-128.407,0.88
01_ch2_cla_l1_20240701T093723848_20240701T093731848.fits,-12.953,-126.972,-14.2777,-126.99,-14.2881,-126.037,-12.9633,-126.023,0.93
01_ch2_cla_l1_20240701T095427848_20240701T095435848.fits,-64.8815,-128.698,-66.0288,-128.807,-66.0483,-126.993,-64.9001,-126.957,1.13
01_ch2_cla_l1_20240701T154913767_20240701T154921767.fits,-80.2708,-135.627,-81.3581,-136.361,-81.4091,-131.841,-80.3163,-131.599,1.14
01_ch2_cla_l1_20240701T152153767_20240701T152201767.fits,2.8987,-130.017,1.5498,-130.033,1.5391,-129.083,2.8878,-129.066,0.94
01_ch2_cla_l1_20240701T165805826_20240701T165813826.fits,64.0376,-130.133,62.7526,-130.164,62.7306,-128.237,64.0147,-128.12,0.81
01_ch2_cla_l1_20240701T174221826_20240701T174229826.fits,-69.559,-133.707,-70.6945,-133.878,-70.7199,-131.685,-69.5831,-131.626,0.83
01_ch2_cla_l1_20240701T100827848_20240701T100835848.fits,-70.4048,54.2135,-71.3907,54.2679,-71.3717,56.0421,-70.3868,55.8972,1.1
01_ch2_cla_l1_20240701T113416112_20240701T113424112.fits,-13.793,-128.076,-15.1155,-128.095,-15.126,-127.141,-13.8035,-127.127,0.26
01_ch2_cla_l1_20240701T172309826_20240701T172317826.fits,-11.1239,-131.309,-12.4503,-131.328,-12.4614,-130.38,-11.1349,-130.365,0.29
01_ch2_cla_l1_20240701T090259848_20240701T090307848.fits,89.1668,-111.159,88.9143,-57.4919,88.9136,-14.5078,89.786,-38.131,0.07
01_ch2_cla_l1_20240701T185450911_20240701T185458911.fits,63.5869,-131.199,62.3029,-131.232,62.2809,-129.336,63.5638,-129.221,0.06
01_ch2_cla_l1_20240701T120320112_20240701T120328112.fits,-75.8256,53.5308,-76.8315,53.6345,-76.8035,56.2101,-75.7996,55.921,1.02
01_ch2_cla_l1_20240701T184242911_20240701T184250911.fits,80.6006,42.1988,79.4519,42.9049,79.4996,46.9707,80.6542,46.7675,0.5
01_ch2_cla_l1_20240701T115712112_20240701T115720112.fits,-83.8779,-136.603,-84.9374,-138.489,-85.0191,-131.008,-83.9455,-130.397,0.76
01_ch2_cla_l1_20240701T171517826_20240701T171525826.fits,12.4652,-130.976,11.1107,-130.991,11.0994,-130.017,12.4539,-129.997,0.17
01_ch2_cla_l1_20240701T110208112_20240701T110216112.fits,82.674,-125.545,81.4437,-125.793,81.3837,-120.276,82.6041,-119.132,0.0
01_ch2_cla_l1_20240701T154137767_20240701T154145767.fits,-56.8284,-131.463,-58.0126,-131.532,-58.0292,-130.068,-56.8445,-130.043,0.78
01_ch2_cla_l1_20240701T154705767_20240701T154713767.fits,-73.6699,-133.282,-74.7867,-133.541,-74.8171,-130.851,-73.6983,-130.765,1.12
01_ch2_cla_l1_20240701T100643848_20240701T100651848.fits,-75.8501,54.5862,-76.8534,54.6871,-76.8259,57.2553,-75.8246,56.9696,0.25
01_ch2_cla_l1_20240701T095755848_20240701T095803848.fits,-75.5962,-130.333,-76.6994,-130.65,-76.7315,-127.643,-75.626,-127.545,0.48
01_ch2_cla_l1_20240701T152233767_20240701T152241767.fits,0.9007,-130.044,-0.4458,-130.06,-0.4566,-129.113,0.8899,-129.097,0.45
01_ch2_cla_l1_20240701T183930911_20240701T183938911.fits,70.741,45.585,69.6257,45.759,69.6494,47.7798,70.7661,47.7234,0.59
01_ch2_cla_l1_20240701T130725196_20240701T130733196.fits,56.4403,-128.188,55.1302,-128.208,55.1126,-126.618,56.4222,-126.545,0.33
01_ch2_cla_l1_20240701T150353767_20240701T150401767.fits,56.8103,-129.25,55.5033,-129.271,55.4854,-127.672,56.7919,-127.597,0.07
01_ch2_cla_l1_20240701T115904112_20240701T115912112.fits,-88.7444,100.746,-89.4843,88.2258,-89.6259,178.378,-89.04,130.482,0.45
01_ch2_cla_l1_20240701T151953767_20240701T152001767.fits,8.8882,-129.938,7.5341,-129.953,7.5232,-128.99,8.8773,-128.971,0.62
01_ch2_cla_l1_20240701T165613826_20240701T165621826.fits,69.6739,-129.928,68.4059,-129.975,68.3792,-127.627,69.6456,-127.445,0.67
01_ch2_cla_l1_20240701T191930911_20240701T191938911.fits,-10.3887,-132.386,-11.7159,-132.406,-11.7271,-131.46,-10.4,-131.444,0.51
01_ch2_cla_l1_20240701T093947848_20240701T093955848.fits,-20.1816,-127.088,-21.4885,-127.108,-21.4991,-126.136,-20.1921,-126.122,0.76
01_ch2_cla_l1_20240701T131621195_20240701T131629195.fits,29.6686,-128.591,28.3136,-128.605,28.3016,-127.519,29.6565,-127.491,0.19
01_ch2_cla_l1_20240701T173421826_20240701T173429826.fits,-45.017,-132.059,-46.2464,-132.102,-46.2602,-130.911,-45.0306,-130.893,0.28
01_ch2_cla_l1_20240701T114216112_20240701T114224112.fits,-37.9806,-128.551,-39.2326,-128.583,-39.2446,-127.489,-37.9924,-127.474,1.01
01_ch2_cla_l1_20240701T185746911_20240701T185754911.fits,54.7513,-131.422,53.4441,-131.444,53.4264,-129.923,54.7332,-129.854,0.74
01_ch2_cla_l1_20240701T175509826_20240701T175517826.fits,-69.4537,49.9309,-70.4472,49.9879,-70.4274,51.7033,-69.4349,51.5627,0.05
01_ch2_cla_l1_20240701T144641767_20240701T144649767.fits,71.9636,47.6179,70.8407,47.8109,70.865,49.9803,71.9894,49.9226,0.65
01_ch2_cla_l1_20240701T112112112_20240701T112120112.fits,25.3507,-127.562,23.9911,-127.575,23.9796,-126.523,25.3391,-126.498,0.02
01_ch2_cla_l1_20240701T135413195_20240701T135421195.fits,-85.1694,-140.239,-86.2145,-143.464,-86.326,-133.505,-85.2566,-132.413,0.66
01_ch2_cla_l1_20240701T095731848_20240701T095739848.fits,-74.3577,-130.034,-75.466,-130.303,-75.4956,-127.526,-74.3854,-127.442,1.01
01_ch2_cla_l1_20240701T094123848_20240701T094131848.fits,-25.0119,-127.173,-26.3055,-127.196,-26.3162,-126.203,-25.0226,-126.189,0.17
01_ch2_cla_l1_20240701T170837826_20240701T170845826.fits,32.4121,-130.715,31.0637,-130.729,31.051,-129.621,32.3993,-129.591,1.07
01_ch2_cla_l1_20240701T105840112_20240701T105848112.fits,87.7165,26.5321,86.6081,35.5151,86.7547,48.8184,87.9409,46.4722,0.44
01_ch2_cla_l1_20240701T092227848_20240701T092235848.fits,31.7582,-126.399,30.4008,-126.413,30.3889,-125.301,31.7462,-125.272,1.2
01_ch2_cla_l1_20240701T190250911_20240701T190258911.fits,39.5423,-131.687,38.2049,-131.703,38.1911,-130.51,39.5281,-130.472,0.89
01_ch2_cla_l1_20240701T191442911_20240701T191450911.fits,4.0162,-132.174,2.6688,-132.19,2.6576,-131.241,4.005,-131.223,0.23
01_ch2_cla_l1_20240701T133717195_20240701T133725195.fits,-33.1981,-129.532,-34.4665,-129.561,-34.4782,-128.513,-33.2096,-128.498,0.37
01_ch2_cla_l1_20240701T164317826_20240701T164325826.fits,71.9462,46.4969,70.825,46.6918,70.8497,48.8541,71.9724,48.7939,1.14
01_ch2_cla_l1_20240701T105408112_20240701T105416112.fits,73.967,49.44,72.8333,49.6794,72.8599,52.1319,73.9954,52.0664,0.46
01_ch2_cla_l1_20240701T112936112_20240701T112944112.fits,0.2197,-127.876,-1.1282,-127.892,-1.1387,-126.944,0.2092,-126.927,0.85
01_ch2_cla_l1_20240701T130109195_20240701T130117195.fits,75.3442,-127.523,74.0901,-127.597,74.0559,-124.5,75.3072,-124.174,0.17
01_ch2_cla_l1_20240701T111520112_20240701T111528112.fits,42.9005,-127.335,41.5596,-127.349,41.5459,-126.091,42.8866,-126.05,0.67
01_ch2_cla_l1_20240701T153105767_20240701T153113767.fits,-24.7692,-130.452,-26.0633,-130.475,-26.0746,-129.484,-24.7804,-129.469,0.85
01_ch2_cla_l1_20240701T153737767_20240701T153745767.fits,-44.5952,-130.942,-45.8253,-130.983,-45.8388,-129.801,-44.6084,-129.783,0.46
01_ch2_cla_l1_20240701T155433767_20240701T155441767.fits,-81.9865,52.4952,-83.0174,52.8528,-82.9606,57.8761,-81.9371,56.8724,0.04
01_ch2_cla_l1_20240701T185922911_20240701T185930911.fits,49.9423,-131.516,48.6241,-131.535,48.608,-130.147,49.9258,-130.092,0.36
01_ch2_cla_l1_20240701T170013826_20240701T170021826.fits,57.6107,-130.298,56.308,-130.322,56.2895,-128.697,57.5916,-128.618,0.95
01_ch2_cla_l1_20240701T110832112_20240701T110840112.fits,63.319,-126.963,62.0248,-126.99,62.0042,-125.088,63.2975,-124.979,1.03
01_ch2_cla_l1_20240701T124829196_20240701T124837196.fits,66.9983,49.4718,65.8927,49.5897,65.9114,51.286,67.0179,51.2489,0.78
01_ch2_cla_l1_20240701T152809767_20240701T152817767.fits,-15.9213,-130.294,-17.2379,-130.315,-17.2488,-129.357,-15.9322,-129.342,0.48
01_ch2_cla_l1_20240701T145537767_20240701T145545767.fits,81.7899,-127.756,80.561,-127.979,80.5048,-122.977,81.7256,-122.032,0.31
01_ch2_cla_l1_20240701T145305767_20240701T145313767.fits,89.4478,-102.799,88.2871,-121.068,88.0112,-97.7829,88.8492,-64.7379,0.25
01_ch2_cla_l1_20240701T154921767_20240701T154929767.fits,-80.6833,-135.883,-81.7683,-136.685,-81.8218,-131.954,-80.7307,-131.688,1.1
01_ch2_cla_l1_20240701T174213826_20240701T174221826.fits,-69.1475,-133.65,-70.2847,-133.815,-70.3096,-131.661,-69.1712,-131.604,1.08
01_ch2_cla_l1_20240701T151633767_20240701T151641767.fits,18.8619,-129.81,17.5044,-129.824,17.4931,-128.82,18.8505,-128.797,1.12
01_ch2_cla_l1_20240701T131805195_20240701T131813195.fits,24.4853,-128.656,23.1272,-128.67,23.1157,-127.627,24.4736,-127.602,0.41
01_ch2_cla_l1_20240701T085851848_20240701T085859848.fits,78.0677,49.2917,76.9174,49.7162,76.9525,52.9996,78.1062,52.894,0.74
01_ch2_cla_l1_20240701T130901196_20240701T130909196.fits,51.6338,-128.276,50.3124,-128.294,50.2965,-126.852,51.6176,-126.794,0.95
01_ch2_cla_l1_20240701T113608112_20240701T113616112.fits,-19.4157,-128.167,-20.7245,-128.188,-20.7351,-127.219,-19.4262,-127.205,0.1
01_ch2_cla_l1_20240701T172117826_20240701T172125826.fits,-5.5154,-131.223,-6.852,-131.241,-6.8629,-130.298,-5.5264,-130.282,0.72
01_ch2_cla_l1_20240701T115720112_20240701T115728112.fits,-84.2883,-137.245,-85.3436,-139.439,-85.4324,-131.326,-84.3606,-130.612,0.57
01_ch2_cla_l1_20240701T120312112_20240701T120320112.fits,-76.2437,53.5713,-77.2508,53.6814,-77.2219,56.3465,-76.2169,56.0386,1.04
01_ch2_cla_l1_20240701T093659848_20240701T093707848.fits,-11.75,-126.954,-13.0776,-126.972,-13.0879,-126.021,-11.7603,-126.006,1.09
01_ch2_cla_l1_20240701T171709826_20240701T171717826.fits,6.8769,-131.05,5.5256,-131.066,5.5146,-130.109,6.8658,-130.091,0.47
01_ch2_cla_l1_20240701T110016112_20240701T110024112.fits,88.3412,-119.492,87.1379,-122.738,86.9683,-107.413,88.0638,-95.2543,1.06
01_ch2_cla_l1_20240701T172933826_20240701T172941826.fits,-30.4327,-131.664,-31.7104,-131.691,-31.7224,-130.664,-30.4446,-130.649,0.97
01_ch2_cla_l1_20240701T151553767_20240701T151601767.fits,20.8558,-129.785,19.4986,-129.799,19.4871,-128.783,20.8442,-128.76,0.06
01_ch2_cla_l1_20240701T194050911_20240701T194058911.fits,-75.3848,-136.0,-76.4979,-136.336,-76.5337,-133.325,-75.418,-133.208,0.06
01_ch2_cla_l1_20240701T165621826_20240701T165629826.fits,69.2709,-129.946,68.0017,-129.991,67.9753,-127.68,69.243,-127.505,0.04
01_ch2_cla_l1_20240701T152441767_20240701T152449767.fits,-5.4986,-130.134,-6.836,-130.151,-6.8467,-129.208,-5.5094,-129.192,0.87
01_ch2_cla_l1_20240701T090323848_20240701T090331848.fits,89.1524,-111.541,87.9599,-120.102,87.7317,-99.5018,88.6963,-75.0498,0.84
01_ch2_cla_l1_20240701T091531848_20240701T091539848.fits,52.5175,-126.111,51.193,-126.128,51.1773,-124.653,52.5013,-124.594,1.12
01_ch2_cla_l1_20240701T131613195_20240701T131621195.fits,30.0674,-128.586,28.7127,-128.6,28.7007,-127.51,30.0552,-127.482,0.41
01_ch2_cla_l1_20240701T193546911_20240701T193554911.fits,-59.7685,-133.876,-60.944,-133.961,-60.9628,-132.383,-59.7867,-132.351,0.09
01_ch2_cla_l1_20240701T193114911_20240701T193122911.fits,-45.8954,-133.195,-47.1223,-133.24,-47.1367,-132.034,-45.9095,-132.014,0.84
01_ch2_cla_l1_20240701T120328112_20240701T120336112.fits,-75.4075,53.4924,-76.4119,53.5906,-76.3848,56.0821,-75.3823,55.81,0.23
01_ch2_cla_l1_20240701T094355848_20240701T094403848.fits,-32.6805,-127.328,-33.95,-127.355,-33.9612,-126.312,-32.6916,-126.298,0.74
01_ch2_cla_l1_20240701T174229826_20240701T174237826.fits,-69.9705,-133.766,-71.1044,-133.944,-71.1303,-131.71,-69.995,-131.649,0.26
01_ch2_cla_l1_20240701T093939848_20240701T093947848.fits,-19.7796,-127.081,-21.0876,-127.101,-21.0981,-126.131,-19.7901,-126.117,0.44
01_ch2_cla_l1_20240701T172301826_20240701T172309826.fits,-10.7231,-131.302,-12.0501,-131.321,-12.0612,-130.374,-10.7341,-130.359,1.01
01_ch2_cla_l1_20240701T093507848_20240701T093515848.fits,-6.1423,-126.873,-7.4808,-126.89,-7.491,-125.944,-6.1525,-125.929,1.11
01_ch2_cla_l1_20240701T134813196_20240701T134821195.fits,-66.63,-131.1,-67.7739,-131.228,-67.7953,-129.289,-66.6506,-129.246,0.29
01_ch2_cla_l1_20240701T172653826_20240701T172701826.fits,-22.3707,-131.5,-23.6712,-131.524,-23.6826,-130.543,-22.382,-130.528,1.16
01_ch2_cla_l1_20240701T171925826_20240701T171933826.fits,0.0848,-131.143,-1.2595,-131.159,-1.2705,-130.215,0.0739,-130.198,0.62
01_ch2_cla_l1_20240701T151753767_20240701T151801767.fits,14.8733,-129.861,13.5162,-129.876,13.5051,-128.89,14.8622,-128.87,0.78
01_ch2_cla_l1_20240701T151049767_20240701T151057767.fits,36.0133,-129.588,34.6667,-129.602,34.6538,-128.451,36.0002,-128.417,1.2
01_ch2_cla_l1_20240701T115544112_20240701T115552112.fits,-79.3429,-132.806,-80.4309,-133.395,-80.4752,-129.314,-79.3829,-129.128,0.56
01_ch2_cla_l1_20240701T094011848_20240701T094019848.fits,-21.3885,-127.108,-22.692,-127.13,-22.7026,-126.153,-21.399,-126.139,0.23
01_ch2_cla_l1_20240701T120456112_20240701T120504112.fits,-70.8016,53.1712,-71.7913,53.2296,-71.7714,55.0545,-70.7828,54.9009,0.43
01_ch2_cla_l1_20240701T095603848_20240701T095611848.fits,-69.8205,-129.244,-70.9479,-129.408,-70.9714,-127.214,-69.8427,-127.162,0.19
01_ch2_cla_l1_20240701T125253195_20240701T125301195.fits,80.5687,45.7027,79.4144,46.3819,79.4595,50.465,80.6194,50.2902,0.88
01_ch2_cla_l1_20240701T131629195_20240701T131637195.fits,29.2698,-128.596,27.9148,-128.61,27.9028,-127.527,29.2578,-127.5,0.44
01_ch2_cla_l1_20240701T135253195_20240701T135301196.fits,-81.0603,-134.96,-82.1411,-135.818,-82.1958,-130.892,-81.1084,-130.613,0.48
01_ch2_cla_l1_20240701T113824112_20240701T113832112.fits,-26.2591,-128.291,-27.549,-128.315,-27.5599,-127.315,-26.27,-127.301,1.11
01_ch2_cla_l1_20240701T185954911_20240701T190002911.fits,48.341,-131.545,47.0193,-131.564,47.0036,-130.212,48.3249,-130.161,0.5
01_ch2_cla_l1_20240701T095219848_20240701T095227848.fits,-58.3159,-128.224,-59.4901,-128.295,-59.5063,-126.788,-58.3315,-126.764,0.76
01_ch2_cla_l1_20240701T190138911_20240701T190146911.fits,43.1396,-131.632,41.8081,-131.649,41.7937,-130.399,43.1249,-130.356,0.96
01_ch2_cla_l1_20240701T185810911_20240701T185818911.fits,53.5486,-131.447,52.2383,-131.468,52.2211,-129.984,53.5308,-129.919,0.59
01_ch2_cla_l1_20240701T090915848_20240701T090923848.fits,71.3812,-125.634,70.1092,-125.679,70.0819,-123.127,71.3521,-122.919,0.54
01_ch2_cla_l1_20240701T152625767_20240701T152633767.fits,-10.7058,-130.211,-12.0335,-130.23,-12.0443,-129.283,-10.7166,-129.267,1.0
01_ch2_cla_l1_20240701T110200112_20240701T110208112.fits,83.0789,-125.44,81.8502,-125.714,81.7873,-119.939,83.0052,-118.672,1.03
01_ch2_cla_l1_20240701T165445826_20240701T165453826.fits,74.1115,-129.688,72.8579,-129.759,72.825,-126.88,74.0761,-126.595,0.96
01_ch2_cla_l1_20240701T132237196_20240701T132245196.fits,10.9272,-128.826,9.5702,-128.84,9.5594,-127.869,10.9163,-127.85,0.26
01_ch2_cla_l1_20240701T132405196_20240701T132413196.fits,6.5371,-128.882,5.1835,-128.897,5.1729,-127.939,6.5264,-127.921,0.58
01_ch2_cla_l1_20240701T091019848_20240701T091027848.fits,68.161,-125.756,66.8787,-125.79,66.8548,-123.551,68.1358,-123.396,0.8
01_ch2_cla_l1_20240701T173645826_20240701T173653826.fits,-52.3478,-132.347,-53.5411,-132.402,-53.5566,-131.065,-52.3629,-131.043,1.09
01_ch2_cla_l1_20240701T112656112_20240701T112704112.fits,8.2057,-127.773,6.8493,-127.788,6.8388,-126.824,8.1951,-126.805,0.68
01_ch2_cla_l1_20240701T191834911_20240701T191842911.fits,-7.5839,-132.343,-8.9159,-132.361,-8.9271,-131.418,-7.5951,-131.402,0.84
01_ch2_cla_l1_20240701T133501195_20240701T133509195.fits,-26.3346,-129.387,-27.6241,-129.411,-27.6353,-128.411,-26.3457,-128.397,0.78
01_ch2_cla_l1_20240701T114000112_20240701T114008112.fits,-31.102,-128.389,-32.3768,-128.416,-32.3881,-127.385,-31.1132,-127.37,1.14
01_ch2_cla_l1_20240701T130405196_20240701T130413195.fits,66.4784,-127.938,65.1959,-127.971,65.1728,-125.874,66.4541,-125.737,0.61
01_ch2_cla_l1_20240701T112128112_20240701T112136112.fits,24.5535,-127.572,23.1935,-127.585,23.1821,-126.539,24.542,-126.515,1.19
01_ch2_cla_l1_20240701T183834911_20240701T183842911.fits,67.8501,46.0154,66.7455,46.1474,66.766,47.8995,67.8717,47.8547,0.19
01_ch2_cla_l1_20240701T130357196_20240701T130405196.fits,66.8806,-127.925,65.5994,-127.959,65.5759,-125.833,66.856,-125.691,1.17
01_ch2_cla_l1_20240701T194338911_20240701T194346911.fits,-84.0313,-141.787,-85.0954,-143.934,-85.189,-136.117,-84.1082,-135.345,0.35
01_ch2_cla_l1_20240701T153857767_20240701T153905767.fits,-48.6645,-131.086,-49.8795,-131.134,-49.8938,-129.88,-48.6784,-129.86,0.39
01_ch2_cla_l1_20240701T164453826_20240701T164501826.fits,76.8822,45.2129,75.7432,45.5785,75.7772,48.5457,76.9192,48.4401,0.54
01_ch2_cla_l1_20240701T170029826_20240701T170037826.fits,56.8081,-130.316,55.5036,-130.339,55.4854,-128.744,56.7894,-128.668,0.83
01_ch2_cla_l1_20240701T150945767_20240701T150953767.fits,39.2071,-129.544,37.8651,-129.559,37.8517,-128.364,39.1935,-128.328,0.96
01_ch2_cla_l1_20240701T085707848_20240701T085715848.fits,72.7292,50.8242,71.5984,51.0294,71.6228,53.3112,72.7552,53.2557,0.62
01_ch2_cla_l1_20240701T091403848_20240701T091411848.fits,56.9215,-126.033,55.6077,-126.052,55.5904,-124.436,56.9037,-124.362,0.34
01_ch2_cla_l1_20240701T090211848_20240701T090219848.fits,88.0714,22.5159,86.9875,34.4727,87.1519,49.5547,88.3403,46.3895,1.14
01_ch2_cla_l1_20240701T125341196_20240701T125349196.fits,83.0113,43.4906,81.8521,44.6923,81.9114,50.0591,83.0806,49.7568,1.1
01_ch2_cla_l1_20240701T111744112_20240701T111752112.fits,35.7169,-127.432,34.3657,-127.445,34.3531,-126.292,35.7042,-126.259,0.23
01_ch2_cla_l1_20240701T155249767_20240701T155257767.fits,-87.3814,57.3229,-88.4191,62.087,-88.1777,82.0552,-87.2294,70.4564,0.21
01_ch2_cla_l1_20240701T092035848_20240701T092043848.fits,37.3404,-126.329,35.9889,-126.343,35.9763,-125.166,37.3276,-125.132,0.33
01_ch2_cla_l1_20240701T185314911_20240701T185322911.fits,68.4182,-131.026,67.1486,-131.071,67.1226,-128.841,68.3908,-128.676,0.56
01_ch2_cla_l1_20240701T192818911_20240701T192826911.fits,-36.9686,-132.921,-38.2261,-132.954,-38.2391,-131.869,-36.9814,-131.852,1.02
01_ch2_cla_l1_20240701T094459848_20240701T094507848.fits,-35.9173,-127.402,-37.176,-127.432,-37.1875,-126.36,-35.9287,-126.346,0.72
01_ch2_cla_l1_20240701T111112112_20240701T111120112.fits,55.2974,-127.137,53.982,-127.156,53.9651,-125.601,55.28,-125.532,0.0
01_ch2_cla_l1_20240701T114840112_20240701T114848112.fits,-57.5313,-129.285,-58.7102,-129.355,-58.7264,-127.873,-57.547,-127.848,1.11
01_ch2_cla_l1_20240701T170421826_20240701T170429826.fits,45.1941,-130.529,43.8639,-130.546,43.8493,-129.256,45.1791,-129.21,0.36
01_ch2_cla_l1_20240701T091227848_20240701T091235848.fits,61.7329,-125.932,60.432,-125.956,60.4125,-124.133,61.7126,-124.035,0.5
01_ch2_cla_l1_20240701T193250911_20240701T193258911.fits,-50.7809,-133.387,-51.9901,-133.441,-52.0056,-132.139,-50.796,-132.116,0.71
01_ch2_cla_l1_20240701T192442911_20240701T192450911.fits,-26.0621,-132.667,-27.3524,-132.693,-27.3644,-131.693,-26.074,-131.678,1.17
01_ch2_cla_l1_20240701T173837826_20240701T173845826.fits,-58.0683,-132.648,-59.2491,-132.724,-59.2666,-131.214,-58.0853,-131.186,0.21
01_ch2_cla_l1_20240701T194746911_20240701T194754911.fits,-81.9266,50.5252,-82.9618,50.9115,-82.902,55.9307,-81.8745,54.9022,0.17
01_ch2_cla_l1_20240701T105216112_20240701T105224112.fits,68.1968,50.4368,67.085,50.5669,67.1045,52.3631,68.2173,52.324,0.22
01_ch2_cla_l1_20240701T164509826_20240701T164517826.fits,77.7027,44.9017,76.5609,45.3163,76.5971,48.4751,77.7423,48.3566,0.13
01_ch2_cla_l1_20240701T155641767_20240701T155649767.fits,-75.3121,51.389,-76.3213,51.4929,-76.2931,53.9894,-75.2859,53.7119,0.98
01_ch2_cla_l1_20240701T135021195_20240701T135029195.fits,-73.2192,-132.054,-74.3361,-132.296,-74.365,-129.682,-73.2463,-129.603,0.55
01_ch2_cla_l1_20240701T194922911_20240701T194930911.fits,-76.9269,49.5194,-77.9461,49.6625,-77.912,52.5384,-76.8955,52.1691,0.25
01_ch2_cla_l1_20240701T164941826_20240701T164949826.fits,89.4496,-102.174,88.2962,-121.643,88.0147,-98.4156,88.8427,-65.1697,0.28
01_ch2_cla_l1_20240701T111936112_20240701T111944112.fits,30.1342,-127.503,28.7776,-127.516,28.7657,-126.423,30.1221,-126.395,0.3
01_ch2_cla_l1_20240701T173013826_20240701T173021826.fits,-32.4526,-131.709,-33.724,-131.738,-33.7362,-130.695,-32.4646,-130.68,0.62
01_ch2_cla_l1_20240701T175317826_20240701T175325826.fits,-75.311,50.3547,-76.3227,50.4628,-76.2937,52.9706,-75.284,52.6879,0.87
01_ch2_cla_l1_20240701T150105767_20240701T150113767.fits,65.2436,-129.038,63.9598,-129.07,63.9373,-127.063,65.2201,-126.937,1.05
01_ch2_cla_l1_20240701T150737767_20240701T150745767.fits,45.5998,-129.449,44.2682,-129.465,44.2536,-128.164,45.585,-128.119,0.3
01_ch2_cla_l1_20240701T114408112_20240701T114416112.fits,-43.6628,-128.71,-44.8946,-128.749,-44.9074,-127.583,-43.6753,-127.567,0.46
01_ch2_cla_l1_20240701T112520112_20240701T112528112.fits,12.9928,-127.713,11.6332,-127.727,11.6225,-126.747,12.982,-126.727,0.38
01_ch2_cla_l1_20240701T094851848_20240701T094859848.fits,-47.6948,-127.743,-48.9108,-127.787,-48.924,-126.556,-47.7077,-126.538,0.29
01_ch2_cla_l1_20240701T151809767_20240701T151817767.fits,14.0756,-129.871,12.7189,-129.886,12.7078,-128.904,14.0644,-128.883,1.18
01_ch2_cla_l1_20240701T165213826_20240701T165221826.fits,81.796,-128.747,80.5694,-128.982,80.5123,-123.991,81.7306,-123.036,1.1
01_ch2_cla_l1_20240701T113832112_20240701T113840112.fits,-26.6624,-128.299,-27.951,-128.323,-27.962,-127.321,-26.6733,-127.306,0.1
01_ch2_cla_l1_20240701T184826911_20240701T184834911.fits,82.9691,-129.387,81.7491,-129.718,81.6829,-124.076,82.8918,-122.803,0.29
01_ch2_cla_l1_20240701T110608112_20240701T110616112.fits,70.5588,-126.729,69.2866,-126.772,69.2599,-124.316,70.5305,-124.123,0.76
01_ch2_cla_l1_20240701T154537767_20240701T154545767.fits,-69.1384,-132.519,-70.2738,-132.681,-70.2981,-130.533,-69.1614,-130.479,0.56
01_ch2_cla_l1_20240701T154305767_20240701T154313767.fits,-61.3336,-131.752,-62.4999,-131.841,-62.5184,-130.202,-61.3514,-130.17,1.03
01_ch2_cla_l1_20240701T171117826_20240701T171125826.fits,24.4329,-130.821,23.0786,-130.835,23.0667,-129.796,24.4209,-129.771,1.17
01_ch2_cla_l1_20240701T145921767_20240701T145929767.fits,70.4776,-128.844,69.2099,-128.891,69.1826,-126.457,70.4487,-126.263,1.18
01_ch2_cla_l1_20240701T132805195_20240701T132813195.fits,-5.4529,-129.044,-6.7911,-129.061,-6.8016,-128.116,-5.4634,-128.101,0.02
01_ch2_cla_l1_20240701T100243848_20240701T100251848.fits,-88.338,63.6407,-89.3425,80.0389,-88.9023,111.025,-88.1205,82.9164,0.03
01_ch2_cla_l1_20240701T125309195_20240701T125317195.fits,81.3846,45.1035,80.2281,45.9112,80.2771,50.3512,81.4403,50.1452,1.16
01_ch2_cla_l1_20240701T152633767_20240701T152641767.fits,-11.1066,-130.218,-12.4338,-130.236,-12.4446,-129.288,-11.1174,-129.273,0.01
01_ch2_cla_l1_20240701T174621826_20240701T174629826.fits,-81.9238,-138.012,-83.0035,-139.113,-83.0677,-133.574,-81.9795,-133.198,0.71
01_ch2_cla_l1_20240701T172709826_20240701T172717826.fits,-23.1758,-131.516,-24.4737,-131.539,-24.4852,-130.555,-23.1871,-130.54,0.39
01_ch2_cla_l1_20240701T113016112_20240701T113024112.fits,-1.7789,-127.903,-3.1239,-127.919,-3.1343,-126.973,-1.7893,-126.957,0.85
01_ch2_cla_l1_20240701T184642911_20240701T184650911.fits,88.2332,-122.574,87.0404,-126.205,86.8654,-111.571,87.9542,-100.047,0.82
01_ch2_cla_l1_20240701T115312112_20240701T115320112.fits,-71.5007,-130.616,-72.6229,-130.813,-72.6488,-128.432,-71.5251,-128.369,0.76
01_ch2_cla_l1_20240701T090659848_20240701T090707848.fits,78.2389,-125.2,76.9902,-125.299,76.9501,-121.556,78.1947,-121.074,0.8
01_ch2_cla_l1_20240701T185050911_20240701T185058911.fits,75.6825,-130.595,74.4366,-130.686,74.4,-127.553,75.6429,-127.205,1.07
01_ch2_cla_l1_20240701T151441767_20240701T151449767.fits,24.4448,-129.74,23.0885,-129.753,23.0769,-128.713,24.433,-128.688,1.02
01_ch2_cla_l1_20240701T093323848_20240701T093331848.fits,-0.943,-126.803,-2.2902,-126.818,-2.3005,-125.87,-0.9532,-125.854,0.69
01_ch2_cla_l1_20240701T140029195_20240701T140037195.fits,-74.0895,52.33,-75.0923,52.4157,-75.0672,54.6845,-74.0661,54.4539,0.27
01_ch2_cla_l1_20240701T092531848_20240701T092539848.fits,22.5925,-126.511,21.2299,-126.524,21.2188,-125.49,22.5812,-125.467,0.41
01_ch2_cla_l1_20240701T190546911_20240701T190554911.fits,30.7569,-131.813,29.4088,-131.828,29.3962,-130.739,30.7441,-130.71,0.17
01_ch2_cla_l1_20240701T134517195_20240701T134525195.fits,-57.604,-130.398,-58.7839,-130.469,-58.8004,-128.982,-57.62,-128.956,1.18
01_ch2_cla_l1_20240701T095027848_20240701T095035848.fits,-52.5895,-127.935,-53.7865,-127.989,-53.8008,-126.653,-52.6034,-126.633,0.11
01_ch2_cla_l1_20240701T171933826_20240701T171941826.fits,-0.3149,-131.148,-1.6589,-131.165,-1.6698,-130.221,-0.3259,-130.204,0.4
01_ch2_cla_l1_20240701T152553767_20240701T152601767.fits,-9.1028,-130.187,-10.4337,-130.205,-10.4444,-129.26,-9.1136,-129.244,0.72
01_ch2_cla_l1_20240701T171301826_20240701T171309826.fits,19.2477,-130.888,17.8919,-130.902,17.8804,-129.897,19.236,-129.875,0.93
01_ch2_cla_l1_20240701T090939848_20240701T090947848.fits,70.173,-125.684,68.8972,-125.724,68.8713,-123.301,70.1456,-123.116,0.22
01_ch2_cla_l1_20240701T135813196_20240701T135821196.fits,-81.1878,53.2931,-82.2139,53.5747,-82.1643,58.0493,-81.144,57.2446,0.61
01_ch2_cla_l1_20240701T190114911_20240701T190122911.fits,44.3395,-131.612,43.0101,-131.63,42.9953,-130.359,44.3244,-130.314,0.15
01_ch2_cla_l1_20240701T165229826_20240701T165237826.fits,80.9861,-128.917,79.7562,-129.115,79.7034,-124.495,80.9262,-123.69,0.58
01_ch2_cla_l1_20240701T171653826_20240701T171701826.fits,7.6754,-131.039,6.3234,-131.055,6.3124,-130.096,7.6643,-130.078,1.17
01_ch2_cla_l1_20240701T172925826_20240701T172933826.fits,-30.0291,-131.655,-31.3078,-131.682,-31.3198,-130.658,-30.0409,-130.642,0.07
01_ch2_cla_l1_20240701T152753767_20240701T152801767.fits,-15.1184,-130.281,-16.4368,-130.301,-16.4476,-129.345,-15.1293,-129.33,0.98
01_ch2_cla_l1_20240701T095235848_20240701T095243848.fits,-59.1352,-128.273,-60.3063,-128.348,-60.3228,-126.81,-59.1511,-126.784,0.84
01_ch2_cla_l1_20240701T152049767_20240701T152057767.fits,6.0938,-129.975,4.7421,-129.99,4.7312,-129.034,6.083,-129.016,0.27
01_ch2_cla_l1_20240701T090507848_20240701T090515848.fits,83.9017,-124.19,82.6739,-124.52,82.6052,-118.114,83.8195,-116.538,0.75
01_ch2_cla_l1_20240701T133045195_20240701T133053196.fits,-13.4666,-129.163,-14.7893,-129.182,-14.8,-128.229,-13.4773,-128.215,1.13
01_ch2_cla_l1_20240701T110824112_20240701T110832112.fits,63.7208,-126.953,62.4276,-126.98,62.4068,-125.055,63.699,-124.943,0.36
01_ch2_cla_l1_20240701T174445826_20240701T174453826.fits,-76.976,-135.321,-78.0808,-135.734,-78.1197,-132.371,-77.0118,-132.231,0.75
01_ch2_cla_l1_20240701T140013195_20240701T140021195.fits,-74.9261,52.3993,-75.9315,52.4941,-75.9048,54.9065,-74.9012,54.6486,0.53
01_ch2_cla_l1_20240701T132629195_20240701T132637195.fits,-0.6531,-128.977,-1.9985,-128.993,-2.0091,-128.047,-0.6636,-128.03,0.6
01_ch2_cla_l1_20240701T194810911_20240701T194818911.fits,-80.678,50.1773,-81.7094,50.4638,-81.6589,54.7076,-80.6331,53.9505,1.08
01_ch2_cla_l1_20240701T134701195_20240701T134709195.fits,-62.9325,-130.76,-64.0916,-130.858,-64.1105,-129.144,-62.9507,-129.11,0.4
01_ch2_cla_l1_20240701T115456112_20240701T115504112.fits,-76.865,-131.837,-77.9644,-132.223,-78.0003,-128.92,-76.898,-128.798,0.3
01_ch2_cla_l1_20240701T113200112_20240701T113208112.fits,-6.9797,-127.975,-8.3161,-127.992,-8.3265,-127.047,-6.9901,-127.031,0.13
01_ch2_cla_l1_20240701T093915848_20240701T093923848.fits,-18.5736,-127.061,-19.885,-127.081,-19.8955,-126.114,-18.584,-126.1,0.3
01_ch2_cla_l1_20240701T095155848_20240701T095203848.fits,-57.0871,-128.154,-58.2664,-128.221,-58.2821,-126.757,-57.1023,-126.733,0.82
01_ch2_cla_l1_20240701T151625767_20240701T151633767.fits,19.2608,-129.805,17.9032,-129.82,17.8919,-128.812,19.2493,-128.79,0.24
01_ch2_cla_l1_20240701T115328112_20240701T115336112.fits,-72.3253,-130.757,-73.4442,-130.972,-73.4712,-128.489,-72.3507,-128.42,0.87
01_ch2_cla_l1_20240701T193138911_20240701T193146911.fits,-47.1156,-133.239,-48.3383,-133.286,-48.353,-132.059,-47.13,-132.038,1.05
01_ch2_cla_l1_20240701T111656112_20240701T111704112.fits,38.1107,-127.4,36.7624,-127.414,36.7495,-126.229,38.0976,-126.195,0.19
01_ch2_cla_l1_20240701T192834911_20240701T192842911.fits,-37.7786,-132.943,-39.0334,-132.977,-39.0465,-131.883,-37.7915,-131.866,0.48
01_ch2_cla_l1_20240701T130501195_20240701T130509195.fits,63.6641,-128.021,62.3733,-128.049,62.3522,-126.133,63.6421,-126.021,0.67
01_ch2_cla_l1_20240701T185338911_20240701T185346911.fits,67.2094,-131.075,65.9362,-131.116,65.9113,-128.982,67.1833,-128.833,0.51
01_ch2_cla_l1_20240701T092019848_20240701T092027848.fits,38.1381,-126.319,36.7877,-126.332,36.7749,-125.145,38.1252,-125.11,0.65
01_ch2_cla_l1_20240701T170645826_20240701T170653826.fits,38.0012,-130.637,36.6594,-130.652,36.6459,-129.478,37.9876,-129.442,0.3
01_ch2_cla_l1_20240701T131405196_20240701T131413196.fits,36.4497,-128.503,35.1015,-128.517,35.0887,-127.357,36.4367,-127.323,0.78
01_ch2_cla_l1_20240701T150857767_20240701T150905767.fits,41.6035,-129.509,40.265,-129.525,40.2512,-128.294,41.5895,-128.255,0.35
01_ch2_cla_l1_20240701T130053195_20240701T130101195.fits,76.1518,-127.464,74.9004,-127.545,74.8646,-124.298,76.1129,-123.937,0.52
01_ch2_cla_l1_20240701T111128112_20240701T111136112.fits,54.4964,-127.152,53.1791,-127.17,53.1625,-125.641,54.4793,-125.575,0.03
01_ch2_cla_l1_20240701T155425767_20240701T155433767.fits,-82.4026,52.6256,-83.4351,53.0257,-83.3745,58.3749,-82.3503,57.2493,0.82
01_ch2_cla_l1_20240701T144953767_20240701T145001767.fits,81.8063,43.5867,80.651,44.4838,80.7031,49.1216,81.866,48.8851,0.2
01_ch2_cla_l1_20240701T194314911_20240701T194322911.fits,-82.801,-140.115,-83.8762,-141.551,-83.9515,-135.24,-82.8651,-134.73,1.09
01_ch2_cla_l1_20240701T135245195_20240701T135253195.fits,-80.6472,-134.684,-81.731,-135.469,-81.7831,-130.774,-80.6934,-130.518,0.09
01_ch2_cla_l1_20240701T183818911_20240701T183826911.fits,67.0231,46.1193,65.9216,46.2418,65.9414,47.9291,67.0438,47.8872,0.27
01_ch2_cla_l1_20240701T173029826_20240701T173037826.fits,-33.261,-131.728,-34.5299,-131.758,-34.5422,-130.708,-33.2731,-130.693,0.24
01_ch2_cla_l1_20240701T153945767_20240701T153953767.fits,-51.11,-131.184,-52.3162,-131.237,-52.331,-129.931,-51.1245,-129.91,0.73
01_ch2_cla_l1_20240701T175101826_20240701T175109826.fits,-82.3987,51.6417,-83.4334,52.0594,-83.3712,57.4275,-82.345,56.2814,0.54
01_ch2_cla_l1_20240701T191818911_20240701T191826911.fits,-6.7826,-132.33,-8.1162,-132.349,-8.1274,-131.406,-6.7939,-131.39,0.42
01_ch2_cla_l1_20240701T130949195_20240701T130957195.fits,49.2329,-128.316,47.9063,-128.333,47.8911,-126.951,49.2174,-126.899,0.19
01_ch2_cla_l1_20240701T094707848_20240701T094715848.fits,-42.4065,-127.573,-43.6423,-127.609,-43.6546,-126.463,-42.4187,-126.447,1.11
01_ch2_cla_l1_20240701T112744112_20240701T112752112.fits,5.8113,-127.803,4.4569,-127.818,4.4463,-126.86,5.8007,-126.843,0.65
01_ch2_cla_l1_20240701T091035848_20240701T091043848.fits,67.3566,-125.782,66.0719,-125.814,66.0487,-123.64,67.3321,-123.494,0.16
01_ch2_cla_l1_20240701T175453826_20240701T175501826.fits,-70.2914,49.978,-71.2874,50.0394,-71.2667,51.8371,-70.2717,51.6841,0.32
01_ch2_cla_l1_20240701T092403848_20240701T092411848.fits,26.9758,-126.458,25.6149,-126.471,25.6034,-125.404,26.9642,-125.378,0.27
01_ch2_cla_l1_20240701T093211848_20240701T093219848.fits,2.6528,-126.756,1.3007,-126.771,1.2903,-125.818,2.6425,-125.801,0.17
01_ch2_cla_l1_20240701T152513767_20240701T152521767.fits,-7.0999,-130.157,-8.4345,-130.175,-8.4452,-129.231,-7.1106,-129.215,0.39
01_ch2_cla_l1_20240701T134557195_20240701T134605195.fits,-59.6516,-130.523,-60.8235,-130.603,-60.8408,-129.039,-59.6684,-129.01,0.99
01_ch2_cla_l1_20240701T191850911_20240701T191858911.fits,-8.3851,-132.355,-9.7157,-132.374,-9.727,-131.43,-8.3963,-131.414,0.33
01_ch2_cla_l1_20240701T093827848_20240701T093835848.fits,-16.1634,-127.022,-17.4807,-127.041,-17.4911,-126.081,-16.1738,-126.067,0.52
01_ch2_cla_l1_20240701T154617767_20240701T154625767.fits,-71.1971,-132.822,-72.3242,-133.019,-72.3508,-130.66,-71.2223,-130.594,0.48
01_ch2_cla_l1_20240701T171237826_20240701T171245826.fits,20.4442,-130.872,19.0886,-130.887,19.077,-129.875,20.4325,-129.852,0.45
01_ch2_cla_l1_20240701T171405826_20240701T171413826.fits,16.0564,-130.929,14.7005,-130.944,14.6892,-129.955,16.0449,-129.934,0.78
01_ch2_cla_l1_20240701T183850911_20240701T183858911.fits,68.6764,45.9038,67.5691,46.046,67.5905,47.8678,68.6989,47.8201,0.78
01_ch2_cla_l1_20240701T173357826_20240701T173405826.fits,-43.7977,-132.019,-45.0315,-132.059,-45.0451,-130.888,-43.8111,-130.87,0.72
01_ch2_cla_l1_20240701T165133826_20240701T165141826.fits,83.8222,-128.133,82.6032,-128.527,82.5313,-122.254,83.7365,-120.669,1.05
01_ch2_cla_l1_20240701T100723848_20240701T100731848.fits,-73.7575,54.4168,-74.754,54.494,-74.7306,56.6888,-73.7355,56.4749,1.1
01_ch2_cla_l1_20240701T115816112_20240701T115824112.fits,-87.1205,-146.841,-88.0925,-157.359,-88.3162,-137.885,-87.264,-133.911,0.56
01_ch2_cla_l1_20240701T185530911_20240701T185538911.fits,61.5765,-131.258,60.2869,-131.287,60.2661,-129.497,61.5548,-129.397,0.75
01_ch2_cla_l1_20240701T120240112_20240701T120248112.fits,-77.9151,53.7586,-78.9278,53.9009,-78.8942,56.9921,-77.8843,56.5876,0.89
01_ch2_cla_l1_20240701T184322911_20240701T184330911.fits,82.6374,40.3795,81.4848,41.5041,81.5446,46.5885,82.7067,46.2696,0.57
01_ch2_cla_l1_20240701T134005195_20240701T134013195.fits,-41.7064,-129.752,-42.9459,-129.788,-42.9586,-128.649,-41.7188,-128.633,0.48
01_ch2_cla_l1_20240701T134637195_20240701T134645195.fits,-61.7016,-130.665,-62.8652,-130.755,-62.8835,-129.102,-61.7192,-129.071,0.82
01_ch2_cla_l1_20240701T171157826_20240701T171205826.fits,22.4386,-130.846,21.0834,-130.861,21.0717,-129.836,22.4268,-129.812,1.01
01_ch2_cla_l1_20240701T174341826_20240701T174349826.fits,-73.6775,-134.426,-74.7962,-134.691,-74.8274,-131.991,-73.7067,-131.901,0.99
01_ch2_cla_l1_20240701T132533195_20240701T132541195.fits,2.1443,-128.939,0.7954,-128.955,0.7848,-128.005,2.1337,-127.989,0.44
01_ch2_cla_l1_20240701T145009767_20240701T145017767.fits,82.6198,42.7757,81.463,43.8694,81.5204,48.9681,82.6863,48.682,0.3
01_ch2_cla_l1_20240701T115032112_20240701T115040112.fits,-63.2728,-129.675,-64.4273,-129.773,-64.4461,-128.045,-63.2905,-128.013,0.43
01_ch2_cla_l1_20240701T095547848_20240701T095555848.fits,-68.9965,-129.136,-70.1274,-129.288,-70.1501,-127.171,-69.0181,-127.123,0.33
01_ch2_cla_l1_20240701T113336112_20240701T113344112.fits,-11.7877,-128.046,-13.1145,-128.064,-13.125,-127.114,-11.7981,-127.099,0.75
01_ch2_cla_l1_20240701T113504112_20240701T113512112.fits,-16.2014,-128.115,-17.5182,-128.134,-17.5287,-127.175,-16.2119,-127.16,0.55
01_ch2_cla_l1_20240701T092051848_20240701T092059848.fits,36.5427,-126.339,35.1902,-126.353,35.1777,-125.186,36.53,-125.153,0.87
01_ch2_cla_l1_20240701T190026911_20240701T190034911.fits,46.7398,-131.572,45.4148,-131.591,45.3996,-130.273,46.7242,-130.225,0.31
01_ch2_cla_l1_20240701T151121767_20240701T151129767.fits,34.417,-129.609,33.0686,-129.624,33.0559,-128.491,34.4041,-128.459,0.09
01_ch2_cla_l1_20240701T093643848_20240701T093651848.fits,-10.9482,-126.942,-12.2775,-126.96,-12.2878,-126.01,-10.9584,-125.995,1.16
01_ch2_cla_l1_20240701T135453196_20240701T135501196.fits,-87.1786,-148.61,-88.1448,-159.819,-88.381,-139.758,-87.3285,-135.376,0.59
01_ch2_cla_l1_20240701T165917826_20240701T165925826.fits,60.4207,-130.232,59.1256,-130.258,59.1057,-128.518,60.4001,-128.425,0.71
01_ch2_cla_l1_20240701T105704112_20240701T105712112.fits,82.9684,44.7064,81.807,45.8848,81.8652,51.2354,83.0363,50.9495,0.43
01_ch2_cla_l1_20240701T113352112_20240701T113400112.fits,-12.5896,-128.058,-13.9147,-128.077,-13.9252,-127.125,-12.6001,-127.11,0.64
01_ch2_cla_l1_20240701T170141826_20240701T170149826.fits,53.1998,-130.389,51.8864,-130.41,51.8696,-128.931,53.1825,-128.868,1.09
01_ch2_cla_l1_20240701T191458911_20240701T191506911.fits,3.2171,-132.185,1.8704,-132.201,1.8592,-131.253,3.2059,-131.236,0.8
01_ch2_cla_l1_20240701T130437195_20240701T130445195.fits,64.8699,-127.987,63.5826,-128.017,63.5607,-126.028,64.847,-125.906,0.02
01_ch2_cla_l1_20240701T132925196_20240701T132933196.fits,-9.4575,-129.102,-10.7883,-129.12,-10.7989,-128.173,-9.4681,-128.158,0.81
01_ch2_cla_l1_20240701T155321767_20240701T155329767.fits,-85.7268,54.5545,-86.7682,55.9819,-86.6448,66.7472,-85.6328,62.8044,0.96
01_ch2_cla_l1_20240701T194226911_20240701T194234911.fits,-80.3318,-138.048,-81.4222,-138.822,-81.4767,-134.242,-80.3803,-133.971,1.1
01_ch2_cla_l1_20240701T144905767_20240701T144913767.fits,79.357,45.2803,78.208,45.8232,78.2489,49.4589,79.4023,49.3123,0.98
01_ch2_cla_l1_20240701T153209767_20240701T153217767.fits,-27.9943,-130.516,-29.2789,-130.541,-29.2905,-129.531,-28.0057,-129.516,0.37
01_ch2_cla_l1_20240701T192122911_20240701T192130911.fits,-16.0055,-132.479,-17.3212,-132.5,-17.3326,-131.543,-16.0169,-131.527,0.0
01_ch2_cla_l1_20240701T135909195_20240701T135917195.fits,-78.2685,52.7642,-79.2848,52.9205,-79.2492,56.1334,-78.236,55.6958,0.16
01_ch2_cla_l1_20240701T091747848_20240701T091755848.fits,45.7217,-126.215,44.3834,-126.23,44.3693,-124.917,45.7074,-124.872,1.06
01_ch2_cla_l1_20240701T193730911_20240701T193738911.fits,-65.0985,-134.315,-66.2532,-134.435,-66.2753,-132.586,-65.1197,-132.542,0.33
01_ch2_cla_l1_20240701T133821195_20240701T133829195.fits,-36.4349,-129.609,-37.693,-129.64,-37.705,-128.563,-36.4468,-128.547,1.14
01_ch2_cla_l1_20240701T111232112_20240701T111240112.fits,51.2942,-127.207,49.9693,-127.224,49.9538,-125.787,51.2782,-125.73,1.2
01_ch2_cla_l1_20240701T134445196_20240701T134453196.fits,-55.9674,-130.307,-57.1534,-130.372,-57.1694,-128.939,-55.9829,-128.915,1.12
01_ch2_cla_l1_20240701T091923848_20240701T091931848.fits,40.931,-126.282,39.5845,-126.296,39.5713,-125.067,40.9176,-125.029,0.77
01_ch2_cla_l1_20240701T175037826_20240701T175045826.fits,-83.646,52.1524,-84.6844,52.7673,-84.6072,59.4105,-83.5815,57.7227,0.35
01_ch2_cla_l1_20240701T150417767_20240701T150425767.fits,55.6075,-129.274,54.2976,-129.295,54.2802,-127.738,55.5895,-127.667,0.33
01_ch2_cla_l1_20240701T105912112_20240701T105920112.fits,88.9031,-15.0925,88.0973,20.6018,88.3753,44.8377,89.5302,24.029,0.87
01_ch2_cla_l1_20240701T173333826_20240701T173341826.fits,-42.5793,-131.98,-43.8172,-132.019,-43.8307,-130.866,-42.5925,-130.848,0.85
01_ch2_cla_l1_20240701T135541195_20240701T135549195.fits,-88.6897,97.8179,-89.4228,84.0386,-89.651,167.594,-89.0126,125.844,0.11
01_ch2_cla_l1_20240701T112040112_20240701T112048112.fits,26.945,-127.542,25.5863,-127.555,25.5747,-126.491,26.9333,-126.465,0.77
01_ch2_cla_l1_20240701T144713767_20240701T144721767.fits,73.6109,47.2768,72.4818,47.5101,72.5086,49.8983,73.6396,49.8302,0.86
01_ch2_cla_l1_20240701T111152112_20240701T111200112.fits,53.2952,-127.173,51.9749,-127.191,51.9588,-125.698,53.2786,-125.636,1.18
01_ch2_cla_l1_20240701T133117196_20240701T133125195.fits,-15.0721,-129.189,-16.3909,-129.208,-16.4016,-128.252,-15.0827,-128.237,0.8
01_ch2_cla_l1_20240701T170325826_20240701T170333826.fits,47.9945,-130.483,46.6697,-130.501,46.6543,-129.154,47.9788,-129.103,0.89
01_ch2_cla_l1_20240701T173901826_20240701T173909826.fits,-59.2963,-132.726,-60.4724,-132.807,-60.4904,-131.251,-59.3138,-131.221,0.59
01_ch2_cla_l1_20240701T085835848_20240701T085843848.fits,77.2482,49.6089,76.1008,49.9818,76.1338,53.0611,77.2841,52.9671,0.32
01_ch2_cla_l1_20240701T092339848_20240701T092347848.fits,28.1713,-126.443,26.8111,-126.457,26.7996,-125.38,28.1596,-125.353,0.92
01_ch2_cla_l1_20240701T111448112_20240701T111456112.fits,44.4982,-127.312,43.1599,-127.327,43.1459,-126.04,44.4839,-125.997,0.02
01_ch2_cla_l1_20240701T155145767_20240701T155153767.fits,-87.9671,-158.363,-89.2087,-153.88,-88.5926,-143.084,-88.185,-140.046,0.16
01_ch2_cla_l1_20240701T100611848_20240701T100619848.fits,-77.5224,54.7586,-78.5313,54.8878,-78.4996,57.8535,-77.4933,57.4812,1.12
01_ch2_cla_l1_20240701T093955848_20240701T094003848.fits,-20.5837,-127.094,-21.8897,-127.115,-21.9003,-126.142,-20.5942,-126.128,0.3
01_ch2_cla_l1_20240701T185018911_20240701T185026911.fits,77.2999,-130.441,76.0596,-130.553,76.0191,-127.091,77.2557,-126.656,0.52
01_ch2_cla_l1_20240701T111800112_20240701T111808112.fits,34.9192,-127.442,33.567,-127.455,33.5546,-126.312,34.9065,-126.28,0.26
01_ch2_cla_l1_20240701T144729767_20240701T144737767.fits,74.4337,47.0798,73.3016,47.3383,73.3298,49.8522,74.4641,49.7775,1.03
01_ch2_cla_l1_20240701T134621196_20240701T134629196.fits,-60.8815,-130.606,-62.0487,-130.692,-62.0665,-129.076,-60.8988,-129.046,0.64
01_ch2_cla_l1_20240701T173549826_20240701T173557826.fits,-49.4936,-132.224,-50.7068,-132.274,-50.7216,-131.002,-49.5081,-130.981,0.77
01_ch2_cla_l1_20240701T091315848_20240701T091323848.fits,59.3262,-125.985,58.0186,-126.006,58.0003,-124.295,59.3073,-124.21,0.36
01_ch2_cla_l1_20240701T135725195_20240701T135733195.fits,-83.6858,54.1163,-84.7198,54.6902,-84.646,61.3295,-83.624,59.6789,0.56
01_ch2_cla_l1_20240701T184210911_20240701T184218911.fits,78.9648,43.1739,77.8208,43.6923,77.8618,47.188,79.0101,47.0362,0.55
01_ch2_cla_l1_20240701T185402911_20240701T185410911.fits,66.0014,-131.12,64.7244,-131.157,64.7006,-129.111,65.9764,-128.975,1.1
01_ch2_cla_l1_20240701T191706911_20240701T191714911.fits,-3.1803,-132.276,-4.5192,-132.294,-4.5304,-131.352,-3.1915,-131.335,1.05
01_ch2_cla_l1_20240701T105928112_20240701T105936112.fits,89.7741,-36.3457,88.9038,-58.8296,88.9099,-16.2623,89.1736,37.024,0.59
01_ch2_cla_l1_20240701T150601767_20240701T150609767.fits,50.4003,-129.371,49.0783,-129.389,49.0625,-127.982,50.3841,-127.926,0.39
01_ch2_cla_l1_20240701T130957195_20240701T131005195.fits,48.833,-128.323,47.5055,-128.339,47.4904,-126.967,48.8176,-126.915,1.11
01_ch2_cla_l1_20240701T094819848_20240701T094827848.fits,-46.0661,-127.687,-47.2883,-127.728,-47.3012,-126.526,-46.0788,-126.509,0.83
01_ch2_cla_l1_20240701T112224112_20240701T112232112.fits,21.7638,-127.606,20.4028,-127.619,20.3916,-126.593,21.7524,-126.57,0.31
01_ch2_cla_l1_20240701T194034911_20240701T194042911.fits,-74.5605,-135.785,-75.6772,-136.087,-75.7112,-133.232,-74.5921,-133.126,0.08
01_ch2_cla_l1_20240701T124853195_20240701T124901195.fits,68.2379,49.3187,67.1276,49.4506,67.1474,51.2465,68.2587,51.2057,1.05
01_ch2_cla_l1_20240701T152257767_20240701T152305767.fits,-0.2986,-130.061,-1.6435,-130.077,-1.6542,-129.131,-0.3093,-129.115,0.26
01_ch2_cla_l1_20240701T131525195_20240701T131533195.fits,32.4602,-128.555,31.1076,-128.569,31.0953,-127.455,32.4478,-127.425,0.06
01_ch2_cla_l1_20240701T095115848_20240701T095123848.fits,-55.0413,-128.048,-56.2288,-128.109,-56.2438,-126.708,-55.056,-126.686,0.58
01_ch2_cla_l1_20240701T192354911_20240701T192402911.fits,-23.6452,-132.619,-24.942,-132.643,-24.9538,-131.657,-23.6569,-131.641,0.85
01_ch2_cla_l1_20240701T190234911_20240701T190242911.fits,40.3416,-131.675,39.0054,-131.691,38.9914,-130.486,40.3273,-130.448,0.78
01_ch2_cla_l1_20240701T193602911_20240701T193610911.fits,-60.5877,-133.934,-61.7599,-134.023,-61.7791,-132.41,-60.6063,-132.377,0.52
01_ch2_cla_l1_20240701T192010911_20240701T192018911.fits,-12.3936,-132.419,-13.7169,-132.439,-13.7282,-131.49,-12.4049,-131.474,0.34
01_ch2_cla_l1_20240701T152529767_20240701T152537767.fits,-7.9009,-130.169,-9.2342,-130.187,-9.2449,-129.242,-7.9117,-129.227,0.09
01_ch2_cla_l1_20240701T165749826_20240701T165757826.fits,64.842,-130.108,63.5594,-130.141,63.5369,-128.165,64.8185,-128.041,0.58
01_ch2_cla_l1_20240701T154401767_20240701T154409767.fits,-64.2053,-131.983,-65.3606,-132.092,-65.3808,-130.304,-64.2247,-130.266,1.12
01_ch2_cla_l1_20240701T193218911_20240701T193226911.fits,-49.1509,-133.319,-50.3662,-133.369,-50.3814,-132.102,-49.1657,-132.081,0.42
01_ch2_cla_l1_20240701T120024112_20240701T120032112.fits,-84.9992,55.8445,-86.0348,56.7717,-85.9384,65.5574,-84.9227,62.854,0.29
01_ch2_cla_l1_20240701T184914911_20240701T184922911.fits,80.5378,-129.988,79.3089,-130.18,79.2571,-125.754,80.4796,-125.009,0.09
01_ch2_cla_l1_20240701T132349195_20240701T132357195.fits,7.3355,-128.872,5.9811,-128.886,5.9705,-127.926,7.3248,-127.908,0.96
01_ch2_cla_l1_20240701T174125826_20240701T174133826.fits,-66.6804,-133.35,-67.8274,-133.483,-67.85,-131.531,-66.702,-131.484,1.0
01_ch2_cla_l1_20240701T154849767_20240701T154857767.fits,-79.033,-134.975,-80.1264,-135.549,-80.1715,-131.56,-79.0738,-131.37,1.1
01_ch2_cla_l1_20240701T091811848_20240701T091819848.fits,44.5235,-126.233,43.1831,-126.247,43.1693,-124.957,44.5094,-124.913,0.02
01_ch2_cla_l1_20240701T190154911_20240701T190202911.fits,42.34,-131.644,41.0072,-131.661,40.9928,-130.424,42.3254,-130.383,0.5
01_ch2_cla_l1_20240701T151345767_20240701T151353767.fits,27.2364,-129.704,25.8817,-129.718,25.8698,-128.655,27.2243,-128.629,0.31
01_ch2_cla_l1_20240701T115648112_20240701T115656112.fits,-82.6437,-135.105,-83.7131,-136.378,-83.7792,-130.305,-82.7004,-129.898,0.38
01_ch2_cla_l1_20240701T120032112_20240701T120040112.fits,-84.5837,55.575,-85.618,56.3514,-85.5308,64.3155,-84.5131,62.0455,0.04
01_ch2_cla_l1_20240701T100259848_20240701T100307848.fits,-87.5152,60.2558,-88.5471,65.1637,-88.303,86.4418,-87.3654,73.931,1.1
01_ch2_cla_l1_20240701T172237826_20240701T172245826.fits,-9.5207,-131.283,-10.8501,-131.302,-10.8611,-130.357,-9.5316,-130.341,0.11
01_ch2_cla_l1_20240701T172405826_20240701T172413826.fits,-13.9317,-131.353,-15.2524,-131.373,-15.2635,-130.42,-13.9428,-130.405,0.29
01_ch2_cla_l1_20240701T192850911_20240701T192858911.fits,-38.5889,-132.965,-39.8408,-133.0,-39.854,-131.897,-38.6019,-131.88,0.08
01_ch2_cla_l1_20240701T090827848_20240701T090835848.fits,73.7991,-125.518,72.5352,-125.574,72.5045,-122.711,73.7662,-122.442,0.39
01_ch2_cla_l1_20240701T174133826_20240701T174141826.fits,-67.0913,-133.396,-68.2368,-133.534,-68.2597,-131.551,-67.1133,-131.503,0.74
01_ch2_cla_l1_20240701T151513767_20240701T151521767.fits,22.8497,-129.76,21.4928,-129.774,21.4813,-128.744,22.838,-128.72,0.8
01_ch2_cla_l1_20240701T145617767_20240701T145625767.fits,79.7659,-128.113,78.5296,-128.261,78.4828,-124.092,79.7136,-123.459,0.73
01_ch2_cla_l1_20240701T115240112_20240701T115248112.fits,-69.8523,-130.369,-70.9814,-130.536,-71.0053,-128.333,-69.875,-128.279,1.0
01_ch2_cla_l1_20240701T170357826_20240701T170405826.fits,46.3938,-130.51,45.066,-130.527,45.0511,-129.213,46.3786,-129.166,1.03
01_ch2_cla_l1_20240701T125557195_20240701T125605195.fits,89.7592,-48.5624,88.4561,10.1377,88.8222,40.1503,89.2167,34.1882,0.27
01_ch2_cla_l1_20240701T171957826_20240701T172005826.fits,-1.5145,-131.165,-2.8569,-131.182,-2.8678,-130.239,-1.5255,-130.222,1.08
01_ch2_cla_l1_20240701T130029196_20240701T130037196.fits,77.3638,-127.359,76.1167,-127.456,76.078,-123.951,77.3214,-123.521,0.67
01_ch2_cla_l1_20240701T134453196_20240701T134501195.fits,-56.3762,-130.329,-57.5612,-130.396,-57.5772,-128.949,-56.3918,-128.924,0.29
01_ch2_cla_l1_20240701T174917826_20240701T174925826.fits,-87.7859,57.9091,-88.8175,65.789,-88.5018,89.942,-87.6029,73.1698,0.52
01_ch2_cla_l1_20240701T172157826_20240701T172205826.fits,-7.5175,-131.253,-8.8505,-131.271,-8.8615,-130.327,-7.5285,-130.312,0.37
01_ch2_cla_l1_20240701T091051848_20240701T091059848.fits,66.5524,-125.807,65.2653,-125.837,65.2427,-123.724,66.5287,-123.587,0.52
01_ch2_cla_l1_20240701T184658911_20240701T184706911.fits,87.4269,-125.424,86.227,-127.38,86.0876,-115.631,87.2271,-108.823,1.13
01_ch2_cla_l1_20240701T193026911_20240701T193034911.fits,-43.457,-133.112,-44.6926,-133.153,-44.7066,-131.986,-43.4707,-131.967,0.5
01_ch2_cla_l1_20240701T152121767_20240701T152129767.fits,4.4962,-129.996,3.1459,-130.011,3.1351,-129.059,4.4854,-129.041,0.97
01_ch2_cla_l1_20240701T090643848_20240701T090651848.fits,79.047,-125.117,77.8012,-125.23,77.7586,-121.258,78.9998,-120.709,0.94
01_ch2_cla_l1_20240701T110336112_20240701T110344112.fits,78.2243,-126.241,76.978,-126.345,76.9375,-122.617,78.1797,-122.133,0.96
01_ch2_cla_l1_20240701T110504112_20240701T110512112.fits,73.7833,-126.573,72.5216,-126.632,72.4906,-123.778,73.75,-123.509,0.88
01_ch2_cla_l1_20240701T165341826_20240701T165349826.fits,77.3441,-129.423,76.1015,-129.529,76.0617,-126.047,77.3006,-125.614,0.55
01_ch2_cla_l1_20240701T154009767_20240701T154017767.fits,-52.334,-131.238,-53.5352,-131.294,-53.5504,-129.958,-52.3487,-129.936,0.74
01_ch2_cla_l1_20240701T194530911_20240701T194538911.fits,-88.5844,93.0206,-89.3152,79.2752,-89.6388,147.824,-88.9371,118.475,0.67
01_ch2_cla_l1_20240701T125637195_20240701T125645195.fits,89.0893,-113.368,87.9024,-121.861,87.6743,-101.918,88.645,-78.7389,0.02
01_ch2_cla_l1_20240701T124909195_20240701T124917195.fits,69.0637,49.2073,67.95,49.3494,67.9706,51.218,69.0853,51.1748,0.74
01_ch2_cla_l1_20240701T133205195_20240701T133213195.fits,-17.4814,-129.228,-18.7947,-129.248,-18.8055,-128.286,-17.4921,-128.271,0.6
01_ch2_cla_l1_20240701T111952112_20240701T112000112.fits,29.3368,-127.512,27.9796,-127.526,27.9678,-126.441,29.3249,-126.413,0.13
01_ch2_cla_l1_20240701T185226911_20240701T185234911.fits,70.8371,-130.914,69.5752,-130.968,69.5465,-128.51,70.8067,-128.306,0.87
01_ch2_cla_l1_20240701T192458911_20240701T192506911.fits,-26.8684,-132.684,-28.1564,-132.71,-28.1684,-131.706,-26.8803,-131.69,1.2
01_ch2_cla_l1_20240701T110352112_20240701T110400112.fits,77.4163,-126.317,76.167,-126.409,76.1287,-122.882,77.3743,-122.454,0.3
01_ch2_cla_l1_20240701T173141826_20240701T173149826.fits,-36.9023,-131.819,-38.1596,-131.852,-38.1722,-130.767,-36.9148,-130.751,0.83
01_ch2_cla_l1_20240701T135733195_20240701T135741195.fits,-83.2699,53.9377,-84.3026,54.4375,-84.2342,60.5881,-83.2121,59.1506,1.17
01_ch2_cla_l1_20240701T130821195_20240701T130829195.fits,53.6358,-128.241,52.3187,-128.26,52.3022,-126.761,53.6188,-126.697,1.01
01_ch2_cla_l1_20240701T112232112_20240701T112240112.fits,21.3649,-127.611,20.0039,-127.624,19.9928,-126.6,21.3537,-126.577,0.48
01_ch2_cla_l1_20240701T191122911_20240701T191130911.fits,13.9983,-132.038,12.6448,-132.053,12.6333,-131.075,13.9867,-131.055,0.72
01_ch2_cla_l1_20240701T092747848_20240701T092755848.fits,15.8174,-126.593,14.4553,-126.606,14.4445,-125.611,15.8066,-125.591,0.27
01_ch2_cla_l1_20240701T164813826_20240701T164821826.fits,86.999,29.2918,85.8703,35.0143,85.995,45.7806,87.1733,44.1789,0.17
01_ch2_cla_l1_20240701T190730911_20240701T190738911.fits,25.5692,-131.884,24.2175,-131.899,24.2053,-130.854,25.5569,-130.828,0.3
01_ch2_cla_l1_20240701T131205195_20240701T131213196.fits,42.4379,-128.42,41.0985,-128.435,41.0848,-127.188,42.4239,-127.147,0.09
01_ch2_cla_l1_20240701T150209767_20240701T150217767.fits,62.0281,-129.129,60.7348,-129.156,60.7144,-127.333,62.0068,-127.232,1.09
01_ch2_cla_l1_20240701T114704112_20240701T114712112.fits,-52.6252,-129.04,-53.8232,-129.095,-53.8378,-127.757,-52.6394,-127.736,0.24
01_ch2_cla_l1_20240701T114136112_20240701T114144112.fits,-35.9549,-128.5,-37.2141,-128.53,-37.2258,-127.458,-35.9665,-127.443,0.72
01_ch2_cla_l1_20240701T094443848_20240701T094451848.fits,-35.1076,-127.383,-36.3684,-127.411,-36.3801,-126.348,-35.1189,-126.333,0.49
01_ch2_cla_l1_20240701T095251848_20240701T095259848.fits,-59.9551,-128.324,-61.1229,-128.403,-61.1397,-126.833,-59.9713,-126.806,1.04
01_ch2_cla_l1_20240701T155713767_20240701T155721767.fits,-73.6396,51.2463,-74.6435,51.3304,-74.6186,53.539,-73.6163,53.3177,0.09
01_ch2_cla_l1_20240701T170333826_20240701T170341826.fits,47.5942,-130.49,46.2686,-130.507,46.2534,-129.169,47.5786,-129.119,0.05
01_ch2_cla_l1_20240701T153417767_20240701T153425767.fits,-34.4577,-130.659,-35.7222,-130.689,-35.7343,-129.629,-34.4696,-129.614,0.23
01_ch2_cla_l1_20240701T092923848_20240701T092931848.fits,11.033,-126.651,9.673,-126.665,9.6624,-125.69,11.0224,-125.671,0.15
01_ch2_cla_l1_20240701T114912112_20240701T114920112.fits,-59.1697,-129.383,-60.3421,-129.459,-60.3588,-127.917,-59.1859,-127.891,0.06
01_ch2_cla_l1_20240701T112152112_20240701T112200112.fits,23.3577,-127.586,21.9974,-127.6,21.9861,-126.563,23.3463,-126.539,0.57
01_ch2_cla_l1_20240701T111040112_20240701T111048112.fits,56.9001,-127.106,55.5886,-127.126,55.5711,-125.516,56.8821,-125.441,0.86
01_ch2_cla_l1_20240701T164605826_20240701T164613826.fits,80.5674,43.3944,79.4169,44.0866,79.4635,48.1492,80.6198,47.9579,1.13
01_ch2_cla_l1_20240701T194018911_20240701T194026911.fits,-73.7364,-135.592,-74.8564,-135.864,-74.8887,-133.147,-73.7666,-133.052,0.56
01_ch2_cla_l1_20240701T135149195_20240701T135157195.fits,-77.7584,-133.288,-78.8556,-133.739,-78.895,-130.184,-77.7944,-130.039,0.39
01_ch2_cla_l1_20240701T094835848_20240701T094843848.fits,-46.8803,-127.715,-48.0994,-127.757,-48.1125,-126.541,-46.8931,-126.524,0.36
01_ch2_cla_l1_20240701T173325826_20240701T173333826.fits,-42.1733,-131.968,-43.4127,-132.006,-43.4261,-130.858,-42.1864,-130.841,0.36
01_ch2_cla_l1_20240701T164829826_20240701T164837826.fits,87.7478,21.9917,86.6527,31.4581,86.8083,44.819,87.9869,42.0045,0.61
01_ch2_cla_l1_20240701T091339848_20240701T091347848.fits,58.1237,-126.009,56.8129,-126.03,56.7952,-124.368,58.1053,-124.288,0.62
01_ch2_cla_l1_20240701T112448112_20240701T112456112.fits,14.5878,-127.694,13.2276,-127.707,13.2168,-126.72,14.5769,-126.7,0.78
01_ch2_cla_l1_20240701T170901826_20240701T170909826.fits,31.2149,-130.731,29.8655,-130.745,29.8529,-129.649,31.2023,-129.62,0.67
01_ch2_cla_l1_20240701T155057767_20240701T155105767.fits,-85.608,-142.671,-86.6459,-146.733,-86.775,-135.484,-85.7061,-134.058,0.69
01_ch2_cla_l1_20240701T135853195_20240701T135901195.fits,-79.1031,52.8876,-80.1223,53.0691,-80.0836,56.5668,-79.0681,56.0551,0.41
01_ch2_cla_l1_20240701T185034911_20240701T185042911.fits,76.4912,-130.522,75.2478,-130.623,75.2095,-127.335,76.4494,-126.946,1.09
01_ch2_cla_l1_20240701T114928112_20240701T114936112.fits,-59.9893,-129.435,-61.1584,-129.515,-61.1755,-127.941,-60.0059,-127.913,0.43
01_ch2_cla_l1_20240701T170549826_20240701T170557826.fits,40.7974,-130.596,39.4596,-130.612,39.4458,-129.397,40.7833,-129.358,0.4
01_ch2_cla_l1_20240701T092315848_20240701T092323848.fits,29.3668,-126.429,28.0077,-126.442,27.996,-125.354,29.355,-125.327,0.86
01_ch2_cla_l1_20240701T085819848_20240701T085827848.fits,76.4278,49.8885,75.2833,50.2184,75.3143,53.1163,76.4614,53.0322,0.22
01_ch2_cla_l1_20240701T112800112_20240701T112808112.fits,5.0127,-127.814,3.659,-127.829,3.6485,-126.872,5.0022,-126.855,0.74
01_ch2_cla_l1_20240701T194402911_20240701T194410911.fits,-85.2547,-144.322,-86.3015,-147.88,-86.4255,-137.595,-85.351,-136.283,0.81
01_ch2_cla_l1_20240701T111224112_20240701T111232112.fits,51.6943,-127.201,50.3704,-127.217,50.3547,-125.77,51.6782,-125.712,0.79
01_ch2_cla_l1_20240701T155729767_20240701T155737767.fits,-72.8028,51.1843,-73.8041,51.2606,-73.7806,53.3478,-72.7807,53.1486,0.13
01_ch2_cla_l1_20240701T192706911_20240701T192714911.fits,-33.3275,-132.828,-34.5965,-132.859,-34.609,-131.808,-33.34,-131.792,0.69
01_ch2_cla_l1_20240701T153601767_20240701T153609767.fits,-39.723,-130.795,-40.9701,-130.83,-40.9828,-129.715,-39.7355,-129.699,0.95
01_ch2_cla_l1_20240701T191354911_20240701T191402911.fits,6.4131,-132.14,5.0635,-132.157,5.0522,-131.203,6.4018,-131.184,1.08
01_ch2_cla_l1_20240701T174749826_20240701T174757826.fits,-86.4143,-146.96,-87.4279,-153.553,-87.6026,-138.913,-86.5378,-136.43,1.19
01_ch2_cla_l1_20240701T145401767_20240701T145409767.fits,86.6521,-125.209,85.4428,-126.321,85.3306,-116.39,86.5011,-111.951,0.87
01_ch2_cla_l1_20240701T184506911_20240701T184514911.fits,87.7737,20.1403,86.6849,29.9312,86.8455,43.3813,88.0213,40.3137,0.56
01_ch2_cla_l1_20240701T133421196_20240701T133429196.fits,-24.3199,-129.349,-25.6153,-129.372,-25.6263,-128.382,-24.3309,-128.368,0.07
01_ch2_cla_l1_20240701T132525195_20240701T132533195.fits,2.544,-128.934,1.1943,-128.95,1.1837,-127.999,2.5334,-127.982,0.8
01_ch2_cla_l1_20240701T151257767_20240701T151305767.fits,29.6295,-129.673,28.2765,-129.687,28.2643,-128.604,29.6172,-128.576,0.99
01_ch2_cla_l1_20240701T151529767_20240701T151537767.fits,22.0521,-129.77,20.6953,-129.784,20.6837,-128.76,22.0405,-128.736,0.97
01_ch2_cla_l1_20240701T115024112_20240701T115032112.fits,-62.8609,-129.641,-64.0198,-129.738,-64.038,-128.031,-62.8788,-127.998,0.42
01_ch2_cla_l1_20240701T190602911_20240701T190610911.fits,29.9587,-131.824,28.6099,-131.839,28.5973,-130.758,29.9459,-130.729,1.0
01_ch2_cla_l1_20240701T184938911_20240701T184946911.fits,79.3232,-130.188,78.0898,-130.342,78.043,-126.339,79.2712,-125.741,0.36
01_ch2_cla_l1_20240701T191010911_20240701T191018911.fits,17.5897,-131.99,16.2355,-132.005,16.2238,-131.011,17.578,-130.989,0.16
01_ch2_cla_l1_20240701T193234911_20240701T193242911.fits,-49.9657,-133.352,-51.1781,-133.404,-51.1935,-132.12,-49.9807,-132.098,0.65
01_ch2_cla_l1_20240701T092811848_20240701T092819848.fits,14.6213,-126.607,13.2597,-126.621,13.249,-125.631,14.6106,-125.611,0.09
01_ch2_cla_l1_20240701T190218911_20240701T190226911.fits,41.1408,-131.663,39.8061,-131.68,39.792,-130.462,41.1264,-130.423,0.02
01_ch2_cla_l1_20240701T165125826_20240701T165133826.fits,84.2276,-127.959,83.0101,-128.405,82.9341,-121.788,84.1361,-120.002,0.89
01_ch2_cla_l1_20240701T135757195_20240701T135805196.fits,-82.0211,53.5116,-83.0498,53.859,-82.994,58.886,-81.9726,57.89,1.13
01_ch2_cla_l1_20240701T145849767_20240701T145857767.fits,72.0903,-128.766,70.8278,-128.82,70.7985,-126.207,72.0591,-125.98,0.59
01_ch2_cla_l1_20240701T100107848_20240701T100115848.fits,-85.4894,-138.568,-86.526,-142.214,-86.6423,-131.457,-85.5787,-130.262,0.1
01_ch2_cla_l1_20240701T152345767_20240701T152353767.fits,-2.6977,-130.094,-4.0394,-130.111,-4.0501,-129.167,-2.7084,-129.151,0.8
01_ch2_cla_l1_20240701T125757195_20240701T125805195.fits,85.0537,-125.644,83.8349,-126.175,83.752,-118.68,84.9507,-116.381,0.04
01_ch2_cla_l1_20240701T095139848_20240701T095147848.fits,-56.2685,-128.11,-57.4511,-128.175,-57.4665,-126.737,-56.2835,-126.714,0.47
01_ch2_cla_l1_20240701T134845195_20240701T134853195.fits,-68.2755,-131.286,-69.4127,-131.433,-69.4355,-129.367,-68.2972,-129.318,0.76
01_ch2_cla_l1_20240701T193154911_20240701T193202911.fits,-47.9296,-133.27,-49.1492,-133.318,-49.164,-132.076,-47.9441,-132.055,1.17
01_ch2_cla_l1_20240701T150201767_20240701T150209767.fits,62.4298,-129.118,61.1379,-129.146,61.1173,-127.303,62.4083,-127.198,0.19
01_ch2_cla_l1_20240701T191306911_20240701T191314911.fits,8.8092,-132.108,7.4576,-132.124,7.4464,-131.163,8.7978,-131.144,0.28
01_ch2_cla_l1_20240701T112624112_20240701T112632112.fits,9.8019,-127.753,8.444,-127.767,8.4334,-126.798,9.7912,-126.78,0.66
01_ch2_cla_l1_20240701T130829195_20240701T130837195.fits,53.2353,-128.248,51.9173,-128.266,51.9009,-126.78,53.2184,-126.717,0.7
01_ch2_cla_l1_20240701T194434911_20240701T194442911.fits,-86.8596,-150.754,-87.8478,-159.946,-88.0663,-142.485,-87.0055,-138.734,0.76
01_ch2_cla_l1_20240701T173149826_20240701T173157826.fits,-37.3074,-131.829,-38.5633,-131.862,-38.5759,-130.774,-37.3199,-130.758,0.99
01_ch2_cla_l1_20240701T091715848_20240701T091723848.fits,47.3199,-126.192,45.9844,-126.207,45.97,-124.861,47.3051,-124.813,0.17
01_ch2_cla_l1_20240701T153825767_20240701T153833767.fits,-47.0358,-131.026,-48.2571,-131.07,-48.271,-129.847,-47.0494,-129.828,1.17
01_ch2_cla_l1_20240701T124901195_20240701T124909195.fits,68.6507,49.2641,67.539,49.4008,67.5592,51.2324,68.6719,51.1905,0.51
01_ch2_cla_l1_20240701T135325195_20240701T135333195.fits,-82.7087,-136.358,-83.7796,-137.677,-83.8479,-131.521,-82.7671,-131.089,0.34
01_ch2_cla_l1_20240701T185002911_20240701T185010911.fits,78.1092,-130.349,76.8713,-130.476,76.8286,-126.817,78.0621,-126.326,0.93
01_ch2_cla_l1_20240701T184610911_20240701T184618911.fits,89.0538,-114.444,88.6579,-119.601,88.3092,-92.4448,89.6988,-64.4909,0.72
01_ch2_cla_l1_20240701T125325195_20240701T125333196.fits,82.1989,44.3803,81.0408,45.3565,81.0946,50.2181,82.2606,49.9707,0.06
01_ch2_cla_l1_20240701T111048112_20240701T111056112.fits,56.4993,-127.114,55.1869,-127.134,55.1695,-125.537,56.4815,-125.465,0.12
01_ch2_cla_l1_20240701T155545767_20240701T155553767.fits,-78.2353,51.7267,-79.254,51.888,-79.2176,55.1053,-78.2021,54.6626,0.62
01_ch2_cla_l1_20240701T092739848_20240701T092747848.fits,16.216,-126.588,14.8537,-126.601,14.8429,-125.604,16.2052,-125.584,0.73
01_ch2_cla_l1_20240701T111752112_20240701T111800112.fits,35.318,-127.437,33.9664,-127.45,33.9539,-126.302,35.3054,-126.27,0.41
01_ch2_cla_l1_20240701T185418911_20240701T185426911.fits,65.1962,-131.147,63.917,-131.183,63.8938,-129.19,65.1719,-129.062,0.84
01_ch2_cla_l1_20240701T100211848_20240701T100219848.fits,-88.9701,168.797,-89.0702,145.042,-89.7064,148.596,-88.5741,-167.33,0.59
01_ch2_cla_l1_20240701T094803848_20240701T094811848.fits,-45.2523,-127.66,-46.4775,-127.701,-46.4903,-126.512,-45.2648,-126.495,0.03
01_ch2_cla_l1_20240701T173853826_20240701T173901826.fits,-58.8869,-132.699,-60.0645,-132.779,-60.0824,-131.238,-58.9042,-131.209,0.08
01_ch2_cla_l1_20240701T170725826_20240701T170733826.fits,36.0046,-130.665,34.6601,-130.68,34.647,-129.531,35.9913,-129.498,0.96
01_ch2_cla_l1_20240701T190554911_20240701T190602911.fits,30.3578,-131.819,29.0094,-131.834,28.9968,-130.749,30.345,-130.719,0.33
01_ch2_cla_l1_20240701T151745767_20240701T151753767.fits,15.2724,-129.856,13.9151,-129.87,13.904,-128.883,15.2611,-128.863,0.97
01_ch2_cla_l1_20240701T125717196_20240701T125725195.fits,87.0795,-123.726,85.8712,-125.094,85.7469,-114.179,86.9093,-108.678,1.16
01_ch2_cla_l1_20240701T115248112_20240701T115256112.fits,-70.2643,-130.427,-71.3917,-130.601,-71.4161,-128.356,-70.2874,-128.3,0.28
01_ch2_cla_l1_20240701T193618911_20240701T193626911.fits,-61.4071,-133.995,-62.5762,-134.089,-62.5958,-132.439,-61.426,-132.404,0.72
01_ch2_cla_l1_20240701T120424112_20240701T120432112.fits,-72.4777,53.2709,-73.4728,53.3397,-73.4508,55.3635,-72.4569,55.1781,0.25
01_ch2_cla_l1_20240701T131413196_20240701T131421195.fits,36.0506,-128.508,34.702,-128.522,34.6893,-127.367,36.0377,-127.334,0.25
01_ch2_cla_l1_20240701T110944112_20240701T110952112.fits,59.7068,-127.048,58.4026,-127.071,58.3839,-125.348,59.6874,-125.261,0.02
01_ch2_cla_l1_20240701T174525826_20240701T174533826.fits,-79.0385,-136.149,-80.1338,-136.735,-80.1801,-132.73,-79.0804,-132.531,0.94
01_ch2_cla_l1_20240701T113856112_20240701T113904112.fits,-27.8723,-128.322,-29.1572,-128.347,-29.1683,-127.338,-27.8833,-127.324,1.08
01_ch2_cla_l1_20240701T190634911_20240701T190642911.fits,28.3625,-131.846,27.0124,-131.861,27.0,-130.794,28.3499,-130.766,0.91
01_ch2_cla_l1_20240701T192410911_20240701T192418911.fits,-24.4506,-132.635,-25.7455,-132.659,-25.7573,-131.669,-24.4623,-131.654,0.84
01_ch2_cla_l1_20240701T193202911_20240701T193210911.fits,-48.3365,-133.286,-49.5546,-133.335,-49.5696,-132.084,-48.3512,-132.063,1.2
01_ch2_cla_l1_20240701T172845826_20240701T172853826.fits,-28.0113,-131.612,-29.2961,-131.638,-29.3079,-130.627,-28.023,-130.612,0.84
01_ch2_cla_l1_20240701T152129767_20240701T152137767.fits,4.097,-130.001,2.7469,-130.017,2.7361,-129.065,4.0861,-129.047,0.61
01_ch2_cla_l1_20240701T195106911_20240701T195114911.fits,-71.495,49.0176,-72.4969,49.0901,-72.4739,51.0286,-71.4732,50.8503,0.32
01_ch2_cla_l1_20240701T165349826_20240701T165357826.fits,76.9398,-129.462,75.6958,-129.563,75.657,-126.171,76.8975,-125.762,1.14
01_ch2_cla_l1_20240701T154001767_20240701T154009767.fits,-51.926,-131.22,-53.1289,-131.274,-53.1439,-129.949,-51.9407,-129.928,0.21
01_ch2_cla_l1_20240701T152657767_20240701T152705767.fits,-12.3097,-130.236,-13.6342,-130.255,-13.6451,-129.305,-12.3205,-129.29,0.87
01_ch2_cla_l1_20240701T171757826_20240701T171805826.fits,4.4805,-131.082,3.1313,-131.098,3.1203,-130.147,4.4695,-130.129,0.67
01_ch2_cla_l1_20240701T131125195_20240701T131133195.fits,44.4354,-128.391,43.0995,-128.406,43.0853,-127.124,44.421,-127.08,0.72
01_ch2_cla_l1_20240701T130021196_20240701T130029196.fits,77.768,-127.319,76.5223,-127.422,76.4825,-123.82,77.7244,-123.364,1.04
01_ch2_cla_l1_20240701T095515848_20240701T095523848.fits,-67.3496,-128.943,-68.4872,-129.075,-68.5084,-127.093,-67.3698,-127.051,0.33
01_ch2_cla_l1_20240701T115432112_20240701T115440112.fits,-75.6263,-131.475,-76.7311,-131.798,-76.7639,-128.775,-75.6567,-128.673,0.37
01_ch2_cla_l1_20240701T095147848_20240701T095155848.fits,-56.6778,-128.132,-57.8587,-128.198,-57.8743,-126.747,-56.6929,-126.723,1.12
01_ch2_cla_l1_20240701T113736112_20240701T113744112.fits,-23.8416,-128.245,-25.1384,-128.268,-25.1492,-127.281,-23.8524,-127.267,0.67
01_ch2_cla_l1_20240701T113104112_20240701T113112112.fits,-4.1784,-127.936,-5.5197,-127.952,-5.5301,-127.007,-4.1888,-126.991,0.48
01_ch2_cla_l1_20240701T151521767_20240701T151529767.fits,22.4508,-129.765,21.094,-129.779,21.0824,-128.752,22.4392,-128.728,0.21
01_ch2_cla_l1_20240701T093243848_20240701T093251848.fits,1.055,-126.776,-0.2951,-126.792,-0.3054,-125.841,1.0447,-125.825,0.77
01_ch2_cla_l1_20240701T092451848_20240701T092459848.fits,24.5848,-126.487,23.223,-126.5,23.2117,-125.452,24.5734,-125.427,0.32
01_ch2_cla_l1_20240701T190426911_20240701T190434911.fits,34.7491,-131.757,33.4052,-131.773,33.3921,-130.641,34.7357,-130.609,0.85
01_ch2_cla_l1_20240701T184722911_20240701T184730911.fits,86.2123,-127.424,85.0058,-128.429,84.8991,-119.375,86.0731,-115.674,1.09
01_ch2_cla_l1_20240701T185130911_20240701T185138911.fits,73.6625,-130.748,72.4097,-130.82,72.377,-128.014,73.6273,-127.741,0.6
01_ch2_cla_l1_20240701T134405195_20240701T134413195.fits,-53.9235,-130.205,-55.1178,-130.264,-55.1331,-128.89,-53.9384,-128.867,0.82
01_ch2_cla_l1_20240701T171557826_20240701T171605826.fits,10.4697,-131.002,9.1161,-131.018,9.105,-130.051,10.4585,-130.031,0.77
01_ch2_cla_l1_20240701T152937767_20240701T152945767.fits,-20.3417,-130.37,-21.6476,-130.392,-21.6587,-129.42,-20.3527,-129.405,0.18
01_ch2_cla_l1_20240701T132133195_20240701T132141195.fits,14.1182,-128.786,12.7601,-128.8,12.7492,-127.816,14.1072,-127.796,1.06
01_ch2_cla_l1_20240701T174741826_20240701T174749826.fits,-86.0129,-145.319,-87.0411,-150.481,-87.192,-137.721,-86.1239,-135.824,0.88
01_ch2_cla_l1_20240701T145409767_20240701T145417767.fits,86.2471,-125.672,85.036,-126.581,84.9325,-117.415,86.1115,-113.73,0.14
01_ch2_cla_l1_20240701T133429196_20240701T133437196.fits,-24.7229,-129.356,-26.017,-129.38,-26.0281,-128.388,-24.7338,-128.374,0.91
01_ch2_cla_l1_20240701T100323848_20240701T100331848.fits,-86.2732,57.9866,-87.3085,59.7558,-87.1703,72.4224,-86.1725,67.3198,0.64
01_ch2_cla_l1_20240701T165533826_20240701T165541826.fits,71.69,-129.832,70.4284,-129.887,70.3992,-127.328,71.6589,-127.108,0.56
01_ch2_cla_l1_20240701T184946911_20240701T184954911.fits,78.9184,-130.246,77.6836,-130.389,77.6382,-126.509,78.8682,-125.951,0.19
01_ch2_cla_l1_20240701T145841767_20240701T145849767.fits,72.4937,-128.744,71.2325,-128.801,71.2026,-126.138,72.4619,-125.901,0.71
01_ch2_cla_l1_20240701T190754911_20240701T190802911.fits,24.3723,-131.9,23.0198,-131.915,23.0077,-130.879,24.3601,-130.854,0.47
01_ch2_cla_l1_20240701T135949196_20240701T135957196.fits,-76.1801,52.517,-77.1896,52.6296,-77.1601,55.293,-76.1528,54.9833,0.91
01_ch2_cla_l1_20240701T132245196_20240701T132253195.fits,10.5281,-128.831,9.1714,-128.845,9.1606,-127.875,10.5173,-127.856,0.48
01_ch2_cla_l1_20240701T152113767_20240701T152121767.fits,4.8955,-129.99,3.5447,-130.006,3.534,-129.053,4.8848,-129.035,0.58
01_ch2_cla_l1_20240701T131341195_20240701T131349195.fits,37.6471,-128.487,36.3004,-128.501,36.2875,-127.326,37.6338,-127.291,0.43
01_ch2_cla_l1_20240701T134157195_20240701T134205195.fits,-47.3983,-129.936,-48.6172,-129.98,-48.6309,-128.752,-47.4117,-128.734,1.19
01_ch2_cla_l1_20240701T171637826_20240701T171645826.fits,8.4739,-131.029,7.1215,-131.044,7.1104,-130.083,8.4628,-130.065,1.02
01_ch2_cla_l1_20240701T171005826_20240701T171013826.fits,28.0232,-130.773,26.6708,-130.788,26.6586,-129.721,28.0108,-129.694,1.01
01_ch2_cla_l1_20240701T154217767_20240701T154225767.fits,-58.8747,-131.585,-60.0511,-131.662,-60.0685,-130.126,-58.8916,-130.097,0.86
01_ch2_cla_l1_20240701T094931848_20240701T094939848.fits,-49.7327,-127.818,-50.9408,-127.865,-50.9545,-126.595,-49.746,-126.576,0.58
01_ch2_cla_l1_20240701T112440112_20240701T112448112.fits,14.9865,-127.689,13.6262,-127.703,13.6154,-126.713,14.9756,-126.693,0.34
01_ch2_cla_l1_20240701T170909826_20240701T170917826.fits,30.8161,-130.736,29.4658,-130.751,29.4534,-129.659,30.8034,-129.629,1.09
01_ch2_cla_l1_20240701T111552112_20240701T111600112.fits,41.3036,-127.357,39.9601,-127.371,39.9467,-126.14,41.29,-126.101,0.63
01_ch2_cla_l1_20240701T092859848_20240701T092907848.fits,12.2293,-126.636,10.8685,-126.65,10.8579,-125.671,12.2186,-125.651,1.15
01_ch2_cla_l1_20240701T130813195_20240701T130821195.fits,54.0363,-128.234,52.7202,-128.252,52.7036,-126.741,54.0192,-126.676,0.16
01_ch2_cla_l1_20240701T164821826_20240701T164829826.fits,87.3787,26.1617,86.2634,33.4222,86.4019,45.3543,87.5806,43.2733,0.42
01_ch2_cla_l1_20240701T150017767_20240701T150025767.fits,67.658,-128.957,66.3814,-128.995,66.357,-126.815,67.6323,-126.663,0.15
01_ch2_cla_l1_20240701T175205826_20240701T175213826.fits,-79.067,50.8383,-80.091,51.0335,-80.0504,54.5493,-79.0302,54.0223,0.75
01_ch2_cla_l1_20240701T175437826_20240701T175445826.fits,-71.1293,50.0278,-72.1275,50.0951,-72.1057,51.9831,-71.1089,51.815,0.18
01_ch2_cla_l1_20240701T194842911_20240701T194850911.fits,-79.0119,49.8323,-80.0379,50.0354,-79.9962,53.5448,-78.9741,53.012,0.99
01_ch2_cla_l1_20240701T125141195_20240701T125149196.fits,76.8849,47.4833,75.7421,47.8417,75.775,50.8237,76.9208,50.727,0.99
01_ch2_cla_l1_20240701T173733826_20240701T173741826.fits,-54.7972,-132.465,-55.9907,-132.529,-56.007,-131.125,-54.813,-131.1,0.49
01_ch2_cla_l1_20240701T194626911_20240701T194634911.fits,-86.0773,53.231,-87.1224,55.1547,-86.9759,67.1992,-85.9688,62.251,0.37
01_ch2_cla_l1_20240701T155721767_20240701T155729767.fits,-73.2213,51.2146,-74.2239,51.2946,-74.1997,53.4409,-73.1986,53.2311,1.11
01_ch2_cla_l1_20240701T153609767_20240701T153617767.fits,-40.1285,-130.806,-41.3743,-130.842,-41.387,-129.722,-40.1411,-129.705,1.05
01_ch2_cla_l1_20240701T091347848_20240701T091355848.fits,57.723,-126.017,56.411,-126.037,56.3934,-124.391,57.7048,-124.314,0.24
01_ch2_cla_l1_20240701T193330911_20240701T193338911.fits,-52.8197,-133.479,-54.0216,-133.539,-54.0377,-132.187,-52.8355,-132.163,0.58
01_ch2_cla_l1_20240701T132037195_20240701T132045196.fits,16.91,-128.751,15.5508,-128.764,15.5397,-127.768,16.8989,-127.747,0.57
01_ch2_cla_l1_20240701T192522911_20240701T192530911.fits,-28.0782,-132.709,-29.3628,-132.736,-29.3749,-131.725,-28.0902,-131.709,0.08
01_ch2_cla_l1_20240701T111632112_20240701T111640112.fits,39.3077,-127.384,37.9614,-127.398,37.9483,-126.197,39.2944,-126.16,0.34
01_ch2_cla_l1_20240701T114920112_20240701T114928112.fits,-59.5795,-129.409,-60.7502,-129.487,-60.7672,-127.929,-59.5959,-127.902,0.15
01_ch2_cla_l1_20240701T194954911_20240701T195002911.fits,-75.2572,49.3292,-76.2709,49.4421,-76.2412,51.9499,-75.2295,51.6629,0.81
01_ch2_cla_l1_20240701T105304112_20240701T105312112.fits,70.6726,50.0796,69.5514,50.2449,69.5734,52.2767,70.6958,52.2291,1.03
01_ch2_cla_l1_20240701T133253196_20240701T133301195.fits,-19.8931,-129.269,-21.2002,-129.29,-21.2111,-128.32,-19.9038,-128.305,0.22
01_ch2_cla_l1_20240701T105536112_20240701T105544112.fits,78.4815,47.9851,77.3318,48.4426,77.3686,51.831,78.522,51.7143,0.65
01_ch2_cla_l1_20240701T170541826_20240701T170549826.fits,41.1968,-130.59,39.8599,-130.606,39.846,-129.385,41.1826,-129.346,1.16
01_ch2_cla_l1_20240701T112808112_20240701T112816112.fits,4.6133,-127.819,3.2602,-127.834,3.2497,-126.879,4.6028,-126.861,0.39
01_ch2_cla_l1_20240701T191058911_20240701T191106911.fits,15.1955,-132.022,13.8416,-132.037,13.8301,-131.054,15.1839,-131.033,0.61
01_ch2_cla_l1_20240701T130605195_20240701T130613195.fits,60.4514,-128.101,59.1517,-128.125,59.1324,-126.374,60.4314,-126.283,1.05
01_ch2_cla_l1_20240701T150833767_20240701T150841767.fits,42.8019,-129.492,41.4654,-129.507,41.4515,-128.257,42.7877,-128.216,0.38
01_ch2_cla_l1_20240701T135901195_20240701T135909195.fits,-78.6858,52.8238,-79.7036,52.992,-79.6665,56.3416,-78.6521,55.8689,0.13
01_ch2_cla_l1_20240701T133829195_20240701T133837195.fits,-36.8402,-129.62,-38.0965,-129.651,-38.1086,-128.569,-36.8521,-128.554,0.39
01_ch2_cla_l1_20240701T194002911_20240701T194010911.fits,-72.9125,-135.416,-74.0359,-135.663,-74.0667,-133.071,-72.9414,-132.984,0.76
01_ch2_cla_l1_20240701T111624112_20240701T111632112.fits,39.7069,-127.379,38.3608,-127.393,38.3477,-126.186,39.6935,-126.149,1.16
01_ch2_cla_l1_20240701T155329767_20240701T155337767.fits,-85.312,54.1664,-86.3526,55.3223,-86.2429,64.9122,-85.2264,61.6958,0.8
01_ch2_cla_l1_20240701T153201767_20240701T153209767.fits,-27.5909,-130.507,-28.8768,-130.533,-28.8883,-129.525,-27.6022,-129.51,0.93
01_ch2_cla_l1_20240701T134805196_20240701T134813196.fits,-66.2187,-131.057,-67.3644,-131.181,-67.3856,-129.271,-66.239,-129.229,0.88
01_ch2_cla_l1_20240701T192306911_20240701T192314911.fits,-21.2305,-132.573,-22.5335,-132.596,-22.5451,-131.62,-21.2421,-131.605,0.59
01_ch2_cla_l1_20240701T155457767_20240701T155505767.fits,-80.737,52.1729,-81.764,52.4371,-81.7161,56.6777,-80.6945,55.9411,0.87
01_ch2_cla_l1_20240701T185434911_20240701T185442911.fits,64.3914,-131.174,63.1098,-131.208,63.0872,-129.265,64.3678,-129.144,1.18
01_ch2_cla_l1_20240701T170149826_20240701T170157826.fits,52.7991,-130.397,51.4847,-130.417,51.4681,-128.95,52.7819,-128.888,0.61
01_ch2_cla_l1_20240701T092715848_20240701T092723848.fits,17.4117,-126.573,16.0493,-126.587,16.0385,-125.584,17.4008,-125.563,0.17
01_ch2_cla_l1_20240701T150825767_20240701T150833767.fits,43.2016,-129.486,41.8656,-129.501,41.8515,-128.244,43.1873,-128.202,0.51
01_ch2_cla_l1_20240701T134613196_20240701T134621196.fits,-60.4714,-130.578,-61.6401,-130.661,-61.6578,-129.064,-60.4885,-129.034,0.25
01_ch2_cla_l1_20240701T112048112_20240701T112056112.fits,26.5465,-127.547,25.1875,-127.56,25.1759,-126.499,26.5348,-126.474,0.34
01_ch2_cla_l1_20240701T091739848_20240701T091747848.fits,46.1212,-126.21,44.7835,-126.224,44.7694,-124.903,46.1068,-124.857,0.35
01_ch2_cla_l1_20240701T085803848_20240701T085811848.fits,75.607,50.1369,74.4655,50.4308,74.4947,53.1665,75.6386,53.0906,0.9
01_ch2_cla_l1_20240701T112752112_20240701T112800112.fits,5.412,-127.809,4.058,-127.824,4.0475,-126.867,5.4015,-126.849,0.13
01_ch2_cla_l1_20240701T164957826_20240701T165005826.fits,88.6761,-119.138,87.4863,-124.524,87.2867,-107.566,88.3286,-91.3765,0.72
01_ch2_cla_l1_20240701T194418911_20240701T194426911.fits,-86.063,-146.884,-87.0895,-152.313,-87.248,-139.312,-86.179,-137.245,0.01
01_ch2_cla_l1_20240701T135549195_20240701T135557195.fits,-88.6474,64.6562,-89.0467,70.4233,-89.5915,101.356,-88.3766,87.0842,0.32
01_ch2_cla_l1_20240701T170853826_20240701T170901826.fits,31.614,-130.726,30.2647,-130.74,30.2521,-129.64,31.6013,-129.61,0.39
01_ch2_cla_l1_20240701T173725826_20240701T173733826.fits,-54.388,-132.445,-55.5836,-132.507,-55.5997,-131.115,-54.4037,-131.09,0.18
01_ch2_cla_l1_20240701T144545767_20240701T144553767.fits,69.0762,48.0897,67.964,48.2334,67.9849,50.099,69.0982,50.0541,0.32
01_ch2_cla_l1_20240701T100507848_20240701T100515848.fits,-80.8625,55.2768,-81.8825,55.5211,-81.837,59.7719,-80.8221,59.0499,0.35
01_ch2_cla_l1_20240701T165525826_20240701T165533826.fits,72.0934,-129.81,70.8332,-129.868,70.8034,-127.261,72.0617,-127.032,1.05
01_ch2_cla_l1_20240701T095539848_20240701T095547848.fits,-68.5847,-129.085,-69.7172,-129.232,-69.7395,-127.151,-68.6058,-127.104,0.41
01_ch2_cla_l1_20240701T152745767_20240701T152753767.fits,-14.7171,-130.275,-16.0363,-130.294,-16.0472,-129.339,-14.7279,-129.325,0.03
01_ch2_cla_l1_20240701T193554911_20240701T193602911.fits,-60.178,-133.905,-61.352,-133.992,-61.371,-132.396,-60.1964,-132.364,0.58
01_ch2_cla_l1_20240701T113944112_20240701T113952112.fits,-30.294,-128.372,-31.5716,-128.398,-31.5828,-127.373,-30.3052,-127.358,0.96
01_ch2_cla_l1_20240701T131749195_20240701T131757195.fits,25.2827,-128.646,23.925,-128.66,23.9133,-127.611,25.271,-127.586,0.92
01_ch2_cla_l1_20240701T095907848_20240701T095915848.fits,-79.3143,-131.642,-80.4005,-132.219,-80.4438,-128.164,-79.3534,-127.984,1.19
01_ch2_cla_l1_20240701T190618911_20240701T190626911.fits,29.1606,-131.835,27.8113,-131.85,27.7988,-130.776,29.1479,-130.748,1.01
01_ch2_cla_l1_20240701T171845826_20240701T171853826.fits,2.0834,-131.115,0.7368,-131.131,0.7258,-130.184,2.0724,-130.167,0.27
01_ch2_cla_l1_20240701T151129767_20240701T151137767.fits,34.018,-129.615,32.6691,-129.629,32.6565,-128.501,34.0051,-128.469,0.32
01_ch2_cla_l1_20240701T115424112_20240701T115432112.fits,-75.2141,-131.37,-76.3201,-131.673,-76.3521,-128.732,-75.2437,-128.638,0.35
01_ch2_cla_l1_20240701T191410911_20240701T191418911.fits,5.6146,-132.151,4.2655,-132.168,4.2542,-131.215,5.6032,-131.197,1.07
01_ch2_cla_l1_20240701T190202911_20240701T190210911.fits,41.9404,-131.65,40.6068,-131.667,40.5925,-130.437,41.9258,-130.396,0.36
01_ch2_cla_l1_20240701T110856112_20240701T110904112.fits,62.1145,-126.993,60.8168,-127.018,60.7969,-125.181,62.0937,-125.08,0.49
01_ch2_cla_l1_20240701T193634911_20240701T193642911.fits,-62.2266,-134.059,-63.3926,-134.158,-63.4127,-132.469,-62.2461,-132.432,1.07
01_ch2_cla_l1_20240701T184106911_20240701T184114911.fits,75.6828,44.4623,74.5495,44.7741,74.5814,47.4914,75.7173,47.3969,1.06
01_ch2_cla_l1_20240701T174349826_20240701T174357826.fits,-74.0897,-134.518,-75.2066,-134.796,-75.2386,-132.03,-74.1195,-131.935,0.32
01_ch2_cla_l1_20240701T145001767_20240701T145009767.fits,82.2133,43.2021,81.0571,44.1904,81.1118,49.0482,82.2762,48.7887,1.17
01_ch2_cla_l1_20240701T120248112_20240701T120256112.fits,-77.4974,53.7074,-78.5087,53.8406,-78.4764,56.8136,-77.4677,56.4368,0.95
01_ch2_cla_l1_20240701T132125195_20240701T132133195.fits,14.5172,-128.78,13.1585,-128.795,13.1476,-127.809,14.5062,-127.789,0.12
01_ch2_cla_l1_20240701T151657767_20240701T151705767.fits,17.6654,-129.826,16.3079,-129.84,16.2967,-128.841,17.654,-128.82,0.89
01_ch2_cla_l1_20240701T172757826_20240701T172805826.fits,-25.5927,-131.563,-26.884,-131.587,-26.8956,-130.591,-25.6042,-130.576,0.31
01_ch2_cla_l1_20240701T152521767_20240701T152529767.fits,-7.5004,-130.163,-8.8342,-130.181,-8.845,-129.236,-7.5112,-129.221,0.05
01_ch2_cla_l1_20240701T090243848_20240701T090251848.fits,89.7841,-33.0482,88.423,14.1908,88.7688,43.8464,89.1663,38.9823,0.12
01_ch2_cla_l1_20240701T132429196_20240701T132437195.fits,5.3395,-128.897,3.9868,-128.912,3.9762,-127.957,5.3288,-127.939,0.45
01_ch2_cla_l1_20240701T091451848_20240701T091459848.fits,54.5187,-126.076,53.1989,-126.094,53.1825,-124.56,54.5018,-124.494,0.96
01_ch2_cla_l1_20240701T184258911_20240701T184306911.fits,81.4166,41.5737,80.266,42.4139,80.3179,46.8362,81.4756,46.596,1.09
01_ch2_cla_l1_20240701T193426911_20240701T193434911.fits,-55.6783,-133.626,-56.8691,-133.693,-56.8862,-132.261,-55.6949,-132.234,1.12
01_ch2_cla_l1_20240701T110736112_20240701T110744112.fits,66.1321,-126.885,64.8461,-126.916,64.8235,-124.838,66.1084,-124.705,0.8
01_ch2_cla_l1_20240701T110104112_20240701T110112112.fits,85.9145,-124.131,84.697,-124.841,84.6024,-116.174,85.7927,-113.016,1.19
01_ch2_cla_l1_20240701T165741826_20240701T165749826.fits,65.2443,-130.095,63.9629,-130.129,63.9401,-128.127,65.2204,-128.0,0.93
01_ch2_cla_l1_20240701T135357195_20240701T135405195.fits,-84.352,-138.571,-85.4083,-140.855,-85.5003,-132.603,-84.4268,-131.842,1.1
01_ch2_cla_l1_20240701T154409767_20240701T154417767.fits,-64.6159,-132.02,-65.7695,-132.132,-65.79,-130.32,-64.6356,-130.281,0.72
01_ch2_cla_l1_20240701T194130911_20240701T194138911.fits,-77.4461,-136.659,-78.5504,-137.114,-78.592,-133.615,-77.4842,-133.456,0.09
01_ch2_cla_l1_20240701T125405195_20240701T125413195.fits,84.225,41.6913,83.0654,43.4079,83.1356,49.7527,84.3095,49.3239,0.4
01_ch2_cla_l1_20240701T125237195_20240701T125245195.fits,79.7517,46.2075,78.5998,46.7862,78.6414,50.5634,79.7981,50.413,0.0
01_ch2_cla_l1_20240701T131133195_20240701T131141195.fits,44.0359,-128.397,42.6992,-128.412,42.6852,-127.137,44.0216,-127.094,0.79
01_ch2_cla_l1_20240701T172557826_20240701T172605826.fits,-19.5549,-131.449,-20.8625,-131.471,-20.8738,-130.502,-19.5662,-130.487,0.71
01_ch2_cla_l1_20240701T151937767_20240701T151945767.fits,9.6866,-129.928,8.3318,-129.943,8.3209,-128.977,9.6756,-128.958,0.1
01_ch2_cla_l1_20240701T115640112_20240701T115648112.fits,-82.2318,-134.712,-83.3038,-135.846,-83.3661,-130.129,-82.2856,-129.767,0.68
01_ch2_cla_l1_20240701T145217767_20240701T145225767.fits,88.7181,-3.1554,87.7943,22.7348,88.0359,43.3533,89.2034,32.3587,1.1
01_ch2_cla_l1_20240701T085931848_20240701T085939848.fits,80.1128,48.273,78.9558,48.884,78.9978,52.8099,80.1598,52.6621,1.09
01_ch2_cla_l1_20240701T193754911_20240701T193802911.fits,-66.3305,-134.442,-67.4804,-134.575,-67.5034,-132.643,-66.3525,-132.595,1.2
01_ch2_cla_l1_20240701T133917195_20240701T133925196.fits,-39.2718,-129.683,-40.5201,-129.717,-40.5324,-128.609,-39.284,-128.592,0.87
01_ch2_cla_l1_20240701T120432112_20240701T120440112.fits,-72.0588,53.2445,-73.0525,53.3104,-73.0311,55.2806,-72.0386,55.1041,0.63
01_ch2_cla_l1_20240701T154841767_20240701T154849767.fits,-78.6204,-134.789,-79.7156,-135.321,-79.7591,-131.48,-78.6598,-131.305,0.62
01_ch2_cla_l1_20240701T133245196_20240701T133253196.fits,-19.4909,-129.262,-20.7992,-129.283,-20.81,-128.314,-19.5017,-128.299,0.31
01_ch2_cla_l1_20240701T172637826_20240701T172645826.fits,-21.5657,-131.485,-22.8681,-131.508,-22.8796,-130.531,-21.577,-130.516,1.2
01_ch2_cla_l1_20240701T172005826_20240701T172013826.fits,-1.9145,-131.171,-3.2562,-131.188,-3.2672,-130.245,-1.9254,-130.228,1.04
01_ch2_cla_l1_20240701T100659848_20240701T100707848.fits,-75.0132,54.5135,-76.0139,54.6034,-75.9882,57.0087,-74.9893,56.7558,0.41
01_ch2_cla_l1_20240701T151113767_20240701T151121767.fits,34.816,-129.604,33.4681,-129.618,33.4553,-128.481,34.803,-128.449,1.1
01_ch2_cla_l1_20240701T132341195_20240701T132349195.fits,7.7348,-128.866,6.38,-128.881,6.3693,-127.92,7.7241,-127.902,0.53
01_ch2_cla_l1_20240701T174533826_20240701T174541826.fits,-79.451,-136.354,-80.5442,-136.986,-80.5924,-132.819,-79.4944,-132.605,0.02
01_ch2_cla_l1_20240701T185842911_20240701T185850911.fits,51.9452,-131.479,50.6315,-131.499,50.6148,-130.059,51.9281,-129.999,0.22
01_ch2_cla_l1_20240701T112552112_20240701T112600112.fits,11.3973,-127.733,10.0388,-127.747,10.0281,-126.773,11.3866,-126.754,0.47
01_ch2_cla_l1_20240701T091859848_20240701T091907848.fits,42.1281,-126.266,40.7836,-126.28,40.7703,-125.031,42.1145,-124.992,0.91
01_ch2_cla_l1_20240701T173909826_20240701T173917826.fits,-59.7058,-132.753,-60.8803,-132.836,-60.8985,-131.263,-59.7235,-131.233,0.29
01_ch2_cla_l1_20240701T111440112_20240701T111448112.fits,44.8975,-127.306,43.5601,-127.321,43.546,-126.027,44.8832,-125.983,1.04
01_ch2_cla_l1_20240701T164205826_20240701T164213826.fits,68.2321,47.0872,67.1247,47.2219,67.1452,49.0095,68.2536,48.9654,0.19
01_ch2_cla_l1_20240701T164437826_20240701T164445826.fits,76.0611,45.4886,74.9248,45.8128,74.9569,48.6092,76.0957,48.5148,1.01
01_ch2_cla_l1_20240701T170733826_20240701T170741826.fits,35.6053,-130.671,34.2603,-130.686,34.2473,-129.542,35.5921,-129.508,0.91
01_ch2_cla_l1_20240701T155313767_20240701T155321767.fits,-86.1414,55.024,-87.1828,56.8397,-87.0416,69.079,-86.0374,64.1385,0.15
01_ch2_cla_l1_20240701T153017767_20240701T153025767.fits,-22.3533,-130.406,-23.6539,-130.429,-23.6651,-129.449,-22.3644,-129.434,0.64
01_ch2_cla_l1_20240701T133813195_20240701T133821195.fits,-36.03,-129.599,-37.2891,-129.63,-37.3012,-128.556,-36.0419,-128.541,1.06
01_ch2_cla_l1_20240701T112632112_20240701T112640112.fits,9.4027,-127.758,8.0454,-127.772,8.0348,-126.805,9.3921,-126.786,0.08
01_ch2_cla_l1_20240701T092347848_20240701T092355848.fits,27.7728,-126.448,26.4124,-126.461,26.4008,-125.388,27.7611,-125.362,0.84
01_ch2_cla_l1_20240701T190330911_20240701T190338911.fits,37.5448,-131.717,36.2046,-131.733,36.1911,-130.567,37.5309,-130.531,0.69
01_ch2_cla_l1_20240701T191522911_20240701T191530911.fits,2.0183,-132.201,0.6729,-132.218,0.6617,-131.272,2.0071,-131.255,0.4
01_ch2_cla_l1_20240701T105920112_20240701T105928112.fits,89.7741,-36.3457,88.4257,12.6391,88.7771,42.2036,89.1736,37.024,0.42
01_ch2_cla_l1_20240701T150609767_20240701T150617767.fits,50.0,-129.378,48.6771,-129.395,48.6615,-127.998,49.984,-127.944,1.07
01_ch2_cla_l1_20240701T114304112_20240701T114312112.fits,-40.4138,-128.615,-41.6574,-128.65,-41.6696,-127.529,-40.4259,-127.513,0.87
01_ch2_cla_l1_20240701T114536112_20240701T114544112.fits,-48.1386,-128.86,-49.3537,-128.905,-49.3673,-127.665,-48.1519,-127.647,0.17
01_ch2_cla_l1_20240701T095651848_20240701T095659848.fits,-72.2943,-129.626,-73.4114,-129.837,-73.4378,-127.366,-72.3191,-127.299,0.37
01_ch2_cla_l1_20240701T094043848_20240701T094051848.fits,-22.9985,-127.137,-24.2977,-127.159,-24.3082,-126.175,-23.009,-126.161,0.78
01_ch2_cla_l1_20240701T153833767_20240701T153841767.fits,-47.4429,-131.04,-48.6626,-131.086,-48.6766,-129.855,-47.4566,-129.836,0.66
01_ch2_cla_l1_20240701T133037195_20240701T133045195.fits,-13.0657,-129.157,-14.3889,-129.176,-14.3996,-128.224,-13.0763,-128.209,0.26
01_ch2_cla_l1_20240701T111808112_20240701T111816112.fits,34.5203,-127.447,33.1678,-127.461,33.1554,-126.321,34.5077,-126.29,1.18
01_ch2_cla_l1_20240701T185626911_20240701T185634911.fits,58.7643,-131.331,57.4671,-131.357,57.4478,-129.692,58.7442,-129.607,0.15
01_ch2_cla_l1_20240701T192058911_20240701T192106911.fits,-14.8012,-132.459,-16.1194,-132.48,-16.1307,-131.525,-14.8125,-131.51,0.53
01_ch2_cla_l1_20240701T144721767_20240701T144729767.fits,74.0224,47.1809,72.8918,47.4262,72.9193,49.8757,74.0518,49.8046,0.99
01_ch2_cla_l1_20240701T135333195_20240701T135341195.fits,-83.1203,-136.813,-84.188,-138.304,-84.261,-131.734,-83.1821,-131.244,0.41
01_ch2_cla_l1_20240701T173541826_20240701T173549826.fits,-49.0861,-132.208,-50.3009,-132.257,-50.3156,-130.993,-49.1005,-130.973,0.68
01_ch2_cla_l1_20240701T193922911_20240701T193930911.fits,-70.8537,-135.042,-71.9855,-135.24,-72.0133,-132.908,-70.8799,-132.838,0.64
01_ch2_cla_l1_20240701T132021195_20240701T132029195.fits,17.7075,-128.741,16.3482,-128.755,16.3372,-127.754,17.6963,-127.732,0.86
01_ch2_cla_l1_20240701T145105767_20240701T145113767.fits,85.4433,37.6838,84.2899,40.3624,84.3772,48.097,85.5534,47.4009,0.25
01_ch2_cla_l1_20240701T145737767_20240701T145745767.fits,75.723,-128.536,74.4725,-128.617,74.4371,-125.461,75.6846,-125.116,0.09
01_ch2_cla_l1_20240701T174013826_20240701T174021826.fits,-62.9848,-132.998,-64.1457,-133.099,-64.1659,-131.375,-63.0041,-131.338,0.07
01_ch2_cla_l1_20240701T151433767_20240701T151441767.fits,24.8436,-129.734,23.4876,-129.748,23.4759,-128.705,24.8318,-128.68,0.82
01_ch2_cla_l1_20240701T115520112_20240701T115528112.fits,-78.1039,-132.271,-79.1978,-132.742,-79.2374,-129.096,-78.14,-128.947,1.14
01_ch2_cla_l1_20240701T120112112_20240701T120120112.fits,-82.5031,54.6714,-83.5311,55.054,-83.4724,60.4414,-82.4525,59.3206,1.11
01_ch2_cla_l1_20240701T171941826_20240701T171949826.fits,-0.7148,-131.154,-2.0581,-131.171,-2.0691,-130.227,-0.7257,-130.21,0.97
01_ch2_cla_l1_20240701T113408112_20240701T113416112.fits,-13.3917,-128.07,-14.7151,-128.089,-14.7256,-127.136,-13.4022,-127.121,0.9
01_ch2_cla_l1_20240701T172317826_20240701T172325826.fits,-11.5249,-131.315,-12.8505,-131.334,-12.8615,-130.386,-11.5359,-130.37,0.16
01_ch2_cla_l1_20240701T093459848_20240701T093507848.fits,-5.7419,-126.868,-7.0815,-126.884,-7.0917,-125.938,-5.7522,-125.923,0.53
01_ch2_cla_l1_20240701T113840112_20240701T113848112.fits,-27.0657,-128.307,-28.3531,-128.331,-28.3641,-127.326,-27.0766,-127.312,0.61
01_ch2_cla_l1_20240701T133413195_20240701T133421196.fits,-23.9171,-129.341,-25.2136,-129.364,-25.2246,-128.376,-23.9281,-128.362,0.05
01_ch2_cla_l1_20240701T171509826_20240701T171517826.fits,12.8642,-130.971,11.5094,-130.986,11.4982,-130.01,12.853,-129.99,0.16
01_ch2_cla_l1_20240701T110216112_20240701T110224112.fits,82.269,-125.641,81.0373,-125.865,80.9799,-120.583,82.2027,-119.545,0.71
01_ch2_cla_l1_20240701T194250911_20240701T194258911.fits,-81.5674,-138.931,-82.6508,-139.959,-82.714,-134.658,-81.6226,-134.296,1.13
01_ch2_cla_l1_20240701T152641767_20240701T152649767.fits,-11.5077,-130.224,-12.8339,-130.243,-12.8447,-129.294,-11.5185,-129.279,1.06
01_ch2_cla_l1_20240701T090123848_20240701T090131848.fits,85.7806,40.2575,84.6222,43.2658,84.7115,51.564,85.8951,50.8648,0.91
01_ch2_cla_l1_20240701T193746911_20240701T193754911.fits,-65.9196,-134.398,-67.0712,-134.527,-67.0939,-132.623,-65.9413,-132.577,0.85
01_ch2_cla_l1_20240701T091731848_20240701T091739848.fits,46.5206,-126.204,45.1838,-126.219,45.1696,-124.889,46.5061,-124.843,0.83
01_ch2_cla_l1_20240701T132749196_20240701T132757195.fits,-4.6526,-129.032,-5.992,-129.049,-6.0025,-128.105,-4.6631,-128.089,1.1
01_ch2_cla_l1_20240701T165421826_20240701T165429826.fits,75.3232,-129.601,74.0737,-129.683,74.0385,-126.607,75.2852,-126.276,1.06
01_ch2_cla_l1_20240701T174837826_20240701T174845826.fits,-88.9697,156.099,-89.0095,132.527,-89.6441,120.615,-88.6313,-176.98,1.07
01_ch2_cla_l1_20240701T114016112_20240701T114024112.fits,-31.9101,-128.407,-33.1822,-128.434,-33.1936,-127.396,-31.9213,-127.382,0.43
01_ch2_cla_l1_20240701T185546911_20240701T185554911.fits,60.7728,-131.28,59.481,-131.308,59.4606,-129.556,60.7516,-129.461,0.44
01_ch2_cla_l1_20240701T173621826_20240701T173629826.fits,-51.1241,-132.292,-52.3312,-132.346,-52.3464,-131.038,-51.1389,-131.016,0.33
01_ch2_cla_l1_20240701T112312112_20240701T112320112.fits,19.3719,-127.635,18.0109,-127.649,17.9998,-126.637,19.3608,-126.615,0.08
01_ch2_cla_l1_20240701T164933826_20240701T164941826.fits,89.0947,-113.633,88.6982,-118.866,88.3474,-90.9143,89.7275,-57.025,1.03
01_ch2_cla_l1_20240701T095531848_20240701T095539848.fits,-68.1729,-129.036,-69.3071,-129.178,-69.329,-127.131,-68.1937,-127.086,1.19
01_ch2_cla_l1_20240701T094323848_20240701T094331848.fits,-31.0638,-127.293,-32.3387,-127.319,-32.3498,-126.288,-31.0748,-126.274,0.29
01_ch2_cla_l1_20240701T155553767_20240701T155601767.fits,-77.8179,51.6694,-78.8353,51.8197,-78.8004,54.9109,-77.7859,54.4997,0.82
01_ch2_cla_l1_20240701T085659848_20240701T085707848.fits,72.3175,50.9047,71.1883,51.1005,71.2121,53.3289,72.3428,53.2754,0.88
01_ch2_cla_l1_20240701T190050911_20240701T190058911.fits,45.5394,-131.593,44.2123,-131.61,44.1973,-130.317,45.5241,-130.27,1.12
01_ch2_cla_l1_20240701T092027848_20240701T092035848.fits,37.7392,-126.324,36.3883,-126.338,36.3756,-125.155,37.7263,-125.121,0.31
01_ch2_cla_l1_20240701T191642911_20240701T191650911.fits,-1.9801,-132.259,-3.3208,-132.276,-3.3319,-131.334,-1.9913,-131.317,1.14
01_ch2_cla_l1_20240701T133517195_20240701T133525195.fits,-27.141,-129.403,-28.4282,-129.428,-28.4394,-128.423,-27.1521,-128.408,0.4
01_ch2_cla_l1_20240701T150921767_20240701T150929767.fits,40.4052,-129.527,39.0647,-129.542,39.0511,-128.33,40.3914,-128.292,0.27
01_ch2_cla_l1_20240701T093851848_20240701T093859848.fits,-17.3683,-127.041,-18.6825,-127.061,-18.693,-126.098,-17.3786,-126.084,0.48
01_ch2_cla_l1_20240701T191826911_20240701T191834911.fits,-7.1832,-132.336,-8.5162,-132.355,-8.5274,-131.412,-7.1944,-131.396,0.94
01_ch2_cla_l1_20240701T105608112_20240701T105616112.fits,80.1175,47.1337,78.9625,47.7495,79.0051,51.6675,80.1651,51.5135,0.19
01_ch2_cla_l1_20240701T114832112_20240701T114840112.fits,-57.1221,-129.263,-58.3024,-129.331,-58.3185,-127.863,-57.1376,-127.838,0.82
01_ch2_cla_l1_20240701T130309195_20240701T130317195.fits,69.2957,-127.838,68.022,-127.879,67.9963,-125.553,69.2687,-125.38,0.37
01_ch2_cla_l1_20240701T153537767_20240701T153545767.fits,-38.5066,-130.762,-39.7579,-130.795,-39.7705,-129.695,-38.519,-129.678,0.75
01_ch2_cla_l1_20240701T153305767_20240701T153313767.fits,-30.8197,-130.576,-32.096,-130.603,-32.1077,-129.573,-30.8313,-129.558,0.56
01_ch2_cla_l1_20240701T183826911_20240701T183834911.fits,67.4366,46.0684,66.3336,46.1953,66.3538,47.9144,67.4577,47.8713,0.56
01_ch2_cla_l1_20240701T144809767_20240701T144817767.fits,76.4881,46.4864,75.3487,46.8275,75.3811,49.7173,76.5233,49.6216,0.0
01_ch2_cla_l1_20240701T111720112_20240701T111728112.fits,36.9137,-127.416,35.564,-127.429,35.5513,-126.261,36.9008,-126.227,0.5
01_ch2_cla_l1_20240701T155633767_20240701T155641767.fits,-75.7299,51.4295,-76.7405,51.5393,-76.7114,54.1192,-75.7029,53.8245,0.6
01_ch2_cla_l1_20240701T170213826_20240701T170221826.fits,51.5974,-130.42,50.2803,-130.439,50.264,-129.005,51.5807,-128.946,1.14
01_ch2_cla_l1_20240701T091219848_20240701T091227848.fits,62.1342,-125.923,60.8342,-125.947,60.8145,-124.104,62.1137,-124.004,0.9
01_ch2_cla_l1_20240701T173445826_20240701T173453826.fits,-46.2368,-132.101,-47.4619,-132.146,-47.4759,-130.935,-46.2506,-130.916,0.41
01_ch2_cla_l1_20240701T144625767_20240701T144633767.fits,71.1393,47.7667,70.0194,47.9434,70.0427,50.017,71.1639,49.9635,0.98
01_ch2_cla_l1_20240701T132605196_20240701T132613196.fits,0.546,-128.961,-0.8011,-128.977,-0.8117,-128.029,0.5354,-128.013,1.14
01_ch2_cla_l1_20240701T112456112_20240701T112504112.fits,14.189,-127.699,12.8289,-127.713,12.8182,-126.727,14.1782,-126.707,0.21
01_ch2_cla_l1_20240701T133701195_20240701T133709195.fits,-32.3896,-129.514,-33.6605,-129.542,-33.6721,-128.5,-32.401,-128.485,1.17
01_ch2_cla_l1_20240701T193810911_20240701T193818911.fits,-67.1522,-134.534,-68.2988,-134.676,-68.3225,-132.684,-67.1749,-132.633,0.39
01_ch2_cla_l1_20240701T112328112_20240701T112336112.fits,18.5747,-127.645,17.2138,-127.658,17.2028,-126.651,18.5636,-126.629,0.35
01_ch2_cla_l1_20240701T092155848_20240701T092203848.fits,33.3529,-126.38,31.9969,-126.393,31.9848,-125.264,33.3406,-125.234,0.94
01_ch2_cla_l1_20240701T094915848_20240701T094923848.fits,-48.9172,-127.787,-50.1285,-127.833,-50.142,-126.579,-48.9303,-126.561,0.65
01_ch2_cla_l1_20240701T114200112_20240701T114208112.fits,-37.1702,-128.53,-38.4249,-128.561,-38.4368,-127.477,-37.1819,-127.462,1.2
01_ch2_cla_l1_20240701T105824112_20240701T105832112.fits,86.9623,33.4327,85.8237,38.8816,85.9414,49.6192,87.1264,48.2712,0.87
01_ch2_cla_l1_20240701T194138911_20240701T194146911.fits,-77.8585,-136.818,-78.9607,-137.304,-79.0038,-133.685,-77.8978,-133.515,0.54
01_ch2_cla_l1_20240701T170229826_20240701T170237826.fits,50.7964,-130.434,49.4775,-130.453,49.4615,-129.04,50.7799,-128.983,1.03
01_ch2_cla_l1_20240701T164653826_20240701T164701826.fits,83.0104,41.1347,81.8552,42.359,81.9165,47.6988,83.082,47.367,0.44
01_ch2_cla_l1_20240701T091955848_20240701T092003848.fits,39.3349,-126.303,37.9862,-126.317,37.9733,-125.112,39.3217,-125.076,0.43
01_ch2_cla_l1_20240701T090355848_20240701T090403848.fits,87.5462,-121.173,86.3343,-122.808,86.2014,-110.527,87.3522,-103.481,0.45
01_ch2_cla_l1_20240701T111544112_20240701T111552112.fits,41.7028,-127.352,40.3599,-127.366,40.3464,-126.128,41.6891,-126.088,0.48
01_ch2_cla_l1_20240701T155049767_20240701T155057767.fits,-85.2015,-141.575,-86.2475,-144.906,-86.3628,-134.827,-85.2914,-133.672,0.21
01_ch2_cla_l1_20240701T164301826_20240701T164309826.fits,71.1218,46.6473,70.0035,46.8256,70.0271,48.8925,71.1468,48.8369,1.2
01_ch2_cla_l1_20240701T135141196_20240701T135149195.fits,-77.3457,-133.14,-78.4447,-133.562,-78.4828,-130.124,-77.3805,-129.987,0.13
01_ch2_cla_l1_20240701T092235848_20240701T092243848.fits,31.3596,-126.405,30.0018,-126.418,29.99,-125.31,31.3476,-125.282,0.93
01_ch2_cla_l1_20240701T155753767_20240701T155801767.fits,-71.5471,51.1008,-72.5444,51.1675,-72.5227,53.0947,-71.5265,52.9227,1.18
01_ch2_cla_l1_20240701T085939848_20240701T085947848.fits,80.5211,48.0172,79.363,48.68,79.4068,52.764,80.5702,52.6044,1.2
01_ch2_cla_l1_20240701T091603848_20240701T091611848.fits,50.9175,-126.137,49.5895,-126.153,49.5742,-124.722,50.9018,-124.666,0.86
01_ch2_cla_l1_20240701T090011848_20240701T090019848.fits,82.1509,46.7318,80.9889,47.6824,81.0409,52.5408,82.2107,52.3163,0.6
01_ch2_cla_l1_20240701T185114911_20240701T185122911.fits,74.4702,-130.691,73.2202,-130.77,73.1861,-127.843,74.4335,-127.543,0.4
01_ch2_cla_l1_20240701T120128112_20240701T120136112.fits,-81.67,54.4341,-82.6952,54.74,-82.6434,59.4983,-81.6246,58.605,0.19
01_ch2_cla_l1_20240701T100803848_20240701T100811848.fits,-71.6628,54.2822,-72.6526,54.3435,-72.6322,56.2561,-71.6434,56.09,0.38
01_ch2_cla_l1_20240701T184818911_20240701T184826911.fits,83.3746,-129.246,82.1559,-129.614,82.0865,-123.697,83.2928,-122.282,0.32
01_ch2_cla_l1_20240701T125949195_20240701T125957195.fits,79.3851,-127.143,78.1452,-127.275,78.1004,-123.22,79.3353,-122.632,0.51
01_ch2_cla_l1_20240701T193314911_20240701T193322911.fits,-52.004,-133.441,-53.2089,-133.499,-53.2247,-132.167,-52.0195,-132.144,1.12
01_ch2_cla_l1_20240701T172101826_20240701T172109826.fits,-4.7151,-131.211,-6.0527,-131.229,-6.0636,-130.286,-4.726,-130.27,0.93
01_ch2_cla_l1_20240701T154945767_20240701T154953767.fits,-81.9199,-136.805,-82.9977,-137.884,-83.0601,-132.368,-81.9741,-132.009,0.03
01_ch2_cla_l1_20240701T174029826_20240701T174037826.fits,-63.8056,-133.068,-64.9641,-133.176,-64.9845,-131.407,-63.8253,-131.368,0.93
01_ch2_cla_l1_20240701T093707848_20240701T093715848.fits,-12.151,-126.96,-13.4776,-126.978,-13.488,-126.026,-12.1613,-126.012,1.0
01_ch2_cla_l1_20240701T094211848_20240701T094219848.fits,-27.4307,-127.219,-28.717,-127.243,-28.7279,-126.237,-27.4415,-126.223,0.1
01_ch2_cla_l1_20240701T095403848_20240701T095411848.fits,-63.6486,-128.592,-64.8014,-128.693,-64.8201,-126.949,-63.6666,-126.915,1.1
01_ch2_cla_l1_20240701T172453826_20240701T172501826.fits,-16.3404,-131.393,-17.6557,-131.414,-17.6668,-130.455,-16.3515,-130.44,0.63
01_ch2_cla_l1_20240701T151249767_20240701T151257767.fits,30.0284,-129.667,28.6757,-129.682,28.6635,-128.595,30.016,-128.566,0.39
01_ch2_cla_l1_20240701T115744112_20240701T115752112.fits,-85.5141,-139.875,-86.5516,-143.623,-86.6714,-132.749,-85.6058,-131.495,0.0
01_ch2_cla_l1_20240701T140149196_20240701T140157195.fits,-69.9018,52.062,-70.8913,52.1171,-70.872,53.8585,-69.8835,53.7168,0.01
01_ch2_cla_l1_20240701T131429195_20240701T131437195.fits,35.2528,-128.518,33.9031,-128.533,33.8905,-127.387,35.24,-127.355,0.78
01_ch2_cla_l1_20240701T145857767_20240701T145905767.fits,71.687,-128.786,70.4232,-128.839,70.3945,-126.273,71.6564,-126.055,1.11
01_ch2_cla_l1_20240701T125053195_20240701T125101195.fits,74.4203,48.2088,73.2865,48.4644,73.3143,50.9819,74.4502,50.9104,1.15
01_ch2_cla_l1_20240701T183954911_20240701T184002911.fits,71.9781,45.3603,70.8584,45.5585,70.8837,47.7196,72.005,47.6565,0.49
01_ch2_cla_l1_20240701T095019848_20240701T095027848.fits,-52.1807,-127.917,-53.3798,-127.97,-53.394,-126.645,-52.1946,-126.625,0.02
01_ch2_cla_l1_20240701T125501195_20240701T125509195.fits,87.0022,31.8884,85.8675,37.5106,85.9881,48.3336,87.171,46.8845,0.49
01_ch2_cla_l1_20240701T190338911_20240701T190346911.fits,37.1455,-131.723,35.8044,-131.739,35.791,-130.578,37.1317,-130.543,0.22
01_ch2_cla_l1_20240701T110000112_20240701T110008112.fits,89.1393,-112.153,87.9501,-120.933,87.7203,-100.51,88.6832,-76.2877,0.46
01_ch2_cla_l1_20240701T165645826_20240701T165653826.fits,68.0622,-129.995,66.7893,-130.036,66.7641,-127.83,68.0358,-127.672,1.07
01_ch2_cla_l1_20240701T152425767_20240701T152433767.fits,-4.6982,-130.122,-6.0367,-130.14,-6.0474,-129.196,-4.7089,-129.18,0.93
01_ch2_cla_l1_20240701T115936112_20240701T115944112.fits,-87.486,59.2992,-88.5199,64.2215,-88.275,85.2109,-87.3348,72.8652,0.59
01_ch2_cla_l1_20240701T165013826_20240701T165021826.fits,87.8727,-123.473,86.6734,-126.0,86.5196,-112.769,87.6398,-103.883,0.17
01_ch2_cla_l1_20240701T190922911_20240701T190930911.fits,19.9836,-131.958,18.6298,-131.973,18.6179,-130.966,19.9717,-130.943,0.99
01_ch2_cla_l1_20240701T110408112_20240701T110416112.fits,76.6084,-126.385,75.3563,-126.467,75.32,-123.119,76.5688,-122.737,0.83
01_ch2_cla_l1_20240701T154105767_20240701T154113767.fits,-55.193,-131.376,-56.3834,-131.439,-56.3994,-130.026,-55.2085,-130.002,0.45
01_ch2_cla_l1_20240701T154737767_20240701T154745767.fits,-75.3195,-133.673,-76.4294,-133.993,-76.4631,-131.013,-75.3507,-130.907,0.59
01_ch2_cla_l1_20240701T171317826_20240701T171325826.fits,18.45,-130.898,17.0941,-130.913,17.0826,-129.912,18.4384,-129.89,0.9
01_ch2_cla_l1_20240701T172941826_20240701T172949826.fits,-30.8366,-131.673,-32.1131,-131.701,-32.1251,-130.67,-30.8484,-130.655,0.28
01_ch2_cla_l1_20240701T152433767_20240701T152441767.fits,-5.0984,-130.128,-6.4363,-130.145,-6.447,-129.202,-5.1091,-129.186,1.14
01_ch2_cla_l1_20240701T125109195_20240701T125117195.fits,75.2424,47.9934,74.1057,48.2776,74.135,50.9339,75.274,50.8555,0.56
01_ch2_cla_l1_20240701T100043848_20240701T100051848.fits,-84.2624,-135.995,-85.3162,-138.135,-85.4027,-130.097,-84.3329,-129.414,0.98
01_ch2_cla_l1_20240701T135109195_20240701T135117196.fits,-75.6944,-132.631,-76.8009,-132.962,-76.8346,-129.916,-75.7256,-129.809,0.3
01_ch2_cla_l1_20240701T172509826_20240701T172517826.fits,-17.1437,-131.407,-18.4569,-131.428,-18.4681,-130.467,-17.1548,-130.452,0.33
01_ch2_cla_l1_20240701T113216112_20240701T113224112.fits,-7.7807,-127.987,-9.1156,-128.004,-9.126,-127.058,-7.7911,-127.043,0.2
01_ch2_cla_l1_20240701T174421826_20240701T174429826.fits,-75.7389,-134.938,-76.8488,-135.283,-76.8844,-132.208,-75.7719,-132.091,0.74
01_ch2_cla_l1_20240701T165837826_20240701T165845826.fits,62.4296,-130.179,61.14,-130.208,61.119,-128.37,62.4078,-128.265,0.51
01_ch2_cla_l1_20240701T133749196_20240701T133757196.fits,-34.8161,-129.57,-36.0793,-129.6,-36.0911,-128.538,-34.8278,-128.522,0.62
01_ch2_cla_l1_20240701T110840112_20240701T110848112.fits,62.9174,-126.974,61.6223,-126.999,61.6018,-125.12,62.8962,-125.014,1.16
01_ch2_cla_l1_20240701T184442911_20240701T184450911.fits,86.6426,30.2048,85.5087,34.9548,85.6252,44.8007,86.8004,43.428,0.51
01_ch2_cla_l1_20240701T115112112_20240701T115120112.fits,-65.3256,-129.853,-66.4734,-129.967,-66.4934,-128.121,-65.3449,-128.083,0.85
01_ch2_cla_l1_20240701T090459848_20240701T090507848.fits,84.3067,-124.045,83.0804,-124.418,83.0079,-117.657,84.2189,-115.879,0.69
01_ch2_cla_l1_20240701T185250911_20240701T185258911.fits,69.6273,-130.973,68.3615,-131.022,68.3343,-128.685,69.5985,-128.502,0.2
01_ch2_cla_l1_20240701T120520112_20240701T120528112.fits,-69.5438,53.1056,-70.5298,53.1572,-70.5114,54.856,-69.5263,54.7215,1.09
01_ch2_cla_l1_20240701T173957826_20240701T174005826.fits,-62.1647,-132.93,-63.3293,-133.027,-63.3488,-131.345,-62.1834,-131.309,1.15
01_ch2_cla_l1_20240701T151641767_20240701T151649767.fits,18.4631,-129.815,17.1057,-129.83,17.0944,-128.827,18.4517,-128.805,0.08
01_ch2_cla_l1_20240701T093123848_20240701T093131848.fits,5.0482,-126.725,3.6933,-126.74,3.683,-125.783,5.0378,-125.765,0.13
01_ch2_cla_l1_20240701T190746911_20240701T190754911.fits,24.7712,-131.895,23.419,-131.91,23.4069,-130.871,24.759,-130.845,0.96
01_ch2_cla_l1_20240701T092731848_20240701T092739848.fits,16.6145,-126.583,15.2522,-126.596,15.2414,-125.598,16.6037,-125.577,0.66
01_ch2_cla_l1_20240701T134717195_20240701T134725195.fits,-63.7535,-130.827,-64.9091,-130.931,-64.9285,-129.173,-63.7722,-129.137,0.68
01_ch2_cla_l1_20240701T095227848_20240701T095235848.fits,-58.7255,-128.248,-59.8981,-128.321,-59.9144,-126.799,-58.7412,-126.774,0.78
01_ch2_cla_l1_20240701T144553767_20240701T144601767.fits,69.4891,48.0301,68.3754,48.1796,68.3967,50.0836,69.5116,50.0372,1.08
01_ch2_cla_l1_20240701T094659848_20240701T094707848.fits,-42.0005,-127.561,-43.2375,-127.597,-43.2498,-126.456,-42.0125,-126.441,0.83
01_ch2_cla_l1_20240701T111312112_20240701T111320112.fits,49.2941,-127.239,47.9652,-127.256,47.9501,-125.868,49.2787,-125.816,0.56
01_ch2_cla_l1_20240701T170621826_20240701T170629826.fits,39.1993,-130.62,37.8594,-130.635,37.8458,-129.444,39.1854,-129.407,0.25
01_ch2_cla_l1_20240701T193050911_20240701T193058911.fits,-44.6758,-133.152,-45.9071,-133.195,-45.9213,-132.009,-44.6898,-131.99,0.17
01_ch2_cla_l1_20240701T091027848_20240701T091035848.fits,67.7587,-125.769,66.4753,-125.802,66.4517,-123.596,67.7339,-123.446,0.87
01_ch2_cla_l1_20240701T192642911_20240701T192650911.fits,-32.1151,-132.799,-33.3877,-132.829,-33.4002,-131.788,-32.1274,-131.772,0.87
01_ch2_cla_l1_20240701T194546911_20240701T194554911.fits,-88.1355,59.0295,-89.15,72.8301,-88.7362,100.356,-87.9146,76.6207,0.17
01_ch2_cla_l1_20240701T155441767_20240701T155449767.fits,-81.5701,52.3776,-82.5999,52.6983,-82.5464,57.432,-81.5231,56.532,0.16
01_ch2_cla_l1_20240701T164709826_20240701T164717826.fits,83.8203,39.9902,82.665,41.5318,82.7334,47.485,83.9017,47.0691,1.01
01_ch2_cla_l1_20240701T133309195_20240701T133317195.fits,-20.6974,-129.283,-22.0023,-129.304,-22.0132,-128.331,-20.7082,-128.316,0.59
01_ch2_cla_l1_20240701T144633767_20240701T144641767.fits,71.5516,47.694,70.4301,47.8783,70.4538,49.9988,71.5768,49.9435,0.87
01_ch2_cla_l1_20240701T135221195_20240701T135229195.fits,-79.4097,-133.995,-80.4993,-134.601,-80.545,-130.479,-79.4508,-130.283,0.43
01_ch2_cla_l1_20240701T153921767_20240701T153929767.fits,-49.8869,-131.134,-51.0976,-131.184,-51.1121,-129.905,-49.9011,-129.885,0.78
01_ch2_cla_l1_20240701T090851848_20240701T090859848.fits,72.5899,-125.58,71.3219,-125.63,71.293,-122.932,72.559,-122.697,0.73
01_ch2_cla_l1_20240701T192826911_20240701T192834911.fits,-37.3737,-132.932,-38.6297,-132.965,-38.6427,-131.876,-37.3865,-131.859,0.83
01_ch2_cla_l1_20240701T155809767_20240701T155817767.fits,-70.7094,51.0503,-71.7045,51.1109,-71.6839,52.9439,-70.6897,52.7878,0.34
01_ch2_cla_l1_20240701T105832112_20240701T105840112.fits,87.3442,30.4723,86.2176,37.3724,86.3482,49.263,87.534,47.5208,0.4
01_ch2_cla_l1_20240701T173213826_20240701T173221826.fits,-38.5227,-131.862,-39.7746,-131.896,-39.7874,-130.794,-38.5353,-130.778,0.35
01_ch2_cla_l1_20240701T113952112_20240701T114000112.fits,-30.698,-128.381,-31.9742,-128.407,-31.9855,-127.379,-30.7091,-127.364,0.04
01_ch2_cla_l1_20240701T112720112_20240701T112728112.fits,7.0085,-127.788,5.6531,-127.803,5.6425,-126.842,6.998,-126.824,0.11
01_ch2_cla_l1_20240701T175117826_20240701T175125826.fits,-81.5664,51.3839,-82.5986,51.7186,-82.5437,56.47,-81.5182,55.5533,0.32
01_ch2_cla_l1_20240701T150537767_20240701T150545767.fits,51.6012,-129.35,50.2818,-129.368,50.2658,-127.93,51.5848,-127.872,0.85
01_ch2_cla_l1_20240701T150305767_20240701T150313767.fits,59.2174,-129.197,57.9165,-129.221,57.8976,-127.529,59.1978,-127.442,0.27
01_ch2_cla_l1_20240701T114608112_20240701T114616112.fits,-49.7689,-128.922,-50.978,-128.97,-50.9918,-127.697,-49.7824,-127.678,1.14
01_ch2_cla_l1_20240701T190810911_20240701T190818911.fits,23.5745,-131.911,22.2216,-131.926,22.2096,-130.895,23.5622,-130.87,0.73
01_ch2_cla_l1_20240701T185138911_20240701T185146911.fits,73.2586,-130.775,72.0046,-130.844,71.9725,-128.095,73.2243,-127.833,0.55
01_ch2_cla_l1_20240701T111456112_20240701T111504112.fits,44.0987,-127.318,42.7597,-127.332,42.7458,-126.053,44.0845,-126.01,0.5
01_ch2_cla_l1_20240701T085915848_20240701T085923848.fits,79.2954,48.7265,78.141,49.2507,78.18,52.8931,79.3386,52.7648,0.37
01_ch2_cla_l1_20240701T131037196_20240701T131045196.fits,46.8335,-128.355,45.5019,-128.37,45.4873,-127.041,46.8186,-126.994,0.36
01_ch2_cla_l1_20240701T105200112_20240701T105208112.fits,67.3703,50.5392,66.262,50.6598,66.2807,52.3885,67.39,52.3519,0.3
01_ch2_cla_l1_20240701T092219848_20240701T092227848.fits,32.1568,-126.395,30.7998,-126.408,30.7878,-125.292,32.1447,-125.263,0.73
01_ch2_cla_l1_20240701T170445826_20240701T170453826.fits,43.9946,-130.548,42.6623,-130.564,42.6478,-129.296,43.9799,-129.253,0.58
01_ch2_cla_l1_20240701T114824112_20240701T114832112.fits,-56.7128,-129.24,-57.8949,-129.307,-57.9108,-127.852,-56.7282,-127.828,0.95
01_ch2_cla_l1_20240701T130253195_20240701T130301195.fits,70.1014,-127.805,68.8301,-127.849,68.8036,-125.447,70.0733,-125.26,0.35
01_ch2_cla_l1_20240701T125333196_20240701T125341196.fits,82.6054,43.96,81.4465,45.0395,81.5029,50.1418,82.6708,49.8699,1.0
01_ch2_cla_l1_20240701T111328112_20240701T111336112.fits,48.4946,-127.252,47.164,-127.268,47.1492,-125.899,48.4794,-125.849,0.95
01_ch2_cla_l1_20240701T155625767_20240701T155633767.fits,-76.1477,51.4721,-77.1596,51.5883,-77.1295,54.2572,-76.1198,53.9436,1.17
01_ch2_cla_l1_20240701T091155848_20240701T091203848.fits,63.3385,-125.894,62.0418,-125.92,62.0214,-124.011,63.3172,-123.903,0.39
01_ch2_cla_l1_20240701T093355848_20240701T093403848.fits,-2.542,-126.824,-3.8868,-126.84,-3.8971,-125.893,-2.5522,-125.877,0.11
01_ch2_cla_l1_20240701T135045195_20240701T135053195.fits,-74.4567,-132.321,-75.5683,-132.601,-75.5994,-129.79,-74.4857,-129.699,0.78
01_ch2_cla_l1_20240701T194114911_20240701T194122911.fits,-76.6213,-136.371,-77.7293,-136.772,-77.7684,-133.488,-76.6574,-133.348,0.1
01_ch2_cla_l1_20240701T175301826_20240701T175309826.fits,-76.1464,50.4411,-77.1607,50.5623,-77.1297,53.2431,-76.1177,52.9234,0.54
01_ch2_cla_l1_20240701T164925826_20240701T164933826.fits,89.0947,-113.633,88.8551,-63.9907,88.9005,-22.9828,89.7275,-57.025,0.67
01_ch2_cla_l1_20240701T144753767_20240701T144801767.fits,75.6668,46.7437,74.5303,47.0474,74.5609,49.7748,75.6999,49.6888,0.71
01_ch2_cla_l1_20240701T094939848_20240701T094947848.fits,-50.1405,-127.834,-51.3473,-127.882,-51.361,-126.603,-50.1539,-126.584,0.74
01_ch2_cla_l1_20240701T173229826_20240701T173237826.fits,-39.3335,-131.885,-40.5827,-131.92,-40.5956,-130.808,-39.3463,-130.792,0.03
01_ch2_cla_l1_20240701T094507848_20240701T094515848.fits,-36.3222,-127.412,-37.5797,-127.442,-37.5913,-126.367,-36.3337,-126.352,0.81
01_ch2_cla_l1_20240701T092603848_20240701T092611848.fits,20.9985,-126.53,19.6356,-126.543,19.6246,-125.52,20.9874,-125.497,0.37
01_ch2_cla_l1_20240701T093011848_20240701T093019848.fits,8.6396,-126.68,7.2814,-126.695,7.2709,-125.728,8.6291,-125.71,1.13
01_ch2_cla_l1_20240701T112544112_20240701T112552112.fits,11.7962,-127.728,10.4373,-127.742,10.4266,-126.766,11.7854,-126.747,0.2
01_ch2_cla_l1_20240701T091235848_20240701T091243848.fits,61.3319,-125.941,60.0294,-125.965,60.0102,-124.162,61.3118,-124.066,1.01
01_ch2_cla_l1_20240701T130341196_20240701T130349196.fits,67.6854,-127.897,66.4066,-127.934,66.3825,-125.746,67.6601,-125.594,0.67
01_ch2_cla_l1_20240701T171101826_20240701T171109826.fits,25.2306,-130.81,23.8767,-130.825,23.8647,-129.78,25.2186,-129.755,0.45
01_ch2_cla_l1_20240701T190314911_20240701T190322911.fits,38.3439,-131.705,37.0046,-131.721,36.991,-130.545,38.3299,-130.508,0.76
01_ch2_cla_l1_20240701T131245195_20240701T131253195.fits,40.4414,-128.448,39.0986,-128.463,39.0852,-127.247,40.4277,-127.21,0.24
01_ch2_cla_l1_20240701T171453826_20240701T171501826.fits,13.6625,-130.96,12.3071,-130.975,12.2959,-129.997,13.6512,-129.977,0.52
01_ch2_cla_l1_20240701T095035848_20240701T095043848.fits,-52.9979,-127.953,-54.1934,-128.008,-54.2078,-126.662,-53.0119,-126.642,0.9
01_ch2_cla_l1_20240701T152249767_20240701T152257767.fits,0.1012,-130.055,-1.2443,-130.071,-1.255,-129.126,0.0904,-129.109,0.83
01_ch2_cla_l1_20240701T145945767_20240701T145953767.fits,69.2688,-128.895,67.9972,-128.938,67.9713,-126.621,69.2414,-126.447,0.95
01_ch2_cla_l1_20240701T165029826_20240701T165037826.fits,87.0642,-125.426,85.8594,-126.898,85.7343,-116.077,86.8907,-110.565,0.85
01_ch2_cla_l1_20240701T090707848_20240701T090715848.fits,77.8349,-125.238,76.5848,-125.331,76.5458,-121.692,77.7921,-121.24,1.17
01_ch2_cla_l1_20240701T174645826_20240701T174653826.fits,-83.1574,-139.287,-84.2285,-140.852,-84.3058,-134.192,-83.2228,-133.652,0.44
01_ch2_cla_l1_20240701T152953767_20240701T153001767.fits,-21.1461,-130.384,-22.4496,-130.406,-22.4608,-129.431,-21.1571,-129.416,0.53
01_ch2_cla_l1_20240701T134501195_20240701T134509195.fits,-56.7856,-130.352,-57.9688,-130.42,-57.9849,-128.96,-56.8013,-128.935,0.97
01_ch2_cla_l1_20240701T115656112_20240701T115704112.fits,-83.0554,-135.545,-84.122,-136.985,-84.1926,-130.507,-83.1153,-130.044,0.14
01_ch2_cla_l1_20240701T151425767_20240701T151433767.fits,25.2423,-129.729,23.8866,-129.743,23.8748,-128.697,25.2304,-128.671,0.7
01_ch2_cla_l1_20240701T115128112_20240701T115136112.fits,-66.1479,-129.933,-67.2923,-130.055,-67.3129,-128.154,-66.1676,-128.114,0.83
01_ch2_cla_l1_20240701T113000112_20240701T113008112.fits,-0.9794,-127.892,-2.3255,-127.908,-2.336,-126.961,-0.9898,-126.945,0.39
01_ch2_cla_l1_20240701T154857767_20240701T154905767.fits,-79.4457,-135.176,-80.5371,-135.796,-80.584,-131.646,-79.4879,-131.441,1.18
01_ch2_cla_l1_20240701T193338911_20240701T193346911.fits,-53.2279,-133.499,-54.4281,-133.559,-54.4444,-132.197,-53.2438,-132.173,0.16
01_ch2_cla_l1_20240701T184834911_20240701T184842911.fits,82.5638,-129.514,81.3421,-129.812,81.2789,-124.42,82.4905,-123.269,0.46
01_ch2_cla_l1_20240701T134053195_20240701T134101195.fits,-44.1438,-129.826,-45.3746,-129.865,-45.3876,-128.692,-44.1566,-128.675,0.15
01_ch2_cla_l1_20240701T092635848_20240701T092643848.fits,19.4046,-126.549,18.0418,-126.563,18.0308,-125.549,19.3936,-125.527,0.2
01_ch2_cla_l1_20240701T111144112_20240701T111152112.fits,53.6956,-127.166,52.3763,-127.184,52.3599,-125.679,53.6788,-125.616,0.38
01_ch2_cla_l1_20240701T155449767_20240701T155457767.fits,-81.1536,52.2709,-82.182,52.5609,-82.1314,57.0351,-81.1089,56.2233,0.37
01_ch2_cla_l1_20240701T164701826_20240701T164709826.fits,83.4158,40.5971,82.2603,41.9668,82.325,47.5974,83.492,47.227,0.12
01_ch2_cla_l1_20240701T090411848_20240701T090419848.fits,86.7366,-122.422,85.5207,-123.428,85.4109,-113.237,86.5878,-108.7,0.38
01_ch2_cla_l1_20240701T091203848_20240701T091211848.fits,62.9369,-125.904,61.6394,-125.929,61.6192,-124.043,62.9159,-123.937,1.11
01_ch2_cla_l1_20240701T185514911_20240701T185522911.fits,62.3805,-131.235,61.0932,-131.266,61.0719,-129.435,62.3583,-129.329,0.45
01_ch2_cla_l1_20240701T170629826_20240701T170637826.fits,38.8001,-130.626,37.4594,-130.641,37.4459,-129.455,38.7863,-129.419,0.73
01_ch2_cla_l1_20240701T164253826_20240701T164301826.fits,70.7093,46.7178,69.5926,46.8888,69.6158,48.9109,70.7338,48.8572,0.35
01_ch2_cla_l1_20240701T092555848_20240701T092603848.fits,21.3969,-126.525,20.0344,-126.538,20.0233,-125.512,21.3858,-125.49,0.63
01_ch2_cla_l1_20240701T112728112_20240701T112736112.fits,6.6094,-127.793,5.2544,-127.808,5.2438,-126.848,6.5988,-126.83,0.84
01_ch2_cla_l1_20240701T114600112_20240701T114608112.fits,-49.3611,-128.906,-50.5718,-128.953,-50.5856,-127.689,-49.3746,-127.67,0.49
01_ch2_cla_l1_20240701T194538911_20240701T194546911.fits,-88.5407,62.1352,-88.9384,67.5924,-89.497,93.131,-88.2667,83.2417,0.48
01_ch2_cla_l1_20240701T133653195_20240701T133701195.fits,-31.9854,-129.505,-33.2577,-129.532,-33.2693,-128.494,-31.9969,-128.479,0.63
01_ch2_cla_l1_20240701T130925195_20240701T130933195.fits,50.4333,-128.297,49.109,-128.314,49.0935,-126.903,50.4173,-126.847,0.9
01_ch2_cla_l1_20240701T153929767_20240701T153937767.fits,-50.2946,-131.151,-51.5038,-131.201,-51.5184,-129.914,-50.3089,-129.893,0.99
01_ch2_cla_l1_20240701T091619848_20240701T091627848.fits,50.1178,-126.149,48.788,-126.165,48.7729,-124.755,50.1023,-124.701,0.08
01_ch2_cla_l1_20240701T173045826_20240701T173053826.fits,-34.0697,-131.748,-35.3361,-131.778,-35.3484,-130.721,-34.0818,-130.705,0.87
01_ch2_cla_l1_20240701T155801767_20240701T155809767.fits,-71.1286,51.0745,-72.1243,51.1393,-72.1031,53.0182,-71.1087,52.8532,0.93
01_ch2_cla_l1_20240701T194906911_20240701T194914911.fits,-77.7612,49.6326,-78.7831,49.7957,-78.7463,52.8968,-77.7274,52.4726,1.0
01_ch2_cla_l1_20240701T133301195_20240701T133309195.fits,-20.2952,-129.276,-21.6014,-129.297,-21.6122,-128.325,-20.3059,-128.311,0.74
01_ch2_cla_l1_20240701T112056112_20240701T112104112.fits,26.1479,-127.552,24.7887,-127.565,24.7772,-126.507,26.1362,-126.482,0.26
01_ch2_cla_l1_20240701T135229195_20240701T135237195.fits,-79.8225,-134.207,-80.91,-134.863,-80.9576,-130.568,-79.8652,-130.356,0.67
01_ch2_cla_l1_20240701T125101195_20240701T125109195.fits,74.8314,48.104,73.6962,48.3732,73.7247,50.9584,74.8621,50.8836,0.05
01_ch2_cla_l1_20240701T184802911_20240701T184810911.fits,84.1853,-128.905,82.9699,-129.372,82.8929,-122.81,84.0927,-121.029,0.08
01_ch2_cla_l1_20240701T190738911_20240701T190746911.fits,25.1704,-131.889,23.8181,-131.904,23.806,-130.862,25.158,-130.837,0.93
01_ch2_cla_l1_20240701T100819848_20240701T100827848.fits,-70.8241,54.2356,-71.8113,54.2924,-71.7918,56.1105,-70.8057,55.9588,1.06
01_ch2_cla_l1_20240701T110400112_20240701T110408112.fits,77.0123,-126.352,75.7617,-126.439,75.7244,-123.004,76.9716,-122.6,0.85
01_ch2_cla_l1_20240701T165245826_20240701T165253826.fits,80.1762,-129.06,78.9437,-129.228,78.8944,-124.927,80.121,-124.239,0.92
01_ch2_cla_l1_20240701T152025767_20240701T152033767.fits,7.2915,-129.959,5.9386,-129.974,5.9277,-129.015,7.2806,-128.997,0.01
01_ch2_cla_l1_20240701T172949826_20240701T172957826.fits,-31.2406,-131.682,-32.5157,-131.71,-32.5277,-130.677,-31.2525,-130.661,0.27
01_ch2_cla_l1_20240701T130533196_20240701T130541196.fits,62.0573,-128.062,60.7619,-128.088,60.7418,-126.26,62.0363,-126.158,0.33
01_ch2_cla_l1_20240701T125453195_20240701T125501195.fits,86.6147,34.2639,85.4716,38.7961,85.5812,48.6464,86.763,47.4948,1.19
01_ch2_cla_l1_20240701T095419848_20240701T095427848.fits,-64.4705,-128.662,-65.6199,-128.768,-65.6391,-126.978,-64.4889,-126.943,0.7
01_ch2_cla_l1_20240701T093307848_20240701T093315848.fits,-0.1436,-126.792,-1.4921,-126.808,-1.5024,-125.859,-0.1539,-125.843,0.8
01_ch2_cla_l1_20240701T095003848_20240701T095011848.fits,-51.3646,-127.883,-52.5664,-127.934,-52.5804,-126.628,-51.3782,-126.608,0.61
01_ch2_cla_l1_20240701T094611848_20240701T094619848.fits,-39.5649,-127.494,-40.8108,-127.527,-40.8228,-126.417,-39.5767,-126.402,0.39
01_ch2_cla_l1_20240701T120256112_20240701T120304112.fits,-77.0796,53.6593,-78.0895,53.7839,-78.0584,56.647,-77.051,56.2957,0.68
01_ch2_cla_l1_20240701T151649767_20240701T151657767.fits,18.0644,-129.82,16.7067,-129.835,16.6954,-128.834,18.053,-128.812,0.29
01_ch2_cla_l1_20240701T115344112_20240701T115352112.fits,-73.1503,-130.911,-74.2655,-131.147,-74.2938,-128.55,-73.1767,-128.475,1.0
01_ch2_cla_l1_20240701T172053826_20240701T172101826.fits,-4.3148,-131.206,-5.6532,-131.223,-5.6641,-130.28,-4.3257,-130.264,0.45
01_ch2_cla_l1_20240701T131741196_20240701T131749195.fits,25.6812,-128.641,24.3239,-128.655,24.3122,-127.603,25.6695,-127.577,0.42
01_ch2_cla_l1_20240701T120528112_20240701T120536112.fits,-69.1243,53.0853,-70.1091,53.1349,-70.091,54.7952,-69.1071,54.6665,0.08
01_ch2_cla_l1_20240701T132645195_20240701T132653195.fits,-1.4527,-128.988,-2.7971,-129.004,-2.8076,-128.059,-1.4632,-128.042,1.17
01_ch2_cla_l1_20240701T193714911_20240701T193722911.fits,-64.2777,-134.236,-65.4356,-134.35,-65.457,-132.55,-64.2983,-132.508,1.0
01_ch2_cla_l1_20240701T172501826_20240701T172509826.fits,-16.7421,-131.4,-18.0564,-131.421,-18.0675,-130.461,-16.7532,-130.446,0.71
01_ch2_cla_l1_20240701T174429826_20240701T174437826.fits,-76.1512,-135.058,-77.2593,-135.423,-77.2959,-132.259,-76.1851,-132.135,1.2
01_ch2_cla_l1_20240701T133741196_20240701T133749196.fits,-34.4116,-129.56,-35.6759,-129.59,-35.6877,-128.531,-34.4232,-128.516,0.28
01_ch2_cla_l1_20240701T110848112_20240701T110856112.fits,62.516,-126.983,61.2195,-127.009,61.1993,-125.151,62.495,-125.047,1.04
01_ch2_cla_l1_20240701T194650911_20240701T194658911.fits,-84.8344,51.9691,-85.878,52.9905,-85.7752,61.5554,-84.7522,58.8509,0.82
01_ch2_cla_l1_20240701T195042911_20240701T195050911.fits,-72.7498,49.1078,-73.7557,49.1908,-73.7309,51.2894,-72.7264,51.083,0.85
01_ch2_cla_l1_20240701T131013195_20240701T131021195.fits,48.0333,-128.336,46.704,-128.352,46.6891,-126.997,48.018,-126.948,0.79
01_ch2_cla_l1_20240701T193346911_20240701T193354911.fits,-53.636,-133.519,-54.8347,-133.581,-54.8511,-132.207,-53.652,-132.183,0.21
01_ch2_cla_l1_20240701T091331848_20240701T091339848.fits,58.5244,-126.001,57.2147,-126.022,57.1967,-124.344,58.5059,-124.263,0.39
01_ch2_cla_l1_20240701T152241767_20240701T152249767.fits,0.501,-130.049,-0.8451,-130.066,-0.8558,-129.12,0.4902,-129.103,1.18
01_ch2_cla_l1_20240701T090523848_20240701T090531848.fits,83.0919,-124.432,81.8609,-124.695,81.7988,-118.894,83.0189,-117.631,0.1
01_ch2_cla_l1_20240701T151817767_20240701T151825767.fits,13.6767,-129.876,12.3199,-129.891,12.3088,-128.911,13.6656,-128.891,1.19
01_ch2_cla_l1_20240701T165021826_20240701T165029826.fits,87.4688,-124.604,86.2665,-126.498,86.1285,-114.59,87.2698,-107.682,0.7
01_ch2_cla_l1_20240701T093059848_20240701T093107848.fits,6.2457,-126.71,4.8898,-126.725,4.8793,-125.764,6.2353,-125.747,1.04
01_ch2_cla_l1_20240701T125317195_20240701T125325195.fits,81.792,44.7597,80.6346,45.6456,80.6859,50.2873,81.8506,50.0623,0.83
01_ch2_cla_l1_20240701T130349196_20240701T130357196.fits,67.283,-127.911,66.0029,-127.946,65.9791,-125.79,67.258,-125.643,0.32
01_ch2_cla_l1_20240701T110616112_20240701T110624112.fits,70.156,-126.745,68.8825,-126.787,68.8563,-124.372,70.1282,-124.186,1.09
01_ch2_cla_l1_20240701T171109826_20240701T171117826.fits,24.8318,-130.815,23.4776,-130.83,23.4657,-129.788,24.8197,-129.763,0.62
01_ch2_cla_l1_20240701T131837195_20240701T131845195.fits,22.8905,-128.676,21.5319,-128.69,21.5205,-127.658,22.879,-127.634,0.11
01_ch2_cla_l1_20240701T151033767_20240701T151041767.fits,36.8116,-129.577,35.4661,-129.592,35.4531,-128.43,36.7984,-128.396,1.13
01_ch2_cla_l1_20240701T174413826_20240701T174421826.fits,-75.3265,-134.824,-76.4383,-135.15,-76.4729,-132.16,-75.3586,-132.049,0.73
01_ch2_cla_l1_20240701T140045195_20240701T140053195.fits,-73.2526,52.2672,-74.2527,52.3446,-74.229,54.4851,-73.2304,54.2782,0.68
01_ch2_cla_l1_20240701T120512112_20240701T120520112.fits,-69.9632,53.1268,-70.9503,53.1805,-70.9314,54.9194,-69.9453,54.779,0.42
01_ch2_cla_l1_20240701T115120112_20240701T115128112.fits,-65.7369,-129.892,-66.8826,-130.01,-66.903,-128.137,-65.7564,-128.098,0.48
01_ch2_cla_l1_20240701T172717826_20240701T172725826.fits,-23.578,-131.523,-24.8753,-131.547,-24.8869,-130.561,-23.5895,-130.546,0.04
01_ch2_cla_l1_20240701T113008112_20240701T113016112.fits,-1.3792,-127.898,-2.7247,-127.914,-2.7351,-126.967,-1.3896,-126.951,0.08
01_ch2_cla_l1_20240701T190858911_20240701T190906911.fits,21.1805,-131.943,19.8271,-131.958,19.8152,-130.943,21.1685,-130.919,0.98
01_ch2_cla_l1_20240701T134509195_20240701T134517195.fits,-57.1949,-130.375,-58.3761,-130.444,-58.3925,-128.971,-57.2107,-128.945,1.1
01_ch2_cla_l1_20240701T145505767_20240701T145513767.fits,83.4104,-127.319,82.1874,-127.651,82.1202,-121.676,83.3311,-120.274,0.54
01_ch2_cla_l1_20240701T145337767_20240701T145345767.fits,87.8657,-122.78,86.6638,-125.162,86.5128,-111.915,87.6372,-103.138,0.43
01_ch2_cla_l1_20240701T153137767_20240701T153145767.fits,-26.3811,-130.483,-27.6705,-130.508,-27.6819,-129.507,-26.3924,-129.492,1.11
01_ch2_cla_l1_20240701T153705767_20240701T153713767.fits,-42.9699,-130.89,-44.2058,-130.929,-44.219,-129.771,-42.9828,-129.754,0.87
01_ch2_cla_l1_20240701T145353767_20240701T145401767.fits,87.0571,-124.62,85.8498,-126.009,85.727,-115.173,86.8867,-109.728,0.13
01_ch2_cla_l1_20240701T111320112_20240701T111328112.fits,48.8943,-127.246,47.5646,-127.262,47.5496,-125.884,48.879,-125.833,0.18
01_ch2_cla_l1_20240701T125957195_20240701T130005195.fits,78.9807,-127.193,77.7393,-127.316,77.6959,-123.385,78.9326,-122.836,1.13
01_ch2_cla_l1_20240701T170613826_20240701T170621826.fits,39.5987,-130.614,38.2592,-130.629,38.2456,-129.432,39.5848,-129.395,0.1
01_ch2_cla_l1_20240701T184930911_20240701T184938911.fits,79.728,-130.126,78.4961,-130.291,78.4477,-126.157,79.674,-125.517,0.89
01_ch2_cla_l1_20240701T155233767_20240701T155241767.fits,-88.2029,60.6044,-89.2163,74.7139,-88.8001,103.692,-87.9867,78.7501,0.55
01_ch2_cla_l1_20240701T092755848_20240701T092803848.fits,15.4189,-126.597,14.0566,-126.611,14.0459,-125.618,15.408,-125.598,0.3
01_ch2_cla_l1_20240701T112904112_20240701T112912112.fits,1.818,-127.855,0.468,-127.871,0.4575,-126.92,1.8075,-126.904,0.97
01_ch2_cla_l1_20240701T105208112_20240701T105216112.fits,67.7837,50.4888,66.6734,50.6143,66.6925,52.3762,67.8037,52.3381,0.79
01_ch2_cla_l1_20240701T164517826_20240701T164525826.fits,78.1127,44.7303,76.9694,45.1729,77.0068,48.4365,78.1537,48.3109,0.42
01_ch2_cla_l1_20240701T094947848_20240701T094955848.fits,-50.5486,-127.85,-51.7535,-127.899,-51.7673,-126.611,-50.5621,-126.592,1.15
01_ch2_cla_l1_20240701T170805826_20240701T170813826.fits,34.0086,-130.693,32.6618,-130.708,32.649,-129.582,33.9956,-129.551,0.76
01_ch2_cla_l1_20240701T094723848_20240701T094731848.fits,-43.2193,-127.597,-44.4521,-127.634,-44.4645,-126.477,-43.2315,-126.461,0.43
01_ch2_cla_l1_20240701T095131848_20240701T095139848.fits,-55.8594,-128.089,-57.0435,-128.152,-57.0588,-126.727,-55.8742,-126.704,0.95
01_ch2_cla_l1_20240701T135213195_20240701T135221195.fits,-78.9968,-133.798,-80.0884,-134.359,-80.1323,-130.397,-79.0365,-130.216,0.35
01_ch2_cla_l1_20240701T155153767_20240701T155201767.fits,-88.7908,176.848,-89.5538,-176.225,-88.9932,-148.566,-88.3216,-165.141,1.04
01_ch2_cla_l1_20240701T153913767_20240701T153921767.fits,-49.4793,-131.118,-50.6915,-131.167,-50.7059,-129.896,-49.4934,-129.876,0.29
01_ch2_cla_l1_20240701T191242911_20240701T191250911.fits,10.0069,-132.092,8.6549,-132.107,8.6436,-131.143,9.9954,-131.124,0.86
01_ch2_cla_l1_20240701T190450911_20240701T190458911.fits,33.5512,-131.774,32.206,-131.79,32.193,-130.672,33.5381,-130.64,0.82
01_ch2_cla_l1_20240701T092427848_20240701T092435848.fits,25.7803,-126.473,24.4188,-126.486,24.4074,-125.428,25.7688,-125.403,0.91
01_ch2_cla_l1_20240701T175309826_20240701T175317826.fits,-75.7287,50.3967,-76.7418,50.5111,-76.7119,53.1027,-75.7009,52.8023,0.44
01_ch2_cla_l1_20240701T114416112_20240701T114424112.fits,-44.0692,-128.723,-45.2996,-128.762,-45.3124,-127.59,-44.0818,-127.574,0.78
01_ch2_cla_l1_20240701T185146911_20240701T185154911.fits,72.8549,-130.801,71.5994,-130.866,71.568,-128.171,72.8213,-127.921,0.23
01_ch2_cla_l1_20240701T173221826_20240701T173229826.fits,-38.928,-131.873,-40.1787,-131.908,-40.1915,-130.801,-38.9407,-130.785,1.2
01_ch2_cla_l1_20240701T112712112_20240701T112720112.fits,7.4076,-127.783,6.0519,-127.798,6.0413,-126.836,7.397,-126.818,0.87
01_ch2_cla_l1_20240701T094107848_20240701T094115848.fits,-24.2065,-127.158,-25.5021,-127.181,-25.5128,-126.191,-24.217,-126.178,0.1
01_ch2_cla_l1_20240701T093411848_20240701T093419848.fits,-3.3417,-126.835,-4.6853,-126.851,-4.6955,-125.904,-3.3519,-125.889,0.31
01_ch2_cla_l1_20240701T092203848_20240701T092211848.fits,32.9542,-126.385,31.5978,-126.398,31.5857,-125.274,32.942,-125.244,1.18
01_ch2_cla_l1_20240701T091635848_20240701T091643848.fits,49.3182,-126.162,47.9868,-126.178,47.9719,-124.786,49.303,-124.734,0.3
01_ch2_cla_l1_20240701T175253826_20240701T175301826.fits,-76.5638,50.4878,-77.5796,50.6166,-77.5476,53.3926,-76.5342,53.0517,0.68
01_ch2_cla_l1_20240701T112144112_20240701T112152112.fits,23.7563,-127.581,22.3961,-127.595,22.3847,-126.555,23.7448,-126.531,0.24
01_ch2_cla_l1_20240701T194514911_20240701T194522911.fits,-88.6551,179.65,-88.9821,128.333,-89.6062,112.335,-89.0381,-153.643,0.35
01_ch2_cla_l1_20240701T173629826_20240701T173637826.fits,-51.5318,-132.31,-52.7373,-132.365,-52.7527,-131.047,-51.5468,-131.025,1.06
01_ch2_cla_l1_20240701T130653195_20240701T130701195.fits,58.0441,-128.155,56.7381,-128.176,56.7199,-126.527,58.0254,-126.447,1.17
01_ch2_cla_l1_20240701T133437196_20240701T133445195.fits,-25.1258,-129.364,-26.4185,-129.387,-26.4296,-128.394,-25.1368,-128.379,0.24
01_ch2_cla_l1_20240701T091555848_20240701T091603848.fits,51.3174,-126.131,49.9904,-126.147,49.975,-124.705,51.3016,-124.649,1.16
01_ch2_cla_l1_20240701T144801767_20240701T144809767.fits,76.0776,46.6189,74.9395,46.9403,74.971,49.7467,76.1117,49.6563,0.29
01_ch2_cla_l1_20240701T111728112_20240701T111736112.fits,36.5148,-127.421,35.1645,-127.435,35.1518,-126.271,36.502,-126.238,0.34
01_ch2_cla_l1_20240701T185906911_20240701T185914911.fits,50.7435,-131.501,49.4269,-131.521,49.4106,-130.113,50.7267,-130.056,0.68
01_ch2_cla_l1_20240701T155225767_20240701T155233767.fits,-88.6094,63.6879,-89.0084,69.2797,-89.5603,97.835,-88.3389,85.6548,0.02
01_ch2_cla_l1_20240701T185538911_20240701T185546911.fits,61.1747,-131.269,59.8839,-131.298,59.8633,-129.527,61.1533,-129.429,0.28
01_ch2_cla_l1_20240701T130301195_20240701T130309195.fits,69.6985,-127.822,68.4259,-127.864,68.3999,-125.501,69.671,-125.321,0.37
01_ch2_cla_l1_20240701T111056112_20240701T111104112.fits,56.0987,-127.122,54.7851,-127.141,54.7679,-125.559,56.081,-125.487,0.86
01_ch2_cla_l1_20240701T150929767_20240701T150937767.fits,40.0057,-129.532,38.6647,-129.547,38.6512,-128.342,39.992,-128.304,0.1
01_ch2_cla_l1_20240701T105600112_20240701T105608112.fits,79.7089,47.3715,78.5551,47.9408,78.5961,51.7123,79.7545,51.5693,0.62
01_ch2_cla_l1_20240701T092619848_20240701T092627848.fits,20.2014,-126.54,18.8386,-126.553,18.8276,-125.534,20.1903,-125.512,0.73
01_ch2_cla_l1_20240701T170045826_20240701T170053826.fits,56.006,-130.333,54.6993,-130.355,54.6815,-128.788,55.9875,-128.716,0.4
01_ch2_cla_l1_20240701T151025767_20240701T151033767.fits,37.211,-129.572,35.8658,-129.586,35.8528,-128.419,37.1977,-128.385,1.1
01_ch2_cla_l1_20240701T115528112_20240701T115536112.fits,-78.5169,-132.437,-79.6088,-132.943,-79.6499,-129.163,-78.5542,-129.003,0.44
01_ch2_cla_l1_20240701T171949826_20240701T171957826.fits,-1.1146,-131.16,-2.4575,-131.176,-2.4684,-130.233,-1.1255,-130.216,1.09
01_ch2_cla_l1_20240701T113400112_20240701T113408112.fits,-12.9907,-128.064,-14.3148,-128.083,-14.3253,-127.13,-13.0012,-127.116,0.74
01_ch2_cla_l1_20240701T193738911_20240701T193746911.fits,-65.5091,-134.356,-66.6621,-134.48,-66.6844,-132.604,-65.5305,-132.559,0.65
01_ch2_cla_l1_20240701T174245826_20240701T174253826.fits,-70.7939,-133.891,-71.9244,-134.084,-71.9512,-131.764,-70.8193,-131.698,1.1
01_ch2_cla_l1_20240701T135637196_20240701T135645196.fits,-86.1776,55.9853,-87.2172,57.7704,-87.0776,70.1186,-86.075,65.1534,0.86
01_ch2_cla_l1_20240701T115256112_20240701T115304112.fits,-70.6764,-130.487,-71.8021,-130.669,-71.8269,-128.38,-70.6999,-128.322,0.37
01_ch2_cla_l1_20240701T120344112_20240701T120352112.fits,-74.5708,53.4217,-75.5725,53.5097,-75.5471,55.848,-74.547,55.606,0.71
01_ch2_cla_l1_20240701T132029195_20240701T132037195.fits,17.3086,-128.746,15.9497,-128.76,15.9386,-127.761,17.2975,-127.74,0.11
01_ch2_cla_l1_20240701T152649767_20240701T152657767.fits,-11.9087,-130.23,-13.234,-130.249,-13.2449,-129.299,-11.9195,-129.285,0.68
01_ch2_cla_l1_20240701T171053826_20240701T171101826.fits,25.6296,-130.805,24.2758,-130.82,24.2638,-129.772,25.6175,-129.746,0.96
01_ch2_cla_l1_20240701T095435848_20240701T095443848.fits,-65.2922,-128.736,-66.4388,-128.849,-66.4585,-127.009,-65.3111,-126.971,0.09
01_ch2_cla_l1_20240701T165429826_20240701T165437826.fits,74.9192,-129.632,73.6683,-129.709,73.634,-126.702,74.8822,-126.388,0.74
01_ch2_cla_l1_20240701T090307848_20240701T090315848.fits,89.1668,-111.159,88.7681,-116.08,88.4199,-86.2094,89.786,-38.131,0.39
01_ch2_cla_l1_20240701T085611848_20240701T085619848.fits,69.8449,51.3206,68.7253,51.4716,68.7462,53.4228,69.8669,53.3798,1.12
01_ch2_cla_l1_20240701T113848112_20240701T113856112.fits,-27.469,-128.314,-28.7551,-128.339,-28.7662,-127.332,-27.48,-127.318,1.13
01_ch2_cla_l1_20240701T171501826_20240701T171509826.fits,13.2632,-130.966,11.9083,-130.981,11.8971,-130.004,13.252,-129.984,0.9
01_ch2_cla_l1_20240701T190714911_20240701T190722911.fits,26.3673,-131.873,25.0159,-131.888,25.0037,-130.837,26.3549,-130.811,1.11
01_ch2_cla_l1_20240701T100835848_20240701T100843848.fits,-69.9855,54.1922,-70.97,54.2444,-70.9514,55.9767,-69.9679,55.8382,0.39
01_ch2_cla_l1_20240701T131645195_20240701T131653195.fits,28.4724,-128.606,27.1166,-128.62,27.1047,-127.545,28.4604,-127.518,1.07
01_ch2_cla_l1_20240701T152817767_20240701T152825767.fits,-16.3229,-130.301,-17.6386,-130.322,-17.6495,-129.362,-16.3338,-129.348,0.94
01_ch2_cla_l1_20240701T132013195_20240701T132021195.fits,18.1063,-128.736,16.747,-128.75,16.7359,-127.747,18.095,-127.725,0.04
01_ch2_cla_l1_20240701T190346911_20240701T190354911.fits,36.7458,-131.729,35.4045,-131.744,35.3911,-130.589,36.7322,-130.554,1.17
01_ch2_cla_l1_20240701T092331848_20240701T092339848.fits,28.5698,-126.439,27.21,-126.452,27.1983,-125.371,28.5581,-125.344,1.15
01_ch2_cla_l1_20240701T151241767_20240701T151249767.fits,30.4272,-129.662,29.0749,-129.676,29.0627,-128.586,30.4148,-128.557,1.05
01_ch2_cla_l1_20240701T093523848_20240701T093531848.fits,-6.9426,-126.884,-8.2799,-126.901,-8.2902,-125.955,-6.9528,-125.94,1.07
01_ch2_cla_l1_20240701T095627848_20240701T095635848.fits,-71.0571,-129.423,-72.1793,-129.609,-72.2042,-127.285,-71.0805,-127.227,0.66
01_ch2_cla_l1_20240701T134317195_20240701T134325195.fits,-51.4742,-130.095,-52.6777,-130.147,-52.6922,-128.835,-51.4884,-128.814,0.58
01_ch2_cla_l1_20240701T113616112_20240701T113624112.fits,-19.8178,-128.174,-21.1254,-128.195,-21.136,-127.225,-19.8284,-127.211,0.72
01_ch2_cla_l1_20240701T172109826_20240701T172117826.fits,-5.1152,-131.217,-6.4522,-131.235,-6.4631,-130.292,-5.1262,-130.276,0.12
01_ch2_cla_l1_20240701T130013195_20240701T130021196.fits,78.1721,-127.283,76.928,-127.386,76.8871,-123.681,78.1271,-123.203,1.17
01_ch2_cla_l1_20240701T174021826_20240701T174029826.fits,-63.3943,-133.031,-64.5553,-133.137,-64.5755,-131.391,-63.414,-131.352,1.01
01_ch2_cla_l1_20240701T090059848_20240701T090107848.fits,84.5801,43.3724,83.4167,45.2757,83.4889,52.0084,84.6681,51.5667,0.18
01_ch2_cla_l1_20240701T185650911_20240701T185658911.fits,57.5601,-131.36,56.2596,-131.384,56.2408,-129.766,57.5406,-129.687,0.68
01_ch2_cla_l1_20240701T120120112_20240701T120128112.fits,-82.0866,54.5467,-83.1131,54.8879,-83.0581,59.942,-82.0388,58.9444,0.45
01_ch2_cla_l1_20240701T184042911_20240701T184050911.fits,74.4492,44.8077,73.3204,45.0732,73.3498,47.5776,74.4808,47.4955,0.36
01_ch2_cla_l1_20240701T115512112_20240701T115520112.fits,-77.6909,-132.117,-78.7866,-132.557,-78.8249,-129.033,-77.7259,-128.894,0.08
01_ch2_cla_l1_20240701T135941195_20240701T135949196.fits,-76.5979,52.5606,-77.6089,52.6802,-77.5784,55.4387,-76.5698,55.1084,0.51
01_ch2_cla_l1_20240701T125941195_20240701T125949195.fits,79.7896,-127.09,78.5511,-127.231,78.5049,-123.043,79.738,-122.411,0.1
01_ch2_cla_l1_20240701T171717826_20240701T171725826.fits,6.4776,-131.055,5.1265,-131.071,5.1155,-130.115,6.4665,-130.097,0.9
01_ch2_cla_l1_20240701T110008112_20240701T110016112.fits,88.7426,-116.988,87.5443,-121.984,87.349,-104.451,88.3949,-87.5938,0.35
01_ch2_cla_l1_20240701T193858911_20240701T193906911.fits,-69.6192,-134.853,-70.756,-135.029,-70.7822,-132.825,-69.6441,-132.762,0.83
01_ch2_cla_l1_20240701T154505767_20240701T154513767.fits,-67.4928,-132.316,-68.6349,-132.456,-68.6576,-130.447,-67.5144,-130.4,0.01
01_ch2_cla_l1_20240701T154337767_20240701T154345767.fits,-62.9739,-131.878,-64.1338,-131.978,-64.1534,-130.258,-62.9926,-130.223,0.86
01_ch2_cla_l1_20240701T152033767_20240701T152041767.fits,6.8923,-129.964,5.5397,-129.979,5.5288,-129.021,6.8814,-129.003,0.19
01_ch2_cla_l1_20240701T132837195_20240701T132845195.fits,-7.054,-129.067,-8.3894,-129.084,-8.4,-128.139,-7.0645,-128.124,0.98
01_ch2_cla_l1_20240701T100443848_20240701T100451848.fits,-82.1133,55.5774,-83.1376,55.9095,-83.0835,60.9611,-82.0663,59.9717,0.97
01_ch2_cla_l1_20240701T130525196_20240701T130533196.fits,62.4589,-128.052,61.1647,-128.079,61.1443,-126.229,62.4377,-126.125,0.59
01_ch2_cla_l1_20240701T095843848_20240701T095851848.fits,-78.0748,-131.116,-79.1668,-131.578,-79.2055,-127.953,-78.1101,-127.809,0.52
01_ch2_cla_l1_20240701T131421195_20240701T131429195.fits,35.6516,-128.513,34.3027,-128.527,34.29,-127.377,35.6388,-127.345,0.64
01_ch2_cla_l1_20240701T165413826_20240701T165421826.fits,75.7272,-129.569,74.4791,-129.655,74.4431,-126.506,75.6882,-126.159,0.41
01_ch2_cla_l1_20240701T131709195_20240701T131717196.fits,27.2761,-128.621,25.9194,-128.635,25.9077,-127.57,27.2642,-127.544,0.61
01_ch2_cla_l1_20240701T173613826_20240701T173621826.fits,-50.7163,-132.275,-51.925,-132.328,-51.9401,-131.028,-50.731,-131.007,0.84
01_ch2_cla_l1_20240701T085947848_20240701T085955848.fits,80.9291,47.7388,79.7698,48.4598,79.8154,52.7143,80.9805,52.5418,1.13
01_ch2_cla_l1_20240701T091755848_20240701T091803848.fits,45.3224,-126.221,43.9832,-126.236,43.9692,-124.93,45.3081,-124.886,1.12
01_ch2_cla_l1_20240701T112320112_20240701T112328112.fits,18.9732,-127.64,17.6124,-127.653,17.6013,-126.644,18.9621,-126.622,0.97
01_ch2_cla_l1_20240701T130933195_20240701T130941195.fits,50.0331,-128.303,48.708,-128.32,48.6926,-126.919,50.0173,-126.865,0.64
01_ch2_cla_l1_20240701T150137767_20240701T150145767.fits,63.6352,-129.085,62.3468,-129.115,62.3255,-127.205,63.613,-127.093,1.08
01_ch2_cla_l1_20240701T150705767_20240701T150713767.fits,47.1994,-129.424,45.8707,-129.441,45.8558,-128.107,47.1841,-128.059,0.68
01_ch2_cla_l1_20240701T114208112_20240701T114216112.fits,-37.5753,-128.54,-38.8289,-128.572,-38.8408,-127.483,-37.587,-127.468,1.0
01_ch2_cla_l1_20240701T125853196_20240701T125901196.fits,82.2179,-126.66,80.9883,-126.892,80.9304,-121.654,82.1512,-120.62,0.7
01_ch2_cla_l1_20240701T175517826_20240701T175525826.fits,-69.0347,49.9086,-70.0269,49.9634,-70.0076,51.6402,-69.0163,51.5056,0.41
01_ch2_cla_l1_20240701T133709195_20240701T133717195.fits,-32.7937,-129.523,-34.0635,-129.551,-34.0751,-128.506,-32.8053,-128.492,0.58
01_ch2_cla_l1_20240701T154353767_20240701T154401767.fits,-63.7948,-131.947,-64.9517,-132.053,-64.9716,-130.288,-63.814,-130.252,0.7
01_ch2_cla_l1_20240701T111904112_20240701T111912112.fits,31.729,-127.482,30.3735,-127.496,30.3615,-126.387,31.7168,-126.358,0.5
01_ch2_cla_l1_20240701T192242911_20240701T192250911.fits,-20.0239,-132.55,-21.33,-132.573,-21.3416,-131.602,-20.0354,-131.587,0.3
01_ch2_cla_l1_20240701T130117195_20240701T130125195.fits,74.9404,-127.551,73.685,-127.621,73.6516,-124.594,74.9044,-124.284,0.05
01_ch2_cla_l1_20240701T193450911_20240701T193458911.fits,-56.9043,-133.695,-58.0908,-133.767,-58.1083,-132.295,-56.9213,-132.267,0.05
01_ch2_cla_l1_20240701T091427848_20240701T091435848.fits,55.7199,-126.055,54.403,-126.074,54.3862,-124.5,55.7025,-124.43,1.19
01_ch2_cla_l1_20240701T150913767_20240701T150921767.fits,40.8047,-129.521,39.4648,-129.536,39.4512,-128.318,40.7908,-128.279,0.28
01_ch2_cla_l1_20240701T155041767_20240701T155049767.fits,-84.7937,-140.65,-85.846,-143.43,-85.9501,-134.302,-84.8766,-133.346,0.15
01_ch2_cla_l1_20240701T164309826_20240701T164317826.fits,71.5341,46.5738,70.4143,46.76,70.4385,48.8736,71.5598,48.8159,0.11
01_ch2_cla_l1_20240701T194146911_20240701T194154911.fits,-78.2707,-136.987,-79.3712,-137.508,-79.4158,-133.76,-78.3113,-133.578,1.04
01_ch2_cla_l1_20240701T105416112_20240701T105424112.fits,74.3782,49.3416,73.2429,49.5936,73.2702,52.1103,74.4075,52.0419,0.62
01_ch2_cla_l1_20240701T173805826_20240701T173813826.fits,-56.4321,-132.553,-57.6192,-132.622,-57.6361,-131.168,-56.4485,-131.142,0.83
01_ch2_cla_l1_20240701T125149196_20240701T125157196.fits,77.295,47.3358,76.151,47.7172,76.185,50.7927,77.3321,50.6903,0.41
01_ch2_cla_l1_20240701T111712112_20240701T111720112.fits,37.3128,-127.411,35.9634,-127.424,35.9506,-126.251,37.2998,-126.216,0.87
01_ch2_cla_l1_20240701T094259848_20240701T094307848.fits,-29.8521,-127.267,-31.1309,-127.293,-31.1419,-126.271,-29.863,-126.257,0.49
01_ch2_cla_l1_20240701T170221826_20240701T170229826.fits,51.1968,-130.427,49.8789,-130.446,49.8627,-129.023,51.1802,-128.965,0.33
01_ch2_cla_l1_20240701T085723848_20240701T085731848.fits,73.5521,50.6517,72.4183,50.8778,72.4439,53.2741,73.5795,53.2136,0.0
01_ch2_cla_l1_20240701T133613196_20240701T133621196.fits,-29.9657,-129.461,-31.2442,-129.487,-31.2557,-128.464,-29.977,-128.449,0.86
01_ch2_cla_l1_20240701T165853826_20240701T165901826.fits,61.6257,-130.201,60.334,-130.229,60.3135,-128.431,61.6044,-128.331,0.61
01_ch2_cla_l1_20240701T115752112_20240701T115800112.fits,-85.92,-141.102,-86.9483,-145.75,-87.0839,-133.491,-86.0207,-131.912,0.79
01_ch2_cla_l1_20240701T151545767_20240701T151553767.fits,21.2548,-129.78,19.8973,-129.794,19.8859,-128.775,21.2432,-128.752,0.84
01_ch2_cla_l1_20240701T115048112_20240701T115056112.fits,-64.0929,-129.742,-65.2455,-129.847,-65.2648,-128.074,-64.1114,-128.039,0.75
01_ch2_cla_l1_20240701T193418911_20240701T193426911.fits,-55.27,-133.604,-56.4623,-133.67,-56.4792,-132.25,-55.2864,-132.224,1.17
01_ch2_cla_l1_20240701T090803848_20240701T090811848.fits,75.0092,-125.448,73.7492,-125.513,73.7165,-122.457,74.9738,-122.148,0.39
01_ch2_cla_l1_20240701T174725826_20240701T174733826.fits,-85.203,-142.865,-86.25,-146.262,-86.3685,-136.143,-85.2953,-134.933,0.31
01_ch2_cla_l1_20240701T192610911_20240701T192618911.fits,-30.4995,-132.762,-31.777,-132.791,-31.7892,-131.763,-30.5117,-131.747,0.92
01_ch2_cla_l1_20240701T193002911_20240701T193010911.fits,-42.2389,-133.073,-43.4787,-133.112,-43.4925,-131.963,-42.2525,-131.944,0.74
01_ch2_cla_l1_20240701T134829195_20240701T134837195.fits,-67.4525,-131.189,-68.5931,-131.327,-68.6153,-129.327,-67.4737,-129.281,1.13
01_ch2_cla_l1_20240701T190434911_20240701T190442911.fits,34.3498,-131.763,33.0055,-131.779,32.9924,-130.652,34.3365,-130.619,0.09
01_ch2_cla_l1_20240701T134309196_20240701T134317195.fits,-51.0663,-130.078,-52.2713,-130.129,-52.2858,-128.826,-51.0804,-128.806,1.16
01_ch2_cla_l1_20240701T145825767_20240701T145833767.fits,73.3005,-128.699,72.0421,-128.76,72.0111,-125.991,73.2673,-125.732,0.23
01_ch2_cla_l1_20240701T154201767_20240701T154209767.fits,-58.0559,-131.535,-59.2355,-131.609,-59.2525,-130.102,-58.0724,-130.075,0.24
01_ch2_cla_l1_20240701T165149826_20240701T165157826.fits,83.0116,-128.42,81.7894,-128.735,81.7242,-123.05,82.9354,-121.776,0.39
01_ch2_cla_l1_20240701T152329767_20240701T152337767.fits,-1.8979,-130.083,-3.2407,-130.099,-3.2514,-129.155,-1.9086,-129.139,0.6
01_ch2_cla_l1_20240701T131325195_20240701T131333195.fits,38.4453,-128.476,37.0998,-128.49,37.0867,-127.304,38.4321,-127.268,0.61
01_ch2_cla_l1_20240701T152457767_20240701T152505767.fits,-6.2993,-130.146,-7.635,-130.163,-7.6457,-129.219,-6.31,-129.204,0.22
01_ch2_cla_l1_20240701T095715848_20240701T095723848.fits,-73.5321,-129.859,-74.644,-130.102,-74.6722,-127.457,-73.5586,-127.381,0.32
01_ch2_cla_l1_20240701T112424112_20240701T112432112.fits,15.784,-127.679,14.4234,-127.693,14.4125,-126.7,15.773,-126.679,0.04
01_ch2_cla_l1_20240701T150001767_20240701T150009767.fits,68.4633,-128.927,67.1892,-128.967,67.164,-126.721,68.4369,-126.559,0.24
01_ch2_cla_l1_20240701T191106911_20240701T191114911.fits,14.7965,-132.027,13.4427,-132.043,13.4312,-131.061,14.7848,-131.04,0.5
01_ch2_cla_l1_20240701T194634911_20240701T194642911.fits,-85.6634,52.7305,-86.7082,54.2531,-86.5798,64.8801,-85.5653,60.9111,0.25
01_ch2_cla_l1_20240701T144657767_20240701T144705767.fits,72.7875,47.4552,71.6614,47.6669,71.6869,49.9407,72.8147,49.8783,0.05
01_ch2_cla_l1_20240701T173349826_20240701T173357826.fits,-43.3915,-132.006,-44.6266,-132.046,-44.6402,-130.881,-43.4048,-130.863,0.26
01_ch2_cla_l1_20240701T091515848_20240701T091523848.fits,53.3179,-126.097,51.9952,-126.115,51.9792,-124.617,53.3014,-124.555,0.51
01_ch2_cla_l1_20240701T164845826_20240701T164853826.fits,88.4252,7.9907,87.414,25.7781,87.6199,43.2049,88.7934,36.917,1.08
01_ch2_cla_l1_20240701T185202911_20240701T185210911.fits,72.0476,-130.848,70.7896,-130.909,70.7593,-128.315,72.0153,-128.085,0.7
01_ch2_cla_l1_20240701T184410911_20240701T184418911.fits,85.0603,36.241,83.9099,38.6062,83.9946,45.8018,85.1654,45.1339,0.59
01_ch2_cla_l1_20240701T105856112_20240701T105904112.fits,88.4061,13.317,87.3734,30.1616,87.5665,47.4858,88.7502,42.3548,0.38
01_ch2_cla_l1_20240701T111248112_20240701T111256112.fits,50.494,-127.22,49.1675,-127.237,49.1521,-125.82,50.4782,-125.765,0.18
01_ch2_cla_l1_20240701T155745767_20240701T155753767.fits,-71.9658,51.1274,-72.9644,51.1972,-72.9421,53.175,-71.9447,52.9945,0.41
01_ch2_cla_l1_20240701T092539848_20240701T092547848.fits,22.1939,-126.516,20.8315,-126.529,20.8204,-125.498,22.1827,-125.475,1.2
01_ch2_cla_l1_20240701T131717196_20240701T131725196.fits,26.8774,-128.626,25.5206,-128.64,25.5089,-127.578,26.8655,-127.552,0.48
01_ch2_cla_l1_20240701T194554911_20240701T194602911.fits,-87.7266,57.0353,-88.7595,64.7398,-88.4471,88.0641,-87.5425,71.9538,0.54
01_ch2_cla_l1_20240701T185618911_20240701T185626911.fits,59.1659,-131.321,57.8697,-131.348,57.8502,-129.666,59.1457,-129.579,0.78
01_ch2_cla_l1_20240701T134749195_20240701T134757196.fits,-65.3967,-130.975,-66.5455,-131.092,-66.5661,-129.237,-65.4164,-129.197,1.0
01_ch2_cla_l1_20240701T100011848_20240701T100019848.fits,-82.6167,-133.898,-83.6843,-135.143,-83.7489,-129.118,-82.672,-128.727,0.75
01_ch2_cla_l1_20240701T170525826_20240701T170533826.fits,41.996,-130.578,40.6603,-130.594,40.6463,-129.361,41.9817,-129.32,1.2
01_ch2_cla_l1_20240701T114944112_20240701T114952112.fits,-60.8094,-129.49,-61.9754,-129.574,-61.9928,-127.965,-60.8263,-127.936,0.4
01_ch2_cla_l1_20240701T100355848_20240701T100403848.fits,-84.6114,56.5837,-85.6434,57.3428,-85.5576,65.3234,-84.5419,63.062,0.11
01_ch2_cla_l1_20240701T092907848_20240701T092915848.fits,11.8305,-126.641,10.4699,-126.655,10.4594,-125.677,11.8199,-125.658,0.38
01_ch2_cla_l1_20240701T194754911_20240701T194802911.fits,-81.5104,50.3984,-82.5446,50.7456,-82.4883,55.4781,-81.461,54.5546,0.05
01_ch2_cla_l1_20240701T112640112_20240701T112648112.fits,9.0038,-127.763,7.6467,-127.777,7.6361,-126.811,8.9931,-126.793,0.54
01_ch2_cla_l1_20240701T124917195_20240701T124925195.fits,69.4766,49.1484,68.3613,49.2962,68.3823,51.2033,69.4987,51.1586,0.78
01_ch2_cla_l1_20240701T150217767_20240701T150225767.fits,61.6262,-129.139,60.3321,-129.166,60.312,-127.363,61.6052,-127.264,0.55
01_ch2_cla_l1_20240701T175005826_20240701T175013826.fits,-85.3066,53.2446,-86.3492,54.4498,-86.2367,64.059,-85.2188,60.7912,0.05
01_ch2_cla_l1_20240701T134245196_20240701T134253196.fits,-49.8428,-130.028,-51.0526,-130.077,-51.0668,-128.801,-49.8567,-128.781,1.06
01_ch2_cla_l1_20240701T153841767_20240701T153849767.fits,-47.8501,-131.055,-49.0681,-131.102,-49.0822,-129.863,-47.8638,-129.844,0.84
01_ch2_cla_l1_20240701T133949196_20240701T133957195.fits,-40.8946,-129.728,-42.137,-129.764,-42.1495,-128.635,-40.9069,-128.619,0.56
01_ch2_cla_l1_20240701T090931848_20240701T090939848.fits,70.5757,-125.668,69.3011,-125.709,69.2747,-123.245,70.5477,-123.053,1.14
01_ch2_cla_l1_20240701T192946911_20240701T192954911.fits,-41.4273,-133.048,-42.67,-133.086,-42.6835,-131.948,-41.4407,-131.93,1.08
01_ch2_cla_l1_20240701T173533826_20240701T173541826.fits,-48.6788,-132.192,-49.895,-132.241,-49.9096,-130.985,-48.6931,-130.964,0.8
01_ch2_cla_l1_20240701T135341195_20240701T135349195.fits,-83.5314,-137.325,-84.5958,-139.027,-84.6741,-131.979,-83.5969,-131.418,0.9
01_ch2_cla_l1_20240701T153409767_20240701T153417767.fits,-34.0531,-130.649,-35.3192,-130.679,-35.3312,-129.623,-34.065,-129.607,0.44
01_ch2_cla_l1_20240701T194426911_20240701T194434911.fits,-86.4632,-148.6,-87.4741,-155.557,-87.6579,-140.622,-86.5925,-137.899,0.41
01_ch2_cla_l1_20240701T144937767_20240701T144945767.fits,80.9912,44.2526,79.8377,45.0009,79.8855,49.2513,81.0452,49.0526,0.21
01_ch2_cla_l1_20240701T155521767_20240701T155529767.fits,-79.4866,51.9243,-80.5095,52.127,-80.4682,55.7889,-79.4494,55.2271,0.64
01_ch2_cla_l1_20240701T111432112_20240701T111440112.fits,45.2971,-127.3,43.9602,-127.315,43.9461,-126.014,45.2826,-125.969,0.14
01_ch2_cla_l1_20240701T193130911_20240701T193138911.fits,-46.7088,-133.224,-47.9329,-133.27,-47.9475,-132.05,-46.723,-132.03,0.32
01_ch2_cla_l1_20240701T091147848_20240701T091155848.fits,63.74,-125.884,62.4446,-125.91,62.4239,-123.979,63.7184,-123.867,0.4
01_ch2_cla_l1_20240701T192722911_20240701T192730911.fits,-34.1362,-132.848,-35.4025,-132.879,-35.4152,-131.821,-34.1487,-131.805,1.09
01_ch2_cla_l1_20240701T191258911_20240701T191306911.fits,9.2083,-132.102,7.8569,-132.118,7.8455,-131.157,9.1969,-131.138,0.86
01_ch2_cla_l1_20240701T105736112_20240701T105744112.fits,84.5853,42.1864,83.4241,44.1058,83.4973,50.8277,84.6745,50.366,0.97
01_ch2_cla_l1_20240701T170741826_20240701T170749826.fits,35.2061,-130.676,33.8606,-130.691,33.8476,-129.552,35.1929,-129.519,0.83
01_ch2_cla_l1_20240701T130237195_20240701T130245195.fits,70.9072,-127.771,69.6384,-127.817,69.611,-125.332,70.8781,-125.131,0.03
01_ch2_cla_l1_20240701T095347848_20240701T095355848.fits,-62.8272,-128.527,-63.9842,-128.622,-64.0022,-126.922,-62.8448,-126.889,0.55
01_ch2_cla_l1_20240701T115632112_20240701T115640112.fits,-81.8196,-134.358,-82.8943,-135.376,-82.953,-129.973,-81.8708,-129.649,1.13
01_ch2_cla_l1_20240701T130333195_20240701T130341196.fits,68.088,-127.883,66.8103,-127.92,66.7859,-125.7,68.0622,-125.544,0.18
01_ch2_cla_l1_20240701T151721767_20240701T151729767.fits,16.4688,-129.841,15.1116,-129.855,15.1004,-128.862,16.4576,-128.841,0.18
01_ch2_cla_l1_20240701T093043848_20240701T093051848.fits,7.0437,-126.7,5.6869,-126.715,5.6764,-125.752,7.0333,-125.735,0.32
01_ch2_cla_l1_20240701T190626911_20240701T190634911.fits,28.7616,-131.841,27.4118,-131.856,27.3994,-130.785,28.749,-130.757,0.03
01_ch2_cla_l1_20240701T092651848_20240701T092659848.fits,18.6075,-126.559,17.2448,-126.572,17.2339,-125.563,18.5966,-125.541,0.46
01_ch2_cla_l1_20240701T113304112_20240701T113312112.fits,-10.1843,-128.022,-11.5144,-128.04,-11.5249,-127.091,-10.1947,-127.076,0.86
01_ch2_cla_l1_20240701T113536112_20240701T113544112.fits,-17.808,-128.141,-19.1209,-128.161,-19.1315,-127.197,-17.8186,-127.183,0.25
01_ch2_cla_l1_20240701T134037195_20240701T134045195.fits,-43.331,-129.8,-44.5648,-129.839,-44.5777,-128.677,-43.3437,-128.66,1.01
01_ch2_cla_l1_20240701T184522911_20240701T184530911.fits,88.4431,5.6061,87.4438,24.0489,87.6567,41.6188,88.8258,34.6648,0.7
01_ch2_cla_l1_20240701T154833767_20240701T154841767.fits,-78.2078,-134.616,-79.3049,-135.111,-79.3468,-131.407,-78.2459,-131.243,0.64
01_ch2_cla_l1_20240701T185330911_20240701T185338911.fits,67.6122,-131.059,66.3402,-131.101,66.315,-128.937,67.5857,-128.783,1.03
01_ch2_cla_l1_20240701T120440112_20240701T120448112.fits,-71.6398,53.2192,-72.6323,53.2821,-72.6115,55.2016,-71.6201,55.0335,1.02
01_ch2_cla_l1_20240701T145609767_20240701T145617767.fits,80.1706,-128.053,78.9357,-128.213,78.8873,-123.901,80.1163,-123.22,0.91
01_ch2_cla_l1_20240701T174541826_20240701T174549826.fits,-79.8634,-136.574,-80.9546,-137.261,-81.0049,-132.917,-79.9084,-132.684,1.19
01_ch2_cla_l1_20240701T132333195_20240701T132341195.fits,8.1338,-128.861,6.7789,-128.876,6.7682,-127.914,8.123,-127.895,0.29
01_ch2_cla_l1_20240701T110920112_20240701T110928112.fits,60.9104,-127.022,59.6094,-127.045,59.5901,-125.268,60.8903,-125.174,0.27
01_ch2_cla_l1_20240701T190954911_20240701T191002911.fits,18.3878,-131.98,17.0337,-131.995,17.022,-130.996,18.376,-130.973,0.17
01_ch2_cla_l1_20240701T195058911_20240701T195106911.fits,-71.9133,49.0463,-72.9166,49.1222,-72.8931,51.1114,-71.891,50.9243,1.02
01_ch2_cla_l1_20240701T100123848_20240701T100131848.fits,-86.3,-141.225,-87.3158,-146.96,-87.4674,-133.099,-86.4088,-131.15,0.28
01_ch2_cla_l1_20240701T165733826_20240701T165741826.fits,65.6467,-130.082,64.3664,-130.117,64.3433,-128.089,65.6225,-127.957,0.07
01_ch2_cla_l1_20240701T115552112_20240701T115600112.fits,-79.7558,-133.013,-80.8419,-133.652,-80.8881,-129.4,-79.7973,-129.198,0.85
01_ch2_cla_l1_20240701T172821826_20240701T172829826.fits,-26.8014,-131.587,-28.0897,-131.612,-28.1014,-130.609,-26.813,-130.594,0.66
01_ch2_cla_l1_20240701T174909826_20240701T174917826.fits,-88.1951,59.9213,-89.2076,74.457,-88.785,102.951,-87.9742,77.9996,0.84
01_ch2_cla_l1_20240701T190842911_20240701T190850911.fits,21.9784,-131.932,20.6251,-131.947,20.6132,-130.927,21.9664,-130.903,0.55
01_ch2_cla_l1_20240701T152313767_20240701T152321767.fits,-1.0981,-130.072,-2.442,-130.088,-2.4527,-129.143,-1.1089,-129.127,0.02
01_ch2_cla_l1_20240701T131141195_20240701T131149195.fits,43.6364,-128.402,42.2988,-128.418,42.2849,-127.15,43.6222,-127.108,1.11
01_ch2_cla_l1_20240701T171205826_20240701T171213826.fits,22.0396,-130.852,20.6847,-130.866,20.673,-129.844,22.0278,-129.82,1.13
01_ch2_cla_l1_20240701T171437826_20240701T171445826.fits,14.4603,-130.95,13.105,-130.965,13.0937,-129.983,14.4489,-129.962,0.39
01_ch2_cla_l1_20240701T154017767_20240701T154025767.fits,-52.7419,-131.256,-53.9421,-131.313,-53.9574,-129.968,-52.7568,-129.945,1.15
01_ch2_cla_l1_20240701T095739848_20240701T095747848.fits,-74.7705,-130.128,-75.877,-130.412,-75.9075,-127.563,-74.7988,-127.475,1.01
01_ch2_cla_l1_20240701T152545767_20240701T152553767.fits,-8.7021,-130.181,-10.0338,-130.199,-10.0446,-129.254,-8.7129,-129.238,1.01
01_ch2_cla_l1_20240701T100707848_20240701T100715848.fits,-74.5948,54.4797,-75.5939,54.5654,-75.569,56.8964,-74.5715,56.6572,1.19
01_ch2_cla_l1_20240701T165725826_20240701T165733826.fits,66.0492,-130.068,64.77,-130.104,64.7466,-128.049,66.0246,-127.914,0.33
01_ch2_cla_l1_20240701T133549195_20240701T133557196.fits,-28.7548,-129.436,-30.037,-129.461,-30.0484,-128.446,-28.766,-128.432,0.86
01_ch2_cla_l1_20240701T172957826_20240701T173005826.fits,-31.6445,-131.691,-32.9182,-131.719,-32.9303,-130.683,-31.6564,-130.667,0.7
01_ch2_cla_l1_20240701T174853826_20240701T174901826.fits,-88.6386,95.2396,-89.3734,81.7376,-89.6418,158.213,-88.9729,122.117,0.49
01_ch2_cla_l1_20240701T093803848_20240701T093811848.fits,-14.9592,-127.003,-16.2793,-127.022,-16.2897,-126.065,-14.9695,-126.05,0.22
01_ch2_cla_l1_20240701T190418911_20240701T190426911.fits,35.1483,-131.752,33.805,-131.767,33.7918,-130.631,35.1349,-130.598,0.98
01_ch2_cla_l1_20240701T132613196_20240701T132621195.fits,0.1463,-128.966,-1.2003,-128.982,-1.2109,-128.035,0.1357,-128.019,0.37
01_ch2_cla_l1_20240701T151329767_20240701T151337767.fits,28.034,-129.693,26.68,-129.707,26.6679,-128.638,28.0219,-128.611,0.14
01_ch2_cla_l1_20240701T115624112_20240701T115632112.fits,-81.4069,-134.037,-82.4843,-134.956,-82.54,-129.834,-81.4558,-129.541,0.71
01_ch2_cla_l1_20240701T193434911_20240701T193442911.fits,-56.0867,-133.648,-57.2763,-133.717,-57.2935,-132.272,-56.1035,-132.245,1.04
01_ch2_cla_l1_20240701T191610911_20240701T191618911.fits,-0.3804,-132.236,-1.7231,-132.253,-1.7343,-131.309,-0.3916,-131.292,0.97
01_ch2_cla_l1_20240701T190002911_20240701T190010911.fits,47.9407,-131.552,46.618,-131.57,46.6024,-130.228,47.9247,-130.177,0.3
01_ch2_cla_l1_20240701T154825767_20240701T154833767.fits,-77.7951,-134.454,-78.8942,-134.916,-78.9346,-131.339,-77.832,-131.186,0.43
01_ch2_cla_l1_20240701T184306911_20240701T184314911.fits,81.824,41.2146,80.6726,42.1368,80.727,46.7607,81.8861,46.4975,0.05
01_ch2_cla_l1_20240701T145201767_20240701T145209767.fits,88.117,17.4097,87.0506,30.2107,87.2259,45.4805,88.406,41.596,0.21
01_ch2_cla_l1_20240701T174149826_20240701T174157826.fits,-67.9136,-133.492,-69.0557,-133.64,-69.0794,-131.593,-67.9362,-131.541,0.78
01_ch2_cla_l1_20240701T135309196_20240701T135317196.fits,-81.885,-135.588,-82.9613,-136.64,-83.022,-131.17,-81.9378,-130.828,1.17
01_ch2_cla_l1_20240701T151457767_20240701T151505767.fits,23.6472,-129.75,22.2907,-129.764,22.2791,-128.729,23.6355,-128.704,0.18
01_ch2_cla_l1_20240701T120048112_20240701T120056112.fits,-83.752,55.143,-84.7838,55.7102,-84.7106,62.4063,-83.691,60.7436,0.48
01_ch2_cla_l1_20240701T132325195_20240701T132333195.fits,8.5328,-128.856,7.1776,-128.871,7.1669,-127.907,8.5221,-127.889,0.4
01_ch2_cla_l1_20240701T164757826_20240701T164805826.fits,86.2209,33.6373,85.077,37.4332,85.1807,46.4191,86.3572,45.3824,1.0
01_ch2_cla_l1_20240701T194202911_20240701T194210911.fits,-79.0953,-137.364,-80.1919,-137.968,-80.2399,-133.93,-79.1387,-133.719,0.19
01_ch2_cla_l1_20240701T114856112_20240701T114904112.fits,-58.3505,-129.333,-59.526,-129.406,-59.5424,-127.895,-58.3664,-127.869,0.55
01_ch2_cla_l1_20240701T153001767_20240701T153009767.fits,-21.5482,-130.391,-22.8512,-130.414,-22.8623,-129.437,-21.5593,-129.422,0.47
01_ch2_cla_l1_20240701T192106911_20240701T192114911.fits,-15.2026,-132.465,-16.5198,-132.486,-16.5312,-131.531,-15.214,-131.516,0.3
01_ch2_cla_l1_20240701T125021196_20240701T125029196.fits,72.7745,48.5799,71.6468,48.7892,71.6718,51.0665,72.8012,51.0067,0.13
01_ch2_cla_l1_20240701T111424112_20240701T111432112.fits,45.6966,-127.294,44.3605,-127.31,44.3463,-126.0,45.6821,-125.955,0.57
01_ch2_cla_l1_20240701T155129767_20240701T155137767.fits,-87.2066,-150.211,-88.1692,-161.885,-88.4152,-141.518,-87.3618,-136.804,0.38
01_ch2_cla_l1_20240701T185634911_20240701T185642911.fits,58.3628,-131.341,57.0645,-131.366,57.0454,-129.717,58.343,-129.634,0.77
01_ch2_cla_l1_20240701T155657767_20240701T155705767.fits,-74.476,51.3143,-75.4825,51.4075,-75.456,53.7517,-74.4513,53.5046,0.62
01_ch2_cla_l1_20240701T112952112_20240701T113000112.fits,-0.5797,-127.887,-1.9264,-127.903,-1.9368,-126.955,-0.5901,-126.939,0.77
01_ch2_cla_l1_20240701T170349826_20240701T170357826.fits,46.794,-130.503,45.4667,-130.52,45.4518,-129.199,46.7786,-129.15,1.09
01_ch2_cla_l1_20240701T092515848_20240701T092523848.fits,23.3894,-126.501,22.0272,-126.515,22.016,-125.475,23.3781,-125.451,0.44
01_ch2_cla_l1_20240701T105944112_20240701T105952112.fits,89.1561,-111.724,88.7579,-116.773,88.4083,-87.2732,89.7751,-41.8127,0.02
01_ch2_cla_l1_20240701T112248112_20240701T112256112.fits,20.5677,-127.62,19.2069,-127.634,19.1957,-126.615,20.5565,-126.592,0.95
01_ch2_cla_l1_20240701T091539848_20240701T091547848.fits,52.1174,-126.117,50.7922,-126.134,50.7766,-124.671,52.1013,-124.612,0.57
01_ch2_cla_l1_20240701T091907848_20240701T091915848.fits,41.7291,-126.271,40.3838,-126.285,40.3705,-125.044,41.7156,-125.004,1.02
01_ch2_cla_l1_20240701T135749195_20240701T135757195.fits,-82.4374,53.6386,-83.4675,54.0278,-83.408,59.3826,-82.3861,58.2651,0.48
01_ch2_cla_l1_20240701T185554911_20240701T185602911.fits,60.371,-131.29,59.078,-131.318,59.0579,-129.585,60.3501,-129.491,0.31
01_ch2_cla_l1_20240701T194618911_20240701T194626911.fits,-86.4907,53.8478,-87.5357,56.3557,-87.3658,70.2091,-86.3696,63.8862,0.82
01_ch2_cla_l1_20240701T144745767_20240701T144753767.fits,75.256,46.8618,74.1209,47.1492,74.1507,49.8017,75.288,49.7199,0.78
01_ch2_cla_l1_20240701T173525826_20240701T173533826.fits,-48.2719,-132.176,-49.4893,-132.224,-49.5038,-130.976,-48.286,-130.956,0.55
01_ch2_cla_l1_20240701T111640112_20240701T111648112.fits,38.9088,-127.389,37.5617,-127.404,37.5488,-126.208,38.8956,-126.172,0.56
01_ch2_cla_l1_20240701T164637826_20240701T164645826.fits,82.1979,42.0436,81.0438,43.0383,81.0993,47.8754,82.2618,47.6042,0.84
01_ch2_cla_l1_20240701T183946911_20240701T183954911.fits,71.566,45.4384,70.4476,45.6279,70.4723,47.7403,71.5923,47.6796,0.34
01_ch2_cla_l1_20240701T135917195_20240701T135925195.fits,-77.851,52.7085,-78.866,52.8541,-78.8318,55.9407,-77.8197,55.5342,0.96
01_ch2_cla_l1_20240701T133157195_20240701T133205195.fits,-17.0798,-129.221,-18.3938,-129.242,-18.4046,-128.28,-17.0904,-128.265,0.97
01_ch2_cla_l1_20240701T170533826_20240701T170541826.fits,41.5964,-130.585,40.26,-130.6,40.246,-129.373,41.5822,-129.333,0.6
01_ch2_cla_l1_20240701T155113767_20240701T155121767.fits,-86.4145,-145.601,-87.428,-152.072,-87.5978,-137.474,-86.5347,-135.104,0.06
01_ch2_cla_l1_20240701T150841767_20240701T150849767.fits,42.4025,-129.498,41.0652,-129.513,41.0513,-128.27,42.3883,-128.229,0.88
01_ch2_cla_l1_20240701T185754911_20240701T185802911.fits,54.3504,-131.43,53.0421,-131.452,53.0246,-129.943,54.3324,-129.876,0.29
01_ch2_cla_l1_20240701T093931848_20240701T093939848.fits,-19.3776,-127.074,-20.6867,-127.095,-20.6972,-126.125,-19.388,-126.111,0.19
01_ch2_cla_l1_20240701T191946911_20240701T191954911.fits,-11.1905,-132.399,-12.5162,-132.419,-12.5274,-131.472,-11.2017,-131.456,0.84
01_ch2_cla_l1_20240701T153217767_20240701T153225767.fits,-28.3976,-130.524,-29.6812,-130.55,-29.6927,-129.537,-28.4091,-129.522,0.96
01_ch2_cla_l1_20240701T190130911_20240701T190138911.fits,43.5397,-131.625,42.2086,-131.642,42.1941,-130.386,43.5248,-130.342,0.08
01_ch2_cla_l1_20240701T092147848_20240701T092155848.fits,33.7515,-126.375,32.396,-126.388,32.3838,-125.255,33.7392,-125.224,0.63
01_ch2_cla_l1_20240701T191722911_20240701T191730911.fits,-3.9805,-132.288,-5.3184,-132.306,-5.3296,-131.364,-3.9917,-131.348,0.44
01_ch2_cla_l1_20240701T112432112_20240701T112440112.fits,15.3852,-127.684,14.0248,-127.698,14.014,-126.707,15.3743,-126.686,0.72
01_ch2_cla_l1_20240701T095451848_20240701T095459848.fits,-66.1151,-128.815,-67.258,-128.935,-67.2782,-127.041,-66.1345,-127.002,0.13
01_ch2_cla_l1_20240701T094243848_20240701T094251848.fits,-29.0445,-127.251,-30.3258,-127.276,-30.3369,-126.259,-29.0555,-126.245,0.67
01_ch2_cla_l1_20240701T132053196_20240701T132101196.fits,16.1125,-128.76,14.7537,-128.775,14.7426,-127.782,16.1014,-127.761,0.44
01_ch2_cla_l1_20240701T164557826_20240701T164605826.fits,80.1589,43.6626,79.0094,44.3006,79.0542,48.2053,80.209,48.0283,0.87
01_ch2_cla_l1_20240701T150409767_20240701T150417767.fits,56.0084,-129.266,54.6994,-129.287,54.6819,-127.716,55.9903,-127.644,0.64
01_ch2_cla_l1_20240701T114736112_20240701T114744112.fits,-54.259,-129.115,-55.4508,-129.174,-55.4659,-127.793,-54.2736,-127.771,0.27
01_ch2_cla_l1_20240701T114104112_20240701T114112112.fits,-34.3363,-128.462,-35.6006,-128.49,-35.6122,-127.433,-34.3477,-127.418,0.33
01_ch2_cla_l1_20240701T133405195_20240701T133413195.fits,-23.5143,-129.334,-24.8119,-129.357,-24.8229,-128.371,-23.5252,-128.356,1.09
01_ch2_cla_l1_20240701T100851848_20240701T100859848.fits,-69.1462,54.1518,-70.1284,54.2001,-70.1107,55.854,-69.1294,55.7268,0.28
01_ch2_cla_l1_20240701T134429196_20240701T134437196.fits,-55.1498,-130.265,-56.3393,-130.328,-56.3549,-128.919,-55.165,-128.895,0.91
01_ch2_cla_l1_20240701T173741826_20240701T173749826.fits,-55.2059,-132.486,-56.3977,-132.551,-56.4142,-131.136,-55.2219,-131.111,0.87
01_ch2_cla_l1_20240701T192258911_20240701T192306911.fits,-20.8281,-132.565,-22.1324,-132.588,-22.144,-131.615,-20.8397,-131.599,0.61
01_ch2_cla_l1_20240701T185426911_20240701T185434911.fits,64.7938,-131.161,63.5133,-131.196,63.4904,-129.228,64.7699,-129.104,1.19
01_ch2_cla_l1_20240701T144521767_20240701T144529767.fits,67.837,48.2558,66.7296,48.3842,66.7494,50.143,67.8578,50.1018,0.62
01_ch2_cla_l1_20240701T110304112_20240701T110312112.fits,79.8413,-126.055,78.6007,-126.191,78.5549,-121.974,79.7901,-121.341,1.15
01_ch2_cla_l1_20240701T110536112_20240701T110544112.fits,72.1704,-126.657,70.9034,-126.707,70.8748,-124.069,72.1399,-123.843,1.17
01_ch2_cla_l1_20240701T154609767_20240701T154617767.fits,-70.7852,-132.756,-71.914,-132.945,-71.9401,-130.633,-70.8099,-130.569,0.21
01_ch2_cla_l1_20240701T165541826_20240701T165549826.fits,71.2866,-129.852,70.0237,-129.906,69.9951,-127.393,71.2561,-127.181,0.58
01_ch2_cla_l1_20240701T152721767_20240701T152729767.fits,-13.5131,-130.255,-14.8351,-130.275,-14.8459,-129.322,-13.5239,-129.307,0.89
01_ch2_cla_l1_20240701T090043848_20240701T090051848.fits,83.7733,44.7821,82.6094,46.2521,82.6734,52.224,83.8495,51.882,0.77
01_ch2_cla_l1_20240701T153953767_20240701T154001767.fits,-51.518,-131.202,-52.7226,-131.256,-52.7375,-129.94,-51.5325,-129.919,0.12
01_ch2_cla_l1_20240701T193626911_20240701T193634911.fits,-61.8169,-134.027,-62.9842,-134.123,-63.0042,-132.454,-61.8361,-132.418,0.7
01_ch2_cla_l1_20240701T091651848_20240701T091659848.fits,48.5188,-126.174,47.1859,-126.19,47.1712,-124.817,48.5037,-124.767,0.52
01_ch2_cla_l1_20240701T184058911_20240701T184106911.fits,75.2717,44.5836,74.14,44.8787,74.171,47.5214,75.3051,47.4313,1.14
01_ch2_cla_l1_20240701T125037195_20240701T125045195.fits,73.5977,48.4036,72.4669,48.6342,72.4933,51.026,73.6259,50.9608,0.42
01_ch2_cla_l1_20240701T125605195_20240701T125613195.fits,89.7592,-48.5624,88.8775,-61.9543,88.9176,-19.9227,89.2167,34.1882,0.57
01_ch2_cla_l1_20240701T145833767_20240701T145841767.fits,72.8972,-128.722,71.6373,-128.781,71.6068,-126.066,72.8647,-125.818,0.58
01_ch2_cla_l1_20240701T194330911_20240701T194338911.fits,-83.6218,-141.159,-84.69,-143.018,-84.7765,-135.779,-83.6939,-135.115,1.12
01_ch2_cla_l1_20240701T115808112_20240701T115816112.fits,-86.7242,-144.462,-87.7225,-152.199,-87.9067,-135.845,-86.8499,-133.07,0.04
01_ch2_cla_l1_20240701T131333195_20240701T131341195.fits,38.0462,-128.481,36.7001,-128.495,36.6871,-127.315,38.0329,-127.28,0.53
01_ch2_cla_l1_20240701T113920112_20240701T113928112.fits,-29.0827,-128.347,-30.3641,-128.372,-30.3753,-127.355,-29.0938,-127.341,0.69
01_ch2_cla_l1_20240701T125813195_20240701T125821195.fits,84.2432,-126.035,83.0213,-126.438,82.9476,-119.771,84.1543,-118.006,0.65
01_ch2_cla_l1_20240701T115440112_20240701T115448112.fits,-76.0391,-131.589,-77.142,-131.93,-77.1758,-128.821,-76.0704,-128.712,0.35
01_ch2_cla_l1_20240701T171821826_20240701T171829826.fits,3.2822,-131.098,1.934,-131.115,1.923,-130.166,3.2711,-130.148,0.25
01_ch2_cla_l1_20240701T145017767_20240701T145025767.fits,83.0258,42.3001,81.8685,43.5168,81.9289,48.8804,83.0963,48.5631,0.81
01_ch2_cla_l1_20240701T095859848_20240701T095907848.fits,-78.9012,-131.454,-79.9893,-131.988,-80.031,-128.088,-78.9389,-127.922,0.22
01_ch2_cla_l1_20240701T172205826_20240701T172213826.fits,-7.918,-131.259,-9.2504,-131.277,-9.2614,-130.333,-7.929,-130.317,0.2
01_ch2_cla_l1_20240701T172437826_20240701T172445826.fits,-15.5372,-131.38,-16.8542,-131.4,-16.8654,-130.444,-15.5483,-130.428,0.86
01_ch2_cla_l1_20240701T100459848_20240701T100507848.fits,-81.2795,55.3677,-82.3011,55.6367,-82.253,60.126,-81.2372,59.3283,0.69
01_ch2_cla_l1_20240701T165909826_20240701T165917826.fits,60.8223,-130.222,59.5283,-130.248,59.5083,-128.49,60.8015,-128.395,0.17
01_ch2_cla_l1_20240701T151313767_20240701T151321767.fits,28.8319,-129.683,27.4784,-129.697,27.4662,-128.621,28.8197,-128.594,0.74
01_ch2_cla_l1_20240701T174733826_20240701T174741826.fits,-85.6089,-143.979,-86.6477,-148.122,-86.7805,-136.832,-85.7097,-135.336,0.95
01_ch2_cla_l1_20240701T132141195_20240701T132149195.fits,13.7196,-128.79,12.3613,-128.805,12.3504,-127.823,13.7086,-127.803,1.17
01_ch2_cla_l1_20240701T135957196_20240701T140005196.fits,-75.7621,52.4756,-76.7703,52.582,-76.7418,55.1564,-75.7357,54.8654,0.82
01_ch2_cla_l1_20240701T193842911_20240701T193850911.fits,-68.7966,-134.739,-69.9366,-134.902,-69.962,-132.775,-68.8207,-132.716,1.12
01_ch2_cla_l1_20240701T175157826_20240701T175205826.fits,-79.4839,50.9117,-80.5092,51.1232,-80.4667,54.8001,-79.4456,54.2278,0.57
01_ch2_cla_l1_20240701T085643848_20240701T085651848.fits,71.4938,51.0551,70.3678,51.2339,70.3905,53.3621,71.5179,53.3127,0.95
01_ch2_cla_l1_20240701T173917826_20240701T173925826.fits,-60.1154,-132.781,-61.2883,-132.866,-61.3067,-131.276,-60.1332,-131.245,1.05
01_ch2_cla_l1_20240701T191658911_20240701T191706911.fits,-2.7801,-132.27,-4.1198,-132.288,-4.131,-131.346,-2.7913,-131.329,0.65
01_ch2_cla_l1_20240701T105336112_20240701T105344112.fits,72.3208,49.7885,71.1932,49.9858,71.2173,52.2094,72.3464,52.1541,1.04
01_ch2_cla_l1_20240701T105504112_20240701T105512112.fits,76.8423,48.6267,75.698,48.9801,75.7304,51.9598,76.8775,51.8673,0.26
01_ch2_cla_l1_20240701T170341826_20240701T170349826.fits,47.194,-130.496,45.8677,-130.514,45.8526,-129.184,47.1785,-129.135,0.47
01_ch2_cla_l1_20240701T130005195_20240701T130013195.fits,78.5763,-127.239,77.3335,-127.354,77.2915,-123.54,78.5299,-123.026,1.07
01_ch2_cla_l1_20240701T130637195_20240701T130645195.fits,58.8465,-128.137,57.5423,-128.16,57.5237,-126.478,58.8273,-126.395,0.01
01_ch2_cla_l1_20240701T153009767_20240701T153017767.fits,-21.9509,-130.399,-23.2525,-130.421,-23.2637,-129.443,-21.962,-129.428,0.44
01_ch2_cla_l1_20240701T155121767_20240701T155129767.fits,-86.8131,-147.621,-87.8064,-156.15,-88.0076,-139.082,-86.9485,-135.84,0.14
01_ch2_cla_l1_20240701T194026911_20240701T194034911.fits,-74.1484,-135.686,-75.2667,-135.972,-75.2998,-133.188,-74.1793,-133.088,0.62
01_ch2_cla_l1_20240701T111032112_20240701T111040112.fits,57.3009,-127.098,55.9904,-127.119,55.9728,-125.493,57.2826,-125.417,0.2
01_ch2_cla_l1_20240701T192322911_20240701T192330911.fits,-22.0351,-132.588,-23.3361,-132.611,-23.3478,-131.633,-22.0467,-131.617,1.19
01_ch2_cla_l1_20240701T193530911_20240701T193538911.fits,-58.9497,-133.821,-60.1284,-133.902,-60.1468,-132.357,-58.9676,-132.326,0.77
01_ch2_cla_l1_20240701T091547848_20240701T091555848.fits,51.7175,-126.124,50.3911,-126.141,50.3756,-124.688,51.7016,-124.631,1.16
01_ch2_cla_l1_20240701T175237826_20240701T175245826.fits,-77.3986,50.5901,-78.417,50.7371,-78.3825,53.7241,-77.3669,53.3334,0.69
01_ch2_cla_l1_20240701T175405826_20240701T175413826.fits,-72.8027,50.1419,-73.8065,50.2215,-73.7823,52.3185,-72.7799,52.1152,1.07
01_ch2_cla_l1_20240701T150617767_20240701T150625767.fits,49.5998,-129.384,48.276,-129.402,48.2605,-128.015,49.5839,-127.961,0.5
01_ch2_cla_l1_20240701T165357826_20240701T165405826.fits,76.5355,-129.5,75.29,-129.595,75.2523,-126.289,76.4944,-125.902,0.27
01_ch2_cla_l1_20240701T135741195_20240701T135749195.fits,-82.8536,53.7797,-83.8852,54.2184,-83.8216,59.945,-82.7993,58.6827,1.15
01_ch2_cla_l1_20240701T173133826_20240701T173141826.fits,-36.4973,-131.808,-37.7559,-131.84,-37.7685,-130.761,-36.5097,-130.744,1.18
01_ch2_cla_l1_20240701T130557195_20240701T130605195.fits,60.8527,-128.092,59.5541,-128.116,59.5346,-126.346,60.8325,-126.253,0.17
01_ch2_cla_l1_20240701T111816112_20240701T111824112.fits,34.1216,-127.452,32.7686,-127.466,32.7562,-126.331,34.109,-126.3,0.68
01_ch2_cla_l1_20240701T112240112_20240701T112248112.fits,20.9661,-127.616,19.6054,-127.629,19.5943,-126.608,20.9549,-126.585,0.71
01_ch2_cla_l1_20240701T085827848_20240701T085835848.fits,76.8382,49.7528,75.692,50.1032,75.7239,53.0892,76.873,53.0005,0.76
01_ch2_cla_l1_20240701T144513767_20240701T144521767.fits,67.4237,48.3074,66.3179,48.4309,66.3372,50.1565,67.444,50.1169,1.15
01_ch2_cla_l1_20240701T152713767_20240701T152721767.fits,-13.1119,-130.249,-14.4347,-130.268,-14.4455,-129.317,-13.1227,-129.302,0.49
01_ch2_cla_l1_20240701T095923848_20240701T095931848.fits,-80.1406,-132.065,-81.2231,-132.747,-81.2701,-128.337,-80.1827,-128.125,0.2
01_ch2_cla_l1_20240701T154417767_20240701T154425767.fits,-65.0266,-132.058,-66.1787,-132.174,-66.1994,-130.337,-65.0465,-130.297,0.02
01_ch2_cla_l1_20240701T171605826_20240701T171613826.fits,10.0707,-131.008,8.7173,-131.023,8.7062,-130.057,10.0595,-130.038,0.17
01_ch2_cla_l1_20240701T171037826_20240701T171045826.fits,26.4275,-130.794,25.0741,-130.809,25.0621,-129.755,26.4153,-129.729,0.01
01_ch2_cla_l1_20240701T165333826_20240701T165341826.fits,77.7485,-129.381,76.5073,-129.493,76.4664,-125.915,77.7036,-125.456,1.04
01_ch2_cla_l1_20240701T100523848_20240701T100531848.fits,-80.0282,55.1162,-81.0453,55.3202,-81.0043,59.1604,-79.9914,58.5611,1.09
01_ch2_cla_l1_20240701T115152112_20240701T115200112.fits,-67.382,-130.063,-68.5213,-130.197,-68.5429,-128.208,-67.4027,-128.164,0.63
01_ch2_cla_l1_20240701T113912112_20240701T113920112.fits,-28.6794,-128.339,-29.9616,-128.364,-29.9728,-127.349,-28.6904,-127.335,0.93
01_ch2_cla_l1_20240701T134205195_20240701T134213195.fits,-47.8055,-129.95,-49.0229,-129.996,-49.0367,-128.76,-47.8189,-128.741,0.43
01_ch2_cla_l1_20240701T125821195_20240701T125829195.fits,83.8381,-126.192,82.6146,-126.548,82.5447,-120.229,83.7547,-118.662,1.04
01_ch2_cla_l1_20240701T171813826_20240701T171821826.fits,3.6816,-131.093,2.3332,-131.109,2.3222,-130.159,3.6706,-130.142,0.5
01_ch2_cla_l1_20240701T185730911_20240701T185738911.fits,55.5536,-131.405,54.2483,-131.428,54.2303,-129.88,55.5351,-129.809,0.53
01_ch2_cla_l1_20240701T120040112_20240701T120048112.fits,-84.1678,55.3443,-85.201,56.0025,-85.1215,63.2803,-84.1023,61.3497,0.82
01_ch2_cla_l1_20240701T184122911_20240701T184130911.fits,76.5044,44.1979,75.3683,44.5481,75.4021,47.4273,76.5411,47.3221,0.93
01_ch2_cla_l1_20240701T145209767_20240701T145217767.fits,88.442,9.1023,87.4279,27.0099,87.6314,44.596,88.8081,38.5215,0.04
01_ch2_cla_l1_20240701T174141826_20240701T174149826.fits,-67.5024,-133.443,-68.6462,-133.586,-68.6695,-131.572,-67.5247,-131.522,0.99
01_ch2_cla_l1_20240701T135301196_20240701T135309196.fits,-81.4725,-135.258,-82.5515,-136.206,-82.6089,-131.023,-81.5229,-130.715,0.98
01_ch2_cla_l1_20240701T152905767_20240701T152913767.fits,-18.7335,-130.342,-20.0433,-130.363,-20.0543,-129.397,-18.7444,-129.382,0.53
01_ch2_cla_l1_20240701T095747848_20240701T095755848.fits,-75.1834,-130.228,-76.2881,-130.527,-76.3194,-127.602,-75.2124,-127.509,1.17
01_ch2_cla_l1_20240701T115232112_20240701T115240112.fits,-69.4404,-130.313,-70.5712,-130.474,-70.5947,-128.31,-69.4627,-128.258,1.0
01_ch2_cla_l1_20240701T190226911_20240701T190234911.fits,40.7413,-131.669,39.4057,-131.686,39.3916,-130.474,40.727,-130.435,0.22
01_ch2_cla_l1_20240701T092251848_20240701T092259848.fits,30.5623,-126.414,29.204,-126.427,29.1922,-125.328,30.5504,-125.3,0.72
01_ch2_cla_l1_20240701T151321767_20240701T151329767.fits,28.4331,-129.688,27.0789,-129.702,27.0669,-128.63,28.4209,-128.602,0.34
01_ch2_cla_l1_20240701T093443848_20240701T093451848.fits,-4.9416,-126.857,-6.2824,-126.873,-6.2927,-125.927,-4.9519,-125.911,0.65
01_ch2_cla_l1_20240701T120536112_20240701T120541335.fits,-68.8504,53.0723,-69.6882,53.1135,-69.6705,54.7371,-68.8334,54.6315,0.83
01_ch2_cla_l1_20240701T113704112_20240701T113712112.fits,-22.2315,-128.216,-23.5328,-128.238,-23.5435,-127.258,-22.2421,-127.244,0.28
01_ch2_cla_l1_20240701T105352112_20240701T105400112.fits,73.1442,49.6227,72.0135,49.8394,72.0388,52.1722,73.1712,52.1123,0.07
01_ch2_cla_l1_20240701T113136112_20240701T113144112.fits,-5.7791,-127.958,-7.1176,-127.975,-7.128,-127.03,-5.7895,-127.015,0.36
01_ch2_cla_l1_20240701T132853195_20240701T132901195.fits,-7.855,-129.078,-9.1889,-129.096,-9.1995,-128.15,-7.8655,-128.135,0.57
01_ch2_cla_l1_20240701T152057767_20240701T152105767.fits,5.6947,-129.98,4.343,-129.995,4.3322,-129.04,5.6838,-129.022,0.23
01_ch2_cla_l1_20240701T115800112_20240701T115808112.fits,-86.3237,-142.599,-87.3394,-148.505,-87.4958,-134.475,-86.4356,-132.425,0.59
01_ch2_cla_l1_20240701T095315848_20240701T095323848.fits,-61.1856,-128.407,-62.3484,-128.492,-62.3657,-126.869,-61.2023,-126.841,1.2
01_ch2_cla_l1_20240701T113928112_20240701T113936112.fits,-29.4865,-128.355,-30.7665,-128.381,-30.7777,-127.361,-29.4976,-127.347,0.23
01_ch2_cla_l1_20240701T193402911_20240701T193410911.fits,-54.4525,-133.56,-55.6481,-133.624,-55.6649,-132.228,-54.4688,-132.203,0.48
01_ch2_cla_l1_20240701T192210911_20240701T192218911.fits,-18.4159,-132.521,-19.7259,-132.543,-19.7374,-131.579,-18.4273,-131.563,0.31
01_ch2_cla_l1_20240701T190034911_20240701T190042911.fits,46.3396,-131.579,45.0139,-131.597,44.9987,-130.288,46.3241,-130.24,1.19
01_ch2_cla_l1_20240701T154601767_20240701T154609767.fits,-70.3734,-132.693,-71.5038,-132.875,-71.5295,-130.606,-70.3977,-130.545,1.11
01_ch2_cla_l1_20240701T165549826_20240701T165557826.fits,70.8833,-129.872,69.6193,-129.924,69.5911,-127.454,70.8534,-127.251,0.4
01_ch2_cla_l1_20240701T152729767_20240701T152737767.fits,-13.9144,-130.262,-15.2356,-130.281,-15.2464,-129.328,-13.9252,-129.313,0.48
01_ch2_cla_l1_20240701T090819848_20240701T090827848.fits,74.2024,-125.496,72.9398,-125.555,72.9085,-122.63,74.1687,-122.349,0.97
01_ch2_cla_l1_20240701T120224112_20240701T120232112.fits,-78.7503,53.8715,-79.7658,54.0359,-79.7293,57.3923,-78.7171,56.9216,0.11
01_ch2_cla_l1_20240701T132149195_20240701T132157195.fits,13.3206,-128.795,11.9626,-128.81,11.9517,-127.829,13.3097,-127.81,0.22
01_ch2_cla_l1_20240701T193018911_20240701T193026911.fits,-43.0509,-133.099,-44.2879,-133.139,-44.3018,-131.978,-43.0645,-131.959,0.06
01_ch2_cla_l1_20240701T174325826_20240701T174333826.fits,-72.8533,-134.256,-73.9754,-134.496,-74.0052,-131.919,-72.8813,-131.837,0.48
01_ch2_cla_l1_20240701T093835848_20240701T093843848.fits,-16.565,-127.028,-17.8814,-127.048,-17.8918,-126.087,-16.5753,-126.073,0.39
01_ch2_cla_l1_20240701T165901826_20240701T165909826.fits,61.224,-130.212,59.931,-130.239,59.9108,-128.461,61.203,-128.363,0.11
01_ch2_cla_l1_20240701T135117196_20240701T135125196.fits,-76.1073,-132.747,-77.2116,-133.098,-77.2464,-129.963,-76.1393,-129.85,0.01
01_ch2_cla_l1_20240701T151145767_20240701T151153767.fits,33.2199,-129.626,31.8702,-129.64,31.8576,-128.52,33.2072,-128.49,0.0
01_ch2_cla_l1_20240701T115448112_20240701T115456112.fits,-76.4519,-131.709,-77.5533,-132.072,-77.5881,-128.869,-76.484,-128.754,0.3
01_ch2_cla_l1_20240701T171829826_20240701T171837826.fits,2.8825,-131.104,1.5351,-131.12,1.5242,-130.172,2.8715,-130.154,0.64
01_ch2_cla_l1_20240701T150849767_20240701T150857767.fits,42.003,-129.503,40.6651,-129.519,40.6513,-128.282,41.9889,-128.242,0.25
01_ch2_cla_l1_20240701T170125826_20240701T170133826.fits,54.0013,-130.374,52.6897,-130.395,52.6726,-128.893,53.9837,-128.827,0.06
01_ch2_cla_l1_20240701T130757195_20240701T130805195.fits,54.8375,-128.219,53.5233,-128.238,53.5064,-126.702,54.8201,-126.634,0.76
01_ch2_cla_l1_20240701T095811848_20240701T095819848.fits,-76.4224,-130.563,-77.5217,-130.919,-77.5558,-127.733,-76.4538,-127.623,0.53
01_ch2_cla_l1_20240701T125013196_20240701T125021196.fits,72.3626,48.6621,71.2365,48.8621,71.2611,51.086,72.3887,51.0282,0.16
01_ch2_cla_l1_20240701T092139848_20240701T092147848.fits,34.1501,-126.37,32.795,-126.383,32.7828,-125.245,34.1378,-125.214,0.32
01_ch2_cla_l1_20240701T111648112_20240701T111656112.fits,38.5098,-127.395,37.162,-127.409,37.1491,-126.219,38.4967,-126.183,0.79
01_ch2_cla_l1_20240701T155345767_20240701T155353767.fits,-84.4816,53.5631,-85.5203,54.3644,-85.431,62.2119,-84.4091,59.9615,0.41
01_ch2_cla_l1_20240701T194154911_20240701T194202911.fits,-78.6831,-137.169,-79.7815,-137.729,-79.8278,-133.842,-78.725,-133.646,0.94
01_ch2_cla_l1_20240701T192914911_20240701T192922911.fits,-39.8049,-132.999,-41.0528,-133.036,-41.0662,-131.918,-39.818,-131.901,0.19
01_ch2_cla_l1_20240701T100411848_20240701T100419848.fits,-83.7793,56.161,-84.8089,56.7142,-84.737,63.4167,-83.7192,61.7635,0.6
01_ch2_cla_l1_20240701T185218911_20240701T185226911.fits,71.2405,-130.893,69.9799,-130.949,69.9507,-128.448,71.2096,-128.235,1.07
01_ch2_cla_l1_20240701T133845195_20240701T133853195.fits,-37.6504,-129.64,-38.9042,-129.673,-38.9164,-128.582,-37.6624,-128.566,0.63
01_ch2_cla_l1_20240701T125837196_20240701T125845196.fits,83.0279,-126.452,81.8013,-126.737,81.738,-121.01,82.9538,-119.752,0.51
01_ch2_cla_l1_20240701T173749826_20240701T173757826.fits,-55.6146,-132.508,-56.8048,-132.574,-56.8214,-131.146,-55.6307,-131.121,0.29
01_ch2_cla_l1_20240701T091115848_20240701T091123848.fits,65.3468,-125.841,64.056,-125.87,64.0342,-123.839,65.324,-123.714,0.26
01_ch2_cla_l1_20240701T144529767_20240701T144537767.fits,68.2502,48.2024,67.1413,48.3356,67.1614,50.1287,68.2714,50.0864,1.18
01_ch2_cla_l1_20240701T184010911_20240701T184018911.fits,72.8024,45.1933,71.6795,45.4107,71.706,47.6759,72.8307,47.6075,0.99
01_ch2_cla_l1_20240701T191938911_20240701T191946911.fits,-10.7897,-132.393,-12.1159,-132.413,-12.1271,-131.466,-10.8009,-131.45,0.78
01_ch2_cla_l1_20240701T185602911_20240701T185610911.fits,59.9692,-131.301,58.6752,-131.328,58.6552,-129.613,59.9485,-129.521,0.55
01_ch2_cla_l1_20240701T135525195_20240701T135533195.fits,-88.9851,161.094,-89.0438,137.027,-89.6802,128.582,-88.626,-172.779,0.49
01_ch2_cla_l1_20240701T112024112_20240701T112032112.fits,27.7423,-127.532,26.3839,-127.546,26.3722,-126.475,27.7305,-126.448,0.87
01_ch2_cla_l1_20240701T184354911_20240701T184402911.fits,84.2567,38.0068,83.1039,39.7972,83.1784,46.1255,84.3464,45.621,0.38
01_ch2_cla_l1_20240701T191506911_20240701T191514911.fits,2.8176,-132.19,1.4713,-132.207,1.4601,-131.26,2.8063,-131.242,0.36
01_ch2_cla_l1_20240701T150401767_20240701T150409767.fits,56.4092,-129.258,55.1014,-129.279,55.0837,-127.695,56.391,-127.621,0.99
01_ch2_cla_l1_20240701T194234911_20240701T194242911.fits,-80.7438,-138.316,-81.832,-139.163,-81.8891,-134.367,-80.7943,-134.07,0.7
01_ch2_cla_l1_20240701T183938911_20240701T183946911.fits,71.1536,45.5132,70.0367,45.6948,70.0609,47.7604,71.1792,47.7018,1.17
01_ch2_cla_l1_20240701T133005195_20240701T133013195.fits,-11.4614,-129.132,-12.7883,-129.151,-12.7989,-128.201,-11.472,-128.186,1.1
01_ch2_cla_l1_20240701T133637195_20240701T133645195.fits,-31.1773,-129.487,-32.4522,-129.514,-32.4637,-128.482,-31.1887,-128.467,0.46
01_ch2_cla_l1_20240701T135533195_20240701T135541195.fits,-88.888,172.167,-89.4228,84.0386,-89.651,167.594,-89.3487,-157.391,0.48
01_ch2_cla_l1_20240701T173341826_20240701T173349826.fits,-42.9853,-131.993,-44.2219,-132.032,-44.2354,-130.873,-42.9986,-130.855,1.01
01_ch2_cla_l1_20240701T170917826_20240701T170925826.fits,30.4168,-130.742,29.0665,-130.756,29.0541,-129.668,30.4042,-129.639,0.18
01_ch2_cla_l1_20240701T192658911_20240701T192706911.fits,-32.9232,-132.818,-34.1935,-132.849,-34.2061,-131.801,-32.9356,-131.785,0.7
01_ch2_cla_l1_20240701T185026911_20240701T185034911.fits,76.8956,-130.483,75.6537,-130.589,75.6143,-127.216,76.8526,-126.805,1.11
01_ch2_cla_l1_20240701T191322911_20240701T191330911.fits,8.0104,-132.119,6.6597,-132.135,6.6484,-131.177,7.9991,-131.158,0.62
01_ch2_cla_l1_20240701T190530911_20240701T190538911.fits,31.5553,-131.802,30.2079,-131.818,30.1952,-130.72,31.5423,-130.69,0.51
01_ch2_cla_l1_20240701T092547848_20240701T092555848.fits,21.7955,-126.521,20.4328,-126.534,20.4218,-125.505,21.7844,-125.482,0.94
01_ch2_cla_l1_20240701T112032112_20240701T112040112.fits,27.3437,-127.537,25.9851,-127.55,25.9734,-126.483,27.3319,-126.457,0.05
01_ch2_cla_l1_20240701T094643848_20240701T094651848.fits,-41.1882,-127.538,-42.4283,-127.573,-42.4405,-126.443,-41.2002,-126.427,0.15
01_ch2_cla_l1_20240701T164157826_20240701T164205826.fits,67.8188,47.1412,66.7129,47.2709,66.733,49.0243,67.8399,48.9817,1.18
01_ch2_cla_l1_20240701T095051848_20240701T095059848.fits,-53.8147,-127.99,-55.0071,-128.047,-55.0218,-126.68,-53.829,-126.659,1.04
01_ch2_cla_l1_20240701T150009767_20240701T150017767.fits,68.0606,-128.942,66.7853,-128.981,66.7605,-126.769,68.0345,-126.612,0.2
01_ch2_cla_l1_20240701T114336112_20240701T114344112.fits,-42.0376,-128.662,-43.2754,-128.698,-43.2879,-127.556,-42.0499,-127.539,0.38
01_ch2_cla_l1_20240701T114504112_20240701T114512112.fits,-46.5099,-128.803,-47.7313,-128.845,-47.7445,-127.634,-46.5229,-127.617,0.32
01_ch2_cla_l1_20240701T094827848_20240701T094835848.fits,-46.4732,-127.701,-47.6938,-127.743,-47.7068,-126.534,-46.4859,-126.517,0.35
01_ch2_cla_l1_20240701T155513767_20240701T155521767.fits,-79.9035,52.0005,-80.9278,52.221,-80.8845,56.0583,-79.8647,55.4458,1.0
01_ch2_cla_l1_20240701T170133826_20240701T170141826.fits,53.6004,-130.382,52.2881,-130.402,52.2712,-128.912,53.583,-128.848,0.91
01_ch2_cla_l1_20240701T153617767_20240701T153625767.fits,-40.5342,-130.818,-41.7786,-130.854,-41.7914,-129.729,-40.5467,-129.712,0.43
01_ch2_cla_l1_20240701T174357826_20240701T174405826.fits,-74.5019,-134.615,-75.6171,-134.908,-75.6499,-132.071,-74.5325,-131.971,0.19
01_ch2_cla_l1_20240701T184850911_20240701T184858911.fits,81.7533,-129.73,80.5288,-129.977,80.4707,-125.021,81.6869,-124.065,0.24
01_ch2_cla_l1_20240701T111240112_20240701T111248112.fits,50.894,-127.214,49.5684,-127.23,49.5529,-125.804,50.8781,-125.748,1.11
01_ch2_cla_l1_20240701T164237826_20240701T164245826.fits,69.8841,46.8507,68.7704,47.0081,68.7926,48.9458,69.9075,48.8957,0.34
01_ch2_cla_l1_20240701T164405826_20240701T164413826.fits,74.4169,45.9539,73.2865,46.2145,73.3152,48.7197,74.4477,48.6421,0.19
01_ch2_cla_l1_20240701T135645196_20240701T135653195.fits,-85.763,55.523,-86.8021,56.9253,-86.6802,67.7671,-85.6705,63.8135,0.2
01_ch2_cla_l1_20240701T112816112_20240701T112824112.fits,4.214,-127.824,2.8614,-127.839,2.851,-126.885,4.2036,-126.868,1.09
01_ch2_cla_l1_20240701T100059848_20240701T100107848.fits,-85.0815,-137.568,-86.125,-140.572,-86.2293,-130.905,-85.1635,-129.931,0.9
01_ch2_cla_l1_20240701T172605826_20240701T172613826.fits,-19.957,-131.456,-21.2635,-131.478,-21.2748,-130.508,-19.9682,-130.493,1.19
01_ch2_cla_l1_20240701T172037826_20240701T172045826.fits,-3.5146,-131.194,-4.854,-131.211,-4.8649,-130.268,-3.5255,-130.252,0.41
01_ch2_cla_l1_20240701T120232112_20240701T120240112.fits,-78.3327,53.8131,-79.3468,53.9659,-79.3119,57.1845,-78.3009,56.7487,1.12
01_ch2_cla_l1_20240701T174333826_20240701T174341826.fits,-73.2654,-134.339,-74.3858,-134.591,-74.4163,-131.954,-73.2939,-131.868,0.36
01_ch2_cla_l1_20240701T151713767_20240701T151721767.fits,16.8678,-129.836,15.5103,-129.85,15.4991,-128.855,16.8566,-128.834,0.73
01_ch2_cla_l1_20240701T145417767_20240701T145425767.fits,85.8421,-126.042,84.6289,-126.801,84.5328,-118.291,85.719,-115.182,0.05
01_ch2_cla_l1_20240701T115040112_20240701T115048112.fits,-63.6821,-129.707,-64.8364,-129.809,-64.8555,-128.059,-63.7004,-128.025,0.05
01_ch2_cla_l1_20240701T110912112_20240701T110920112.fits,61.3117,-127.012,60.0118,-127.036,59.9923,-125.24,61.2915,-125.144,0.52
01_ch2_cla_l1_20240701T151905767_20240701T151913767.fits,11.2827,-129.907,9.9272,-129.922,9.9162,-128.951,11.2717,-128.931,0.18
01_ch2_cla_l1_20240701T114352112_20240701T114400112.fits,-42.85,-128.686,-44.0848,-128.723,-44.0975,-127.569,-42.8624,-127.553,0.28
01_ch2_cla_l1_20240701T120152112_20240701T120200112.fits,-80.4193,54.153,-81.4403,54.3822,-81.3963,58.4235,-80.38,57.7606,0.01
01_ch2_cla_l1_20240701T172813826_20240701T172821826.fits,-26.3983,-131.579,-27.6877,-131.604,-27.6994,-130.603,-26.4099,-130.588,1.14
01_ch2_cla_l1_20240701T110704112_20240701T110712112.fits,67.7409,-126.834,66.4598,-126.868,66.4359,-124.67,67.7158,-124.519,0.69
01_ch2_cla_l1_20240701T110136112_20240701T110144112.fits,84.294,-125.036,83.0699,-125.426,82.9966,-118.695,84.2054,-116.914,1.15
01_ch2_cla_l1_20240701T154209767_20240701T154217767.fits,-58.4654,-131.559,-59.6432,-131.635,-59.6604,-130.114,-58.4821,-130.086,0.11
01_ch2_cla_l1_20240701T165141826_20240701T165149826.fits,83.417,-128.285,82.1963,-128.636,82.1279,-122.672,83.3363,-121.256,0.02
01_ch2_cla_l1_20240701T193226911_20240701T193234911.fits,-49.5583,-133.335,-50.7721,-133.387,-50.7873,-132.111,-49.5732,-132.089,1.04
01_ch2_cla_l1_20240701T091251848_20240701T091259848.fits,60.5294,-125.959,59.225,-125.981,59.2061,-124.217,60.5098,-124.126,0.89
01_ch2_cla_l1_20240701T184458911_20240701T184506911.fits,87.4066,24.4632,86.2963,31.9589,86.4391,43.9619,87.6153,41.704,0.92
01_ch2_cla_l1_20240701T133733195_20240701T133741196.fits,-34.007,-129.551,-35.2728,-129.58,-35.2846,-128.525,-34.0186,-128.51,0.0
01_ch2_cla_l1_20240701T152321767_20240701T152329767.fits,-1.498,-130.077,-2.8413,-130.094,-2.852,-129.149,-1.5087,-129.133,0.03
01_ch2_cla_l1_20240701T090443848_20240701T090451848.fits,85.1167,-123.681,83.8936,-124.174,83.8119,-116.564,85.0151,-114.244,0.52
01_ch2_cla_l1_20240701T125437195_20240701T125445195.fits,85.8273,37.6789,84.6741,40.7934,84.7666,49.1276,85.9461,48.3473,0.69
01_ch2_cla_l1_20240701T134821195_20240701T134829195.fits,-67.0412,-131.144,-68.1834,-131.276,-68.2053,-129.308,-67.062,-129.263,0.59
01_ch2_cla_l1_20240701T194730911_20240701T194738911.fits,-82.7581,50.8215,-83.796,51.3095,-83.7279,57.0144,-82.6999,55.7143,0.15
01_ch2_cla_l1_20240701T195122911_20240701T195130911.fits,-70.658,48.9628,-71.659,49.0258,-71.6378,50.8704,-70.6372,50.711,0.49
01_ch2_cla_l1_20240701T145601767_20240701T145609767.fits,80.5752,-127.989,79.3419,-128.161,79.2918,-123.697,80.5188,-122.961,0.19
01_ch2_cla_l1_20240701T174549826_20240701T174557826.fits,-80.2758,-136.813,-81.3647,-137.561,-81.4173,-133.024,-80.3225,-132.77,0.88
01_ch2_cla_l1_20240701T184706911_20240701T184714911.fits,87.0224,-126.27,85.8198,-127.797,85.6934,-117.108,86.8478,-111.661,0.36
01_ch2_cla_l1_20240701T110928112_20240701T110936112.fits,60.5091,-127.031,59.2072,-127.054,59.188,-125.295,60.4893,-125.204,0.07
01_ch2_cla_l1_20240701T151057767_20240701T151105767.fits,35.6142,-129.593,34.2672,-129.608,34.2543,-128.461,35.6011,-128.428,0.32
01_ch2_cla_l1_20240701T120448112_20240701T120456112.fits,-71.2206,53.1948,-72.2119,53.2553,-72.1916,55.1264,-71.2013,54.9659,0.84
01_ch2_cla_l1_20240701T151729767_20240701T151737767.fits,16.0701,-129.846,14.7127,-129.86,14.7015,-128.87,16.0588,-128.848,0.85
01_ch2_cla_l1_20240701T115224112_20240701T115232112.fits,-69.0286,-130.259,-70.161,-130.414,-70.1841,-128.288,-69.0505,-128.238,1.15
01_ch2_cla_l1_20240701T093819848_20240701T093827848.fits,-15.7618,-127.015,-17.0802,-127.035,-17.0906,-126.076,-15.7721,-126.062,0.1
01_ch2_cla_l1_20240701T193034911_20240701T193042911.fits,-43.8632,-133.125,-45.0975,-133.167,-45.1115,-131.994,-43.877,-131.975,0.95
01_ch2_cla_l1_20240701T190402911_20240701T190410911.fits,35.9471,-131.74,34.6047,-131.756,34.5914,-130.61,35.9335,-130.576,0.65
01_ch2_cla_l1_20240701T191210911_20240701T191218911.fits,11.6036,-132.07,10.2508,-132.086,10.2394,-131.116,11.5921,-131.097,1.09
01_ch2_cla_l1_20240701T090835848_20240701T090843848.fits,73.396,-125.54,72.1308,-125.593,72.1008,-122.787,73.3638,-122.531,0.15
01_ch2_cla_l1_20240701T190018911_20240701T190026911.fits,47.14,-131.566,45.8159,-131.584,45.8005,-130.258,47.1243,-130.209,0.18
01_ch2_cla_l1_20240701T131149195_20240701T131157195.fits,43.2368,-128.408,41.8987,-128.423,41.8849,-127.163,43.2227,-127.121,0.99
01_ch2_cla_l1_20240701T152145767_20240701T152153767.fits,3.2981,-130.012,1.9489,-130.027,1.9381,-129.077,3.2873,-129.06,0.47
01_ch2_cla_l1_20240701T172829826_20240701T172837826.fits,-27.2046,-131.595,-28.4919,-131.621,-28.5036,-130.615,-27.2162,-130.6,0.0
01_ch2_cla_l1_20240701T095339848_20240701T095347848.fits,-62.4166,-128.496,-63.5745,-128.588,-63.5925,-126.908,-62.434,-126.877,0.76
01_ch2_cla_l1_20240701T165325826_20240701T165333826.fits,78.1529,-129.336,76.9132,-129.456,76.8711,-125.776,78.1066,-125.287,0.34
01_ch2_cla_l1_20240701T100307848_20240701T100315848.fits,-87.1016,59.2856,-88.1364,62.5652,-87.9409,80.0729,-86.9725,71.151,0.59
01_ch2_cla_l1_20240701T174901826_20240701T174909826.fits,-88.6007,63.1054,-88.9984,68.8431,-89.5478,97.6445,-88.3248,84.9177,1.09
01_ch2_cla_l1_20240701T130213196_20240701T130221196.fits,72.1163,-127.714,70.8516,-127.766,70.8227,-125.142,72.0855,-124.916,0.43
01_ch2_cla_l1_20240701T183914911_20240701T183922911.fits,69.9156,45.72,68.8034,45.8802,68.8261,47.8167,69.9396,47.7641,1.01
01_ch2_cla_l1_20240701T135349195_20240701T135357195.fits,-83.942,-137.906,-85.0026,-139.866,-85.0872,-132.265,-84.0119,-131.616,0.59
01_ch2_cla_l1_20240701T185154911_20240701T185202911.fits,72.4512,-130.825,71.1945,-130.888,71.1636,-128.245,72.4183,-128.005,0.61
01_ch2_cla_l1_20240701T194218911_20240701T194226911.fits,-79.9197,-137.801,-81.0122,-138.511,-81.0644,-134.129,-79.9664,-133.88,0.98
01_ch2_cla_l1_20240701T153849767_20240701T153857767.fits,-48.2571,-131.071,-49.4739,-131.117,-49.488,-129.872,-48.2709,-129.852,0.74
01_ch2_cla_l1_20240701T173125826_20240701T173133826.fits,-36.0926,-131.798,-37.3524,-131.83,-37.3649,-130.754,-36.1049,-130.738,0.24
01_ch2_cla_l1_20240701T191914911_20240701T191922911.fits,-9.5871,-132.374,-10.9157,-132.393,-10.9269,-131.448,-9.5984,-131.432,0.11
01_ch2_cla_l1_20240701T091139848_20240701T091147848.fits,64.1416,-125.873,62.8473,-125.9,62.8264,-123.945,64.1198,-123.83,0.68
01_ch2_cla_l1_20240701T112648112_20240701T112656112.fits,8.6048,-127.768,7.2479,-127.783,7.2373,-126.817,8.5942,-126.799,1.11
01_ch2_cla_l1_20240701T185234911_20240701T185242911.fits,70.4338,-130.934,69.1706,-130.987,69.1424,-128.571,70.4039,-128.374,1.12
01_ch2_cla_l1_20240701T192938911_20240701T192946911.fits,-41.0216,-133.035,-42.2655,-133.073,-42.279,-131.94,-41.0349,-131.922,0.57
01_ch2_cla_l1_20240701T155257767_20240701T155305767.fits,-86.9687,56.3485,-88.0092,59.6158,-87.8131,76.2459,-86.8368,67.8233,0.34
01_ch2_cla_l1_20240701T170749826_20240701T170757826.fits,34.8068,-130.682,33.4611,-130.697,33.4481,-129.562,34.7937,-129.53,0.37
01_ch2_cla_l1_20240701T092115848_20240701T092123848.fits,35.3463,-126.355,33.9926,-126.368,33.9802,-125.216,35.3338,-125.184,1.03
01_ch2_cla_l1_20240701T195010911_20240701T195018911.fits,-74.4217,49.2482,-75.4329,49.3495,-75.405,51.7051,-74.3957,51.4495,1.03
01_ch2_cla_l1_20240701T194602911_20240701T194610911.fits,-87.3157,55.648,-88.3559,60.5663,-88.1097,79.8787,-87.1585,68.5284,0.13
01_ch2_cla_l1_20240701T192506911_20240701T192514911.fits,-27.2715,-132.692,-28.5585,-132.718,-28.5705,-131.712,-27.2835,-131.697,0.72
01_ch2_cla_l1_20240701T153401767_20240701T153409767.fits,-33.6487,-130.64,-34.916,-130.669,-34.928,-129.617,-33.6605,-129.601,0.85
01_ch2_cla_l1_20240701T111024112_20240701T111032112.fits,57.7018,-127.09,56.3922,-127.111,56.3744,-125.47,57.6834,-125.393,0.47
01_ch2_cla_l1_20240701T155529767_20240701T155537767.fits,-79.0696,51.8537,-80.0911,52.0408,-80.0516,55.5421,-79.0339,55.0249,0.23
