file_name,start_time,end_time,v0_lon,v0_lat,v1_lon,v1_lat,v2_lon,v2_lat,v3_lon,v3_lat,ratio_Al,ratio_Ca,ratio_Si,ratio_O,ratio_Fe,ratio_Mg,solar_class
ch2_cla_l1_20240701T132005195_20240701T132013195.fits,2024-07-01 13:20:05.195000,2024-07-01 13:20:13.195000,-128.731,18.5049,-128.745,17.1458,-127.74,17.1347,-127.718,18.4937,20,10,40,15,15,30,A
ch2_cla_l1_20240701T132637195_20240701T132645195.fits,2024-07-01 13:26:37.195000,2024-07-01 13:26:45.195000,-128.982,-1.0528,-128.999,-2.3978,-128.053,-2.4084,-128.036,-1.0634,20,10,40,15,15,30,A
ch2_cla_l1_20240701T145121767_20240701T145129767.fits,2024-07-01 14:51:21.767000,2024-07-01 14:51:29.767000,34.8411,86.2364,38.6255,85.09,47.6623,85.1922,46.6706,86.371,20,10,40,15,15,30,A
ch2_cla_l1_20240701T171917826_20240701T171925826.fits,2024-07-01 17:19:17.826000,2024-07-01 17:19:25.826000,-131.137,0.4847,-131.154,-0.8603,-130.208,-0.8713,-130.191,0.4737,20,10,40,15,15,30,A
ch2_cla_l1_20240701T125029196_20240701T125037195.fits,2024-07-01 12:50:29.196000,2024-07-01 12:50:37.195000,48.4938,73.1861,48.7136,72.057,51.0468,72.0827,50.9842,73.2135,20,10,40,15,15,30,A
ch2_cla_l1_20240701T133101196_20240701T133109196.fits,2024-07-01 13:31:01.196000,2024-07-01 13:31:09.196000,-129.176,-14.2694,-129.195,-15.5902,-128.241,-15.6008,-128.226,-14.28,20,10,40,15,15,30,A
ch2_cla_l1_20240701T193658911_20240701T193706911.fits,2024-07-01 19:36:58.911000,2024-07-01 19:37:06.911000,-134.161,-63.4566,-134.27,-64.6184,-132.516,-64.6392,-132.476,-63.4768,20,10,40,15,15,30,A
ch2_cla_l1_20240701T184026911_20240701T184034911.fits,2024-07-01 18:40:26.911000,2024-07-01 18:40:34.911000,45.01,73.6261,45.2497,72.5002,47.6289,72.5281,47.5541,73.6559,20,10,40,15,15,30,A
ch2_cla_l1_20240701T134533195_20240701T134541195.fits,2024-07-01 13:45:33.195000,2024-07-01 13:45:41.195000,-130.446,-58.423,-130.52,-59.5995,-129.004,-59.6163,-128.977,-58.4392,20,10,40,15,15,30,A
ch2_cla_l1_20240701T172341826_20240701T172349826.fits,2024-07-01 17:23:41.826000,2024-07-01 17:23:49.826000,-131.334,-12.7281,-131.354,-14.0513,-130.403,-14.0624,-130.388,-12.7392,20,10,40,15,15,30,A
ch2_cla_l1_20240701T113032112_20240701T113040112.fits,2024-07-01 11:30:32.112000,2024-07-01 11:30:40.112000,-127.914,-2.5786,-127.93,-3.9223,-126.984,-3.9327,-126.968,-2.589,20,10,40,15,15,30,A
ch2_cla_l1_20240701T190322911_20240701T190330911.fits,2024-07-01 19:03:22.911000,2024-07-01 19:03:30.911000,-131.711,37.9443,-131.727,36.6045,-130.556,36.5909,-130.52,37.9304,20,10,40,15,15,30,A
ch2_cla_l1_20240701T191530911_20240701T191538911.fits,2024-07-01 19:15:30.911000,2024-07-01 19:15:38.911000,-132.207,1.6187,-132.224,0.2736,-131.279,0.2623,-131.261,1.6074,20,10,40,15,15,30,A
ch2_cla_l1_20240701T093547848_20240701T093555848.fits,2024-07-01 09:35:47.848000,2024-07-01 09:35:55.848000,-126.901,-8.1438,-126.919,-9.4787,-125.971,-9.489,-125.956,-8.154,20,10,40,15,15,30,A
ch2_cla_l1_20240701T151009767_20240701T151017767.fits,2024-07-01 15:10:09.767000,2024-07-01 15:10:17.767000,-129.561,38.0093,-129.575,36.6654,-128.398,36.6522,-128.362,37.9959,20,10,40,15,15,30,A
ch2_cla_l1_20240701T115336112_20240701T115344112.fits,2024-07-01 11:53:36.112000,2024-07-01 11:53:44.112000,-130.832,-72.7378,-131.057,-73.8549,-128.519,-73.8825,-128.447,-72.7637,20,10,40,15,15,30,A
ch2_cla_l1_20240701T115504112_20240701T115512112.fits,2024-07-01 11:55:04.112000,2024-07-01 11:55:12.112000,-131.972,-77.278,-132.383,-78.3755,-128.974,-78.4125,-128.844,-77.3119,20,10,40,15,15,30,A
ch2_cla_l1_20240701T100755848_20240701T100803848.fits,2024-07-01 10:07:55.848000,2024-07-01 10:08:03.848000,54.3069,-72.0818,54.3709,-73.0731,56.3343,-73.0521,56.1601,-72.0621,20,10,40,15,15,30,A
ch2_cla_l1_20240701T095643848_20240701T095651848.fits,2024-07-01 09:56:43.848000,2024-07-01 09:56:51.848000,-129.555,-71.8818,-129.758,-73.0006,-127.338,-73.0265,-127.274,-71.9062,20,10,40,15,15,30,A
ch2_cla_l1_20240701T165157826_20240701T165205826.fits,2024-07-01 16:51:57.826000,2024-07-01 16:52:05.826000,-128.541,82.6063,-128.824,81.3827,-123.392,81.3204,-122.241,82.5341,20,10,40,15,15,30,A
ch2_cla_l1_20240701T094051848_20240701T094059848.fits,2024-07-01 09:40:51.848000,2024-07-01 09:40:59.848000,-127.144,-23.401,-127.166,-24.6988,-126.18,-24.7095,-126.167,-23.4115,20,10,40,15,15,30,A
ch2_cla_l1_20240701T154513767_20240701T154521767.fits,2024-07-01 15:45:13.767000,2024-07-01 15:45:21.767000,-132.364,-67.9041,-132.509,-69.0445,-130.468,-69.0676,-130.419,-67.926,20,10,40,15,15,30,A
ch2_cla_l1_20240701T171133826_20240701T171141826.fits,2024-07-01 17:11:33.826000,2024-07-01 17:11:41.826000,-130.831,23.6351,-130.846,22.2806,-129.813,22.2688,-129.788,23.6232,20,10,40,15,15,30,A
ch2_cla_l1_20240701T095827848_20240701T095835848.fits,2024-07-01 09:58:27.848000,2024-07-01 09:58:35.848000,-130.822,-77.2486,-131.225,-78.3442,-127.836,-78.3805,-127.711,-77.2819,20,10,40,15,15,30,A
ch2_cla_l1_20240701T152617767_20240701T152625767.fits,2024-07-01 15:26:17.767000,2024-07-01 15:26:25.767000,-130.205,-10.3051,-130.224,-11.6335,-129.277,-11.6443,-129.261,-10.3158,20,10,40,15,15,30,A
ch2_cla_l1_20240701T185850911_20240701T185858911.fits,2024-07-01 18:58:50.911000,2024-07-01 18:58:58.911000,-131.486,51.5448,-131.506,50.2299,-130.077,50.2133,-130.018,51.5277,20,10,40,15,15,30,A
ch2_cla_l1_20240701T175357826_20240701T175405826.fits,2024-07-01 17:53:57.826000,2024-07-01 17:54:05.826000,50.1734,-73.221,50.2569,-74.2261,52.4132,-74.2012,52.1992,-73.1976,20,10,40,15,15,30,A
ch2_cla_l1_20240701T125741195_20240701T125749195.fits,2024-07-01 12:57:41.195000,2024-07-01 12:57:49.195000,-125.094,85.8646,-125.835,84.649,-117.268,84.5536,-114.145,85.7415,20,10,40,15,15,30,A
ch2_cla_l1_20240701T113816112_20240701T113824112.fits,2024-07-01 11:38:16.112000,2024-07-01 11:38:24.112000,-128.283,-25.8564,-128.307,-27.147,-127.309,-27.1579,-127.295,-25.8672,20,10,40,15,15,30,A
ch2_cla_l1_20240701T110240112_20240701T110248112.fits,2024-07-01 11:02:40.112000,2024-07-01 11:02:48.112000,-125.875,81.0551,-126.047,79.8187,-121.361,79.7678,-120.562,80.9973,20,10,40,15,15,30,A
ch2_cla_l1_20240701T165237826_20240701T165245826.fits,2024-07-01 16:52:37.826000,2024-07-01 16:52:45.826000,-128.992,80.581,-129.173,79.35,-124.719,79.299,-123.976,80.5236,20,10,40,15,15,30,A
ch2_cla_l1_20240701T165405826_20240701T165413826.fits,2024-07-01 16:54:05.826000,2024-07-01 16:54:13.826000,-129.536,76.1312,-129.626,74.8846,-126.4,74.8477,-126.034,76.0912,20,10,40,15,15,30,A
ch2_cla_l1_20240701T100427848_20240701T100435848.fits,2024-07-01 10:04:27.848000,2024-07-01 10:04:35.848000,55.8355,-82.9466,56.2578,-83.9735,62.0237,-83.9117,60.764,-82.8938,20,10,40,15,15,30,A
ch2_cla_l1_20240701T173605826_20240701T173613826.fits,2024-07-01 17:36:05.826000,2024-07-01 17:36:13.826000,-132.258,-50.3087,-132.309,-51.5188,-131.019,-51.5338,-130.998,-50.3233,20,10,40,15,15,30,A
ch2_cla_l1_20240701T173037826_20240701T173045826.fits,2024-07-01 17:30:37.826000,2024-07-01 17:30:45.826000,-131.738,-33.6653,-131.768,-34.933,-130.715,-34.9452,-130.699,-33.6774,20,10,40,15,15,30,A
ch2_cla_l1_20240701T105152112_20240701T105200112.fits,2024-07-01 10:51:52.112000,2024-07-01 10:52:00.112000,50.5877,66.9572,50.7043,65.8504,52.401,65.8688,52.3651,66.9764,20,10,40,15,15,30,A
ch2_cla_l1_20240701T133541195_20240701T133549195.fits,2024-07-01 13:35:41.195000,2024-07-01 13:35:49.195000,-129.427,-28.3512,-129.453,-29.6348,-128.44,-29.6461,-128.426,-28.3624,20,10,40,15,15,30,A
ch2_cla_l1_20240701T175333826_20240701T175341826.fits,2024-07-01 17:53:33.826000,2024-07-01 17:53:41.826000,50.2771,-74.4753,50.374,-75.4843,52.729,-75.4571,52.4772,-74.4499,20,10,40,15,15,30,A
ch2_cla_l1_20240701T150713767_20240701T150721767.fits,2024-07-01 15:07:13.767000,2024-07-01 15:07:21.767000,-129.43,46.7994,-129.447,45.47,-128.122,45.4552,-128.074,46.7842,20,10,40,15,15,30,A
ch2_cla_l1_20240701T114040112_20240701T114048112.fits,2024-07-01 11:40:40.112000,2024-07-01 11:40:48.112000,-128.434,-33.1228,-128.462,-34.3912,-127.415,-34.4027,-127.4,-33.1342,20,10,40,15,15,30,A
ch2_cla_l1_20240701T085923848_20240701T085931848.fits,2024-07-01 08:59:23.848000,2024-07-01 08:59:31.848000,48.5087,79.7042,49.0736,78.5486,52.8527,78.589,52.7154,79.7492,20,10,40,15,15,30,A
ch2_cla_l1_20240701T111912112_20240701T111920112.fits,2024-07-01 11:19:12.112000,2024-07-01 11:19:20.112000,-127.488,31.3302,-127.501,29.9745,-126.396,29.9625,-126.368,31.318,20,10,40,15,15,30,A
ch2_cla_l1_20240701T131229196_20240701T131237196.fits,2024-07-01 13:12:29.196000,2024-07-01 13:12:37.196000,-128.437,41.2398,-128.452,39.8985,-127.224,39.885,-127.185,41.2261,20,10,40,15,15,30,A
ch2_cla_l1_20240701T115352112_20240701T115400112.fits,2024-07-01 11:53:52.112000,2024-07-01 11:54:00.112000,-130.993,-73.5627,-131.241,-74.6764,-128.583,-74.7053,-128.504,-73.5898,20,10,40,15,15,30,A
ch2_cla_l1_20240701T150905767_20240701T150913767.fits,2024-07-01 15:09:05.767000,2024-07-01 15:09:13.767000,-129.515,41.2041,-129.53,39.8649,-128.306,39.8512,-128.267,41.1901,20,10,40,15,15,30,A
ch2_cla_l1_20240701T105232112_20240701T105240112.fits,2024-07-01 10:52:32.112000,2024-07-01 10:52:40.112000,50.3266,69.0224,50.467,67.9074,52.3359,67.9276,52.2943,69.0437,20,10,40,15,15,30,A
ch2_cla_l1_20240701T085747848_20240701T085755848.fits,2024-07-01 08:57:47.848000,2024-07-01 08:57:55.848000,50.3589,74.7854,50.6224,73.6469,53.212,73.6746,53.1431,74.8152,20,10,40,15,15,30,A
ch2_cla_l1_20240701T173813826_20240701T173821826.fits,2024-07-01 17:38:13.826000,2024-07-01 17:38:21.826000,-132.576,-56.841,-132.646,-58.0265,-131.179,-58.0436,-131.152,-56.8576,20,10,40,15,15,30,A
ch2_cla_l1_20240701T192226911_20240701T192234911.fits,2024-07-01 19:22:26.911000,2024-07-01 19:22:34.911000,-132.536,-19.2198,-132.558,-20.5278,-131.59,-20.5394,-131.575,-19.2313,20,10,40,15,15,30,A
ch2_cla_l1_20240701T090251848_20240701T090259848.fits,2024-07-01 09:02:51.848000,2024-07-01 09:02:59.848000,-33.0482,89.7841,-57.4919,88.9143,-14.5078,88.9136,38.9823,89.1663,20,10,40,15,15,30,A
ch2_cla_l1_20240701T185458911_20240701T185506911.fits,2024-07-01 18:54:58.911000,2024-07-01 18:55:06.911000,-131.212,63.1847,-131.243,61.8995,-129.37,61.8778,-129.258,63.162,20,10,40,15,15,30,A
ch2_cla_l1_20240701T153321767_20240701T153329767.fits,2024-07-01 15:33:21.767000,2024-07-01 15:33:29.767000,-130.593,-31.6275,-130.621,-32.9012,-129.585,-32.913,-129.57,-31.6392,20,10,40,15,15,30,A
ch2_cla_l1_20240701T091443848_20240701T091451848.fits,2024-07-01 09:14:43.848000,2024-07-01 09:14:51.848000,-126.069,54.9191,-126.087,53.6002,-124.54,53.5837,-124.473,54.902,20,10,40,15,15,30,A
ch2_cla_l1_20240701T111704112_20240701T111712112.fits,2024-07-01 11:17:04.112000,2024-07-01 11:17:12.112000,-127.405,37.7117,-127.419,36.363,-126.24,36.3502,-126.205,37.6986,20,10,40,15,15,30,A
ch2_cla_l1_20240701T111136112_20240701T111144112.fits,2024-07-01 11:11:36.112000,2024-07-01 11:11:44.112000,-127.159,54.0961,-127.177,52.7776,-125.66,52.7612,-125.595,54.0791,20,10,40,15,15,30,A
ch2_cla_l1_20240701T155209767_20240701T155217767.fits,2024-07-01 15:52:09.767000,2024-07-01 15:52:17.767000,169.181,-88.8931,82.0175,-89.3857,160.561,-89.6538,-160.918,-89.3727,20,10,40,15,15,30,A
ch2_cla_l1_20240701T164141826_20240701T164149826.fits,2024-07-01 16:41:41.826000,2024-07-01 16:41:49.826000,47.2433,66.992,47.364,65.8893,49.0525,65.9086,49.0123,67.0122,20,10,40,15,15,30,A
ch2_cla_l1_20240701T133909195_20240701T133917195.fits,2024-07-01 13:39:09.195000,2024-07-01 13:39:17.195000,-129.672,-38.8664,-129.706,-40.1159,-128.602,-40.1282,-128.586,-38.8785,20,10,40,15,15,30,A
ch2_cla_l1_20240701T194122911_20240701T194130911.fits,2024-07-01 19:41:22.911000,2024-07-01 19:41:30.911000,-136.511,-77.0338,-136.937,-78.1398,-133.549,-78.1801,-133.4,-77.0708,20,10,40,15,15,30,A
ch2_cla_l1_20240701T124957195_20240701T125005195.fits,2024-07-01 12:49:57.195000,2024-07-01 12:50:05.195000,48.8159,71.5386,48.9985,70.4157,51.1222,70.4391,51.0689,71.5634,20,10,40,15,15,30,A
ch2_cla_l1_20240701T144601767_20240701T144609767.fits,2024-07-01 14:46:01.767000,2024-07-01 14:46:09.767000,47.9681,69.9018,48.124,68.7866,50.0679,68.8084,50.0197,69.9248,20,10,40,15,15,30,A
ch2_cla_l1_20240701T185706911_20240701T185714911.fits,2024-07-01 18:57:06.911000,2024-07-01 18:57:14.911000,-131.378,56.7573,-131.402,55.4548,-129.813,55.4364,-129.737,56.7382,20,10,40,15,15,30,A
ch2_cla_l1_20240701T111928112_20240701T111936112.fits,2024-07-01 11:19:28.112000,2024-07-01 11:19:36.112000,-127.497,30.5328,-127.511,29.1765,-126.414,29.1645,-126.386,30.5207,20,10,40,15,15,30,A
ch2_cla_l1_20240701T133725195_20240701T133733195.fits,2024-07-01 13:37:25.195000,2024-07-01 13:37:33.195000,-129.541,-33.6025,-129.57,-34.8696,-128.519,-34.8813,-128.504,-33.6141,20,10,40,15,15,30,A
ch2_cla_l1_20240701T150057767_20240701T150105767.fits,2024-07-01 15:00:57.767000,2024-07-01 15:01:05.767000,-129.025,65.6459,-129.058,64.3632,-127.025,64.3404,-126.894,65.622,20,10,40,15,15,30,A
ch2_cla_l1_20240701T150729767_20240701T150737767.fits,2024-07-01 15:07:29.767000,2024-07-01 15:07:37.767000,-129.443,45.9996,-129.459,44.6688,-128.15,44.6541,-128.104,45.9847,20,10,40,15,15,30,A
ch2_cla_l1_20240701T114224112_20240701T114232112.fits,2024-07-01 11:42:24.112000,2024-07-01 11:42:32.112000,-128.561,-38.3859,-128.593,-39.6366,-127.496,-39.6486,-127.48,-38.3977,20,10,40,15,15,30,A
ch2_cla_l1_20240701T092819848_20240701T092827848.fits,2024-07-01 09:28:19.848000,2024-07-01 09:28:27.848000,-126.612,14.2228,-126.626,12.8612,-125.638,12.8506,-125.618,14.2121,20,10,40,15,15,30,A
ch2_cla_l1_20240701T105800112_20240701T105808112.fits,2024-07-01 10:58:00.112000,2024-07-01 10:58:08.112000,39.0384,85.7855,42.0739,84.6296,50.3603,84.7201,49.628,85.9015,20,10,40,15,15,30,A
ch2_cla_l1_20240701T191402911_20240701T191410911.fits,2024-07-01 19:14:02.911000,2024-07-01 19:14:10.911000,-132.146,6.0137,-132.162,4.6647,-131.209,4.6534,-131.191,6.0024,20,10,40,15,15,30,A
ch2_cla_l1_20240701T190210911_20240701T190218911.fits,2024-07-01 19:02:10.911000,2024-07-01 19:02:18.911000,-131.657,41.5406,-131.673,40.2063,-130.45,40.1921,-130.41,41.5262,20,10,40,15,15,30,A
ch2_cla_l1_20240701T192034911_20240701T192042911.fits,2024-07-01 19:20:34.911000,2024-07-01 19:20:42.911000,-132.439,-13.5971,-132.459,-14.9178,-131.507,-14.9292,-131.492,-13.6084,20,10,40,15,15,30,A
ch2_cla_l1_20240701T105448112_20240701T105456112.fits,2024-07-01 10:54:48.112000,2024-07-01 10:54:56.112000,48.8926,76.0216,49.206,74.8802,52.0146,74.9107,51.9319,76.0546,20,10,40,15,15,30,A
ch2_cla_l1_20240701T091835848_20240701T091843848.fits,2024-07-01 09:18:35.848000,2024-07-01 09:18:43.848000,-126.249,43.3257,-126.263,41.9831,-124.995,41.9695,-124.953,43.3119,20,10,40,15,15,30,A
ch2_cla_l1_20240701T130149195_20240701T130157195.fits,2024-07-01 13:01:49.195000,2024-07-01 13:01:57.195000,-127.65,73.3263,-127.709,72.0656,-124.928,72.0349,-124.671,73.2934,20,10,40,15,15,30,A
ch2_cla_l1_20240701T191018911_20240701T191026911.fits,2024-07-01 19:10:18.911000,2024-07-01 19:10:26.911000,-131.996,17.1906,-132.011,15.8366,-131.018,15.8251,-130.996,17.1789,20,10,40,15,15,30,A
ch2_cla_l1_20240701T164325826_20240701T164333826.fits,2024-07-01 16:43:25.826000,2024-07-01 16:43:33.826000,46.4167,72.3584,46.6206,71.2354,48.8337,71.2607,48.7713,72.3854,20,10,40,15,15,30,A
ch2_cla_l1_20240701T153145767_20240701T153153767.fits,2024-07-01 15:31:45.767000,2024-07-01 15:31:53.767000,-130.491,-26.7843,-130.516,-28.0726,-129.513,-28.084,-129.498,-26.7956,20,10,40,15,15,30,A
ch2_cla_l1_20240701T173829826_20240701T173837826.fits,2024-07-01 17:38:29.826000,2024-07-01 17:38:37.826000,-132.624,-57.6591,-132.697,-58.8415,-131.202,-58.8588,-131.174,-57.676,20,10,40,15,15,30,A
ch2_cla_l1_20240701T094339848_20240701T094347848.fits,2024-07-01 09:43:39.848000,2024-07-01 09:43:47.848000,-127.31,-31.8721,-127.337,-33.1443,-126.3,-33.1555,-126.286,-31.8831,20,10,40,15,15,30,A
ch2_cla_l1_20240701T131213196_20240701T131221196.fits,2024-07-01 13:12:13.196000,2024-07-01 13:12:21.196000,-128.426,42.0385,-128.44,40.6985,-127.2,40.6848,-127.16,42.0246,20,10,40,15,15,30,A
ch2_cla_l1_20240701T085955848_20240701T090003848.fits,2024-07-01 08:59:55.848000,2024-07-01 09:00:03.848000,47.4345,81.3368,48.222,80.1765,52.6611,80.224,52.4736,81.3907,20,10,40,15,15,30,A
ch2_cla_l1_20240701T134349195_20240701T134357195.fits,2024-07-01 13:43:49.195000,2024-07-01 13:43:57.195000,-130.167,-53.1067,-130.223,-54.304,-128.871,-54.3191,-128.849,-53.1214,20,10,40,15,15,30,A
ch2_cla_l1_20240701T184154911_20240701T184202911.fits,2024-07-01 18:41:54.911000,2024-07-01 18:42:02.911000,43.5613,78.1455,44.0122,77.004,47.2765,77.0423,47.1435,78.1876,20,10,40,15,15,30,A
ch2_cla_l1_20240701T152849767_20240701T152857767.fits,2024-07-01 15:28:49.767000,2024-07-01 15:28:57.767000,-130.328,-17.9298,-130.349,-19.2416,-129.385,-19.2526,-129.37,-17.9407,20,10,40,15,15,30,A
ch2_cla_l1_20240701T172125826_20240701T172133826.fits,2024-07-01 17:21:25.826000,2024-07-01 17:21:33.826000,-131.229,-5.9159,-131.247,-7.2516,-130.304,-7.2625,-130.288,-5.9268,20,10,40,15,15,30,A
ch2_cla_l1_20240701T132757195_20240701T132805195.fits,2024-07-01 13:27:57.195000,2024-07-01 13:28:05.195000,-129.038,-5.0527,-129.055,-6.3915,-128.111,-6.402,-128.095,-5.0632,20,10,40,15,15,30,A
ch2_cla_l1_20240701T145345767_20240701T145353767.fits,2024-07-01 14:53:45.767000,2024-07-01 14:53:53.767000,-123.846,87.4618,-125.631,86.2569,-113.709,86.1214,-106.884,87.2664,20,10,40,15,15,30,A
ch2_cla_l1_20240701T190914911_20240701T190922911.fits,2024-07-01 19:09:14.911000,2024-07-01 19:09:22.911000,-131.953,20.3824,-131.968,19.0287,-130.958,19.0169,-130.935,20.3705,20,10,40,15,15,30,A
ch2_cla_l1_20240701T100635848_20240701T100643848.fits,2024-07-01 10:06:35.848000,2024-07-01 10:06:43.848000,54.6257,-76.2683,54.7326,-77.273,57.3903,-77.2446,57.0861,-76.242,20,10,40,15,15,30,A
ch2_cla_l1_20240701T131845195_20240701T131853195.fits,2024-07-01 13:18:45.195000,2024-07-01 13:18:53.195000,-128.681,22.4919,-128.695,21.1331,-127.666,21.1217,-127.642,22.4803,20,10,40,15,15,30,A
ch2_cla_l1_20240701T090139848_20240701T090147848.fits,2024-07-01 09:01:39.848000,2024-07-01 09:01:47.848000,36.9823,86.5694,41.343,85.4203,51.1359,85.5258,50.1108,86.7117,20,10,40,15,15,30,A
ch2_cla_l1_20240701T113648112_20240701T113656112.fits,2024-07-01 11:36:48.112000,2024-07-01 11:36:56.112000,-128.202,-21.4266,-128.224,-22.7301,-127.247,-22.7408,-127.233,-21.4373,20,10,40,15,15,30,A
ch2_cla_l1_20240701T085811848_20240701T085819848.fits,2024-07-01 08:58:11.848000,2024-07-01 08:58:19.848000,50.0164,76.0175,50.3275,74.8745,53.142,74.9046,53.0622,76.05,20,10,40,15,15,30,A
ch2_cla_l1_20240701T140037195_20240701T140045195.fits,2024-07-01 14:00:37.195000,2024-07-01 14:00:45.195000,52.2979,-73.6711,52.3792,-74.6725,54.582,-74.6482,54.3638,-73.6483,20,10,40,15,15,30,A
ch2_cla_l1_20240701T193938911_20240701T193946911.fits,2024-07-01 19:39:38.911000,2024-07-01 19:39:46.911000,-135.182,-71.677,-135.398,-72.8055,-132.969,-72.8344,-132.893,-71.7042,20,10,40,15,15,30,A
ch2_cla_l1_20240701T154257767_20240701T154305767.fits,2024-07-01 15:42:57.767000,2024-07-01 15:43:05.767000,-131.722,-60.9233,-131.81,-62.0919,-130.189,-62.1101,-130.157,-60.941,20,10,40,15,15,30,A
ch2_cla_l1_20240701T184234911_20240701T184242911.fits,2024-07-01 18:42:34.911000,2024-07-01 18:42:42.911000,42.4725,80.192,43.123,79.0443,47.0304,79.0902,46.8426,80.2433,20,10,40,15,15,30,A
ch2_cla_l1_20240701T171749826_20240701T171757826.fits,2024-07-01 17:17:49.826000,2024-07-01 17:17:57.826000,-131.077,4.8799,-131.093,3.5303,-130.141,3.5194,-130.123,4.8689,20,10,40,15,15,30,A
ch2_cla_l1_20240701T093115848_20240701T093123848.fits,2024-07-01 09:31:15.848000,2024-07-01 09:31:23.848000,-126.72,5.4475,-126.735,4.0921,-125.776,4.0817,-125.759,5.4371,20,10,40,15,15,30,A
ch2_cla_l1_20240701T194354911_20240701T194402911.fits,2024-07-01 19:43:54.911000,2024-07-01 19:44:02.911000,-143.344,-84.848,-146.306,-85.9017,-137.0,-86.0135,-135.92,-84.9368,20,10,40,15,15,30,A
ch2_cla_l1_20240701T100555848_20240701T100603848.fits,2024-07-01 10:05:55.848000,2024-07-01 10:06:03.848000,54.8614,-78.3581,55.01,-79.3697,58.2215,-79.3354,57.7904,-78.3269,20,10,40,15,15,30,A
ch2_cla_l1_20240701T194010911_20240701T194018911.fits,2024-07-01 19:40:10.911000,2024-07-01 19:40:18.911000,-135.502,-73.3244,-135.761,-74.4462,-133.108,-74.4777,-133.017,-73.354,20,10,40,15,15,30,A
ch2_cla_l1_20240701T110024112_20240701T110032112.fits,2024-07-01 11:00:24.112000,2024-07-01 11:00:32.112000,-121.02,87.938,-123.304,86.7313,-109.71,86.5815,-100.611,87.7084,20,10,40,15,15,30,A
ch2_cla_l1_20240701T154529767_20240701T154537767.fits,2024-07-01 15:45:29.767000,2024-07-01 15:45:37.767000,-132.465,-68.7268,-132.621,-69.864,-130.511,-69.8878,-130.458,-68.7495,20,10,40,15,15,30,A
ch2_cla_l1_20240701T193506911_20240701T193514911.fits,2024-07-01 19:35:06.911000,2024-07-01 19:35:14.911000,-133.743,-57.7222,-133.819,-58.9054,-132.319,-58.9233,-132.29,-57.7396,20,10,40,15,15,30,A
ch2_cla_l1_20240701T152401767_20240701T152409767.fits,2024-07-01 15:24:01.767000,2024-07-01 15:24:09.767000,-130.105,-3.4978,-130.122,-4.8383,-129.179,-4.849,-129.163,-3.5085,20,10,40,15,15,30,A
ch2_cla_l1_20240701T171341826_20240701T171349826.fits,2024-07-01 17:13:41.826000,2024-07-01 17:13:49.826000,-130.914,17.253,-130.928,15.8973,-129.934,15.8859,-129.912,17.2415,20,10,40,15,15,30,A
ch2_cla_l1_20240701T174157826_20240701T174205826.fits,2024-07-01 17:41:57.826000,2024-07-01 17:42:05.826000,-133.543,-68.3248,-133.696,-69.4653,-131.615,-69.4894,-131.561,-68.3478,20,10,40,15,15,30,A
ch2_cla_l1_20240701T172917826_20240701T172925826.fits,2024-07-01 17:29:17.826000,2024-07-01 17:29:25.826000,-131.646,-29.6252,-131.673,-30.9055,-130.652,-30.9174,-130.636,-29.637,20,10,40,15,15,30,A
ch2_cla_l1_20240701T190658911_20240701T190706911.fits,2024-07-01 19:06:58.911000,2024-07-01 19:07:06.911000,-131.862,27.1653,-131.877,25.8144,-130.82,25.802,-130.793,27.1528,20,10,40,15,15,30,A
ch2_cla_l1_20240701T131005195_20240701T131013195.fits,2024-07-01 13:10:05.195000,2024-07-01 13:10:13.195000,-128.329,48.4332,-128.346,47.1048,-126.982,47.0898,-126.931,48.4178,20,10,40,15,15,30,A
ch2_cla_l1_20240701T131637195_20240701T131645195.fits,2024-07-01 13:16:37.195000,2024-07-01 13:16:45.195000,-128.601,28.8713,-128.615,27.5156,-127.536,27.5037,-127.509,28.8592,20,10,40,15,15,30,A
ch2_cla_l1_20240701T154121767_20240701T154129767.fits,2024-07-01 15:41:21.767000,2024-07-01 15:41:29.767000,-131.418,-56.0104,-131.485,-57.1978,-130.047,-57.2141,-130.022,-56.0263,20,10,40,15,15,30,A
ch2_cla_l1_20240701T195026911_20240701T195034911.fits,2024-07-01 19:50:26.911000,2024-07-01 19:50:34.911000,49.1749,-73.5859,49.2662,-74.5945,51.4862,-74.5682,51.2573,-73.5613,20,10,40,15,15,30,A
ch2_cla_l1_20240701T152009767_20240701T152017767.fits,2024-07-01 15:20:09.767000,2024-07-01 15:20:17.767000,-129.949,8.0899,-129.964,6.7364,-129.003,6.7255,-128.984,8.079,20,10,40,15,15,30,A
ch2_cla_l1_20240701T132101196_20240701T132109195.fits,2024-07-01 13:21:01.196000,2024-07-01 13:21:09.195000,-128.765,15.7138,-128.779,14.3548,-127.789,14.3438,-127.768,15.7027,20,10,40,15,15,30,A
ch2_cla_l1_20240701T193322911_20240701T193330911.fits,2024-07-01 19:33:22.911000,2024-07-01 19:33:30.911000,-133.46,-52.4119,-133.518,-53.615,-132.177,-53.631,-132.153,-52.4276,20,10,40,15,15,30,A
ch2_cla_l1_20240701T192530911_20240701T192538911.fits,2024-07-01 19:25:30.911000,2024-07-01 19:25:38.911000,-132.718,-28.4815,-132.745,-29.7651,-131.731,-29.7772,-131.715,-28.4935,20,10,40,15,15,30,A
ch2_cla_l1_20240701T090547848_20240701T090555848.fits,2024-07-01 09:05:47.848000,2024-07-01 09:05:55.848000,-124.706,81.8777,-124.901,80.6422,-119.815,80.5877,-118.87,81.8151,20,10,40,15,15,30,A
ch2_cla_l1_20240701T110032112_20240701T110040112.fits,2024-07-01 11:00:32.112000,2024-07-01 11:00:40.112000,-122.048,87.5339,-123.746,86.3245,-111.537,86.1904,-104.506,87.3386,20,10,40,15,15,30,A
ch2_cla_l1_20240701T174237826_20240701T174245826.fits,2024-07-01 17:42:37.826000,2024-07-01 17:42:45.826000,-133.827,-70.3822,-134.012,-71.5144,-131.737,-71.5407,-131.673,-70.4071,20,10,40,15,15,30,A
ch2_cla_l1_20240701T174405826_20240701T174413826.fits,2024-07-01 17:44:05.826000,2024-07-01 17:44:13.826000,-134.717,-74.9142,-135.025,-76.0277,-132.114,-76.0614,-132.009,-74.9455,20,10,40,15,15,30,A
ch2_cla_l1_20240701T151617767_20240701T151625767.fits,2024-07-01 15:16:17.767000,2024-07-01 15:16:25.767000,-129.8,19.6594,-129.814,18.3021,-128.805,18.2907,-128.782,19.6479,20,10,40,15,15,30,A
ch2_cla_l1_20240701T194850911_20240701T194858911.fits,2024-07-01 19:48:50.911000,2024-07-01 19:48:58.911000,49.7609,-78.5952,49.9497,-79.6197,53.3121,-79.5797,52.8191,-78.5589,20,10,40,15,15,30,A
ch2_cla_l1_20240701T120336112_20240701T120344112.fits,2024-07-01 12:03:36.112000,2024-07-01 12:03:44.112000,53.4563,-74.9891,53.5487,-75.9923,55.9613,-75.9661,55.7054,-74.9647,20,10,40,15,15,30,A
ch2_cla_l1_20240701T120504112_20240701T120512112.fits,2024-07-01 12:05:04.112000,2024-07-01 12:05:12.112000,53.1486,-70.3823,53.2044,-71.3709,54.9854,-71.3516,54.8387,-70.364,20,10,40,15,15,30,A
ch2_cla_l1_20240701T164357826_20240701T164405826.fits,2024-07-01 16:43:57.826000,2024-07-01 16:44:05.826000,46.0557,74.0055,46.3033,72.8766,48.7445,72.9046,48.6703,74.0354,20,10,40,15,15,30,A
ch2_cla_l1_20240701T134741195_20240701T134749195.fits,2024-07-01 13:47:41.195000,2024-07-01 13:47:49.195000,-130.937,-64.9857,-131.05,-66.1363,-129.22,-66.1566,-129.182,-65.0052,20,10,40,15,15,30,A
ch2_cla_l1_20240701T172133826_20240701T172141826.fits,2024-07-01 17:21:33.826000,2024-07-01 17:21:41.826000,-131.235,-6.3162,-131.253,-7.6512,-130.31,-7.6622,-130.294,-6.3271,20,10,40,15,15,30,A
ch2_cla_l1_20240701T113240112_20240701T113248112.fits,2024-07-01 11:32:40.112000,2024-07-01 11:32:48.112000,-128.004,-8.9824,-128.022,-10.3149,-127.075,-10.3253,-127.06,-8.9928,20,10,40,15,15,30,A
ch2_cla_l1_20240701T110816112_20240701T110824112.fits,2024-07-01 11:08:16.112000,2024-07-01 11:08:24.112000,-126.942,64.1225,-126.97,62.8306,-125.022,62.8095,-124.906,64.1004,20,10,40,15,15,30,A
ch2_cla_l1_20240701T145513767_20240701T145521767.fits,2024-07-01 14:55:13.767000,2024-07-01 14:55:21.767000,-127.447,83.0051,-127.744,81.7807,-122.048,81.7166,-120.788,82.9302,20,10,40,15,15,30,A
ch2_cla_l1_20240701T153713767_20240701T153721767.fits,2024-07-01 15:37:13.767000,2024-07-01 15:37:21.767000,-130.903,-43.3762,-130.942,-44.6106,-129.779,-44.6238,-129.761,-43.3892,20,10,40,15,15,30,A
ch2_cla_l1_20240701T155417767_20240701T155425767.fits,2024-07-01 15:54:17.767000,2024-07-01 15:54:25.767000,52.7706,-82.8188,53.2221,-83.8525,58.9401,-83.7877,57.669,-82.7634,20,10,40,15,15,30,A
ch2_cla_l1_20240701T170605826_20240701T170613826.fits,2024-07-01 17:06:05.826000,2024-07-01 17:06:13.826000,-130.608,39.9982,-130.624,38.6593,-129.421,38.6456,-129.383,39.9843,20,10,40,15,15,30,A
ch2_cla_l1_20240701T170037826_20240701T170045826.fits,2024-07-01 17:00:37.826000,2024-07-01 17:00:45.826000,-130.325,56.4071,-130.347,55.1014,-128.766,55.0834,-128.692,56.3885,20,10,40,15,15,30,A
ch2_cla_l1_20240701T140125195_20240701T140133196.fits,2024-07-01 14:01:25.195000,2024-07-01 14:01:33.196000,52.1319,-71.1583,52.1938,-72.1524,54.067,-72.1317,53.9051,-71.1384,20,10,40,15,15,30,A
ch2_cla_l1_20240701T094923848_20240701T094931848.fits,2024-07-01 09:49:23.848000,2024-07-01 09:49:31.848000,-127.802,-49.3248,-127.849,-50.5347,-126.587,-50.5482,-126.569,-49.3381,20,10,40,15,15,30,A
ch2_cla_l1_20240701T120352112_20240701T120400112.fits,2024-07-01 12:03:52.112000,2024-07-01 12:04:00.112000,53.3886,-74.1524,53.4723,-75.1527,55.7404,-75.1281,55.5116,-74.1293,20,10,40,15,15,30,A
ch2_cla_l1_20240701T114152112_20240701T114200112.fits,2024-07-01 11:41:52.112000,2024-07-01 11:42:00.112000,-128.52,-36.7651,-128.551,-38.0214,-127.47,-38.0332,-127.455,-36.7768,20,10,40,15,15,30,A
ch2_cla_l1_20240701T112912112_20240701T112920112.fits,2024-07-01 11:29:12.112000,2024-07-01 11:29:20.112000,-127.86,1.4184,-127.876,0.069,-126.926,0.0585,-126.91,1.4079,20,10,40,15,15,30,A
ch2_cla_l1_20240701T132541195_20240701T132549196.fits,2024-07-01 13:25:41.195000,2024-07-01 13:25:49.196000,-128.945,1.745,-128.96,0.3962,-128.011,0.3856,-127.995,1.7343,20,10,40,15,15,30,A
ch2_cla_l1_20240701T100331848_20240701T100339848.fits,2024-07-01 10:03:31.848000,2024-07-01 10:03:39.848000,57.5319,-85.858,58.9105,-86.8932,69.9859,-86.773,65.9494,-85.7673,20,10,40,15,15,30,A
ch2_cla_l1_20240701T164333826_20240701T164341826.fits,2024-07-01 16:43:33.826000,2024-07-01 16:43:41.826000,46.3327,72.7703,46.5466,71.646,48.8129,71.672,48.7476,72.798,20,10,40,15,15,30,A
ch2_cla_l1_20240701T170813826_20240701T170821826.fits,2024-07-01 17:08:13.826000,2024-07-01 17:08:21.826000,-130.699,33.6095,-130.713,32.2622,-129.592,32.2494,-129.561,33.5965,20,10,40,15,15,30,A
ch2_cla_l1_20240701T184730911_20240701T184738911.fits,2024-07-01 18:47:30.911000,2024-07-01 18:47:38.911000,-127.834,85.8072,-128.673,84.5985,-120.262,84.4995,-117.136,85.6807,20,10,40,15,15,30,A
ch2_cla_l1_20240701T185122911_20240701T185130911.fits,2024-07-01 18:51:22.911000,2024-07-01 18:51:30.911000,-130.72,74.0663,-130.795,72.8149,-127.931,72.7815,-127.644,74.0304,20,10,40,15,15,30,A
ch2_cla_l1_20240701T135205195_20240701T135213195.fits,2024-07-01 13:52:05.195000,2024-07-01 13:52:13.195000,-133.616,-78.584,-134.136,-79.6775,-130.321,-79.7198,-130.152,-78.6223,20,10,40,15,15,30,A
ch2_cla_l1_20240701T134301196_20240701T134309196.fits,2024-07-01 13:43:01.196000,2024-07-01 13:43:09.196000,-130.061,-50.6584,-130.111,-51.8651,-128.818,-51.8794,-128.798,-50.6724,20,10,40,15,15,30,A
ch2_cla_l1_20240701T194458911_20240701T194506911.fits,2024-07-01 19:44:58.911000,2024-07-01 19:45:06.911000,-162.266,-88.0019,-160.252,-89.2523,-147.123,-88.6427,-143.578,-88.2381,20,10,40,15,15,30,A
ch2_cla_l1_20240701T153905767_20240701T153913767.fits,2024-07-01 15:39:05.767000,2024-07-01 15:39:13.767000,-131.102,-49.0717,-131.15,-50.2855,-129.888,-50.2998,-129.868,-49.0858,20,10,40,15,15,30,A
ch2_cla_l1_20240701T132229196_20240701T132237196.fits,2024-07-01 13:22:29.196000,2024-07-01 13:22:37.196000,-128.821,11.326,-128.835,9.969,-127.862,9.9582,-127.843,11.3151,20,10,40,15,15,30,A
ch2_cla_l1_20240701T175141826_20240701T175149826.fits,2024-07-01 17:51:41.826000,2024-07-01 17:51:49.826000,51.0772,-80.3173,51.3284,-81.3453,55.3737,-81.2985,54.691,-80.2755,20,10,40,15,15,30,A
ch2_cla_l1_20240701T114232112_20240701T114240112.fits,2024-07-01 11:42:32.112000,2024-07-01 11:42:40.112000,-128.572,-38.7913,-128.604,-40.0406,-127.502,-40.0527,-127.487,-38.8032,20,10,40,15,15,30,A
ch2_cla_l1_20240701T094747848_20240701T094755848.fits,2024-07-01 09:47:47.848000,2024-07-01 09:47:55.848000,-127.634,-44.4388,-127.674,-45.6671,-126.498,-45.6797,-126.481,-44.4512,20,10,40,15,15,30,A
ch2_cla_l1_20240701T112704112_20240701T112712112.fits,2024-07-01 11:27:04.112000,2024-07-01 11:27:12.112000,-127.778,7.8067,-127.793,6.4506,-126.83,6.44,-126.812,7.7962,20,10,40,15,15,30,A
ch2_cla_l1_20240701T112136112_20240701T112144112.fits,2024-07-01 11:21:36.112000,2024-07-01 11:21:44.112000,-127.576,24.1549,-127.59,22.7947,-126.547,22.7834,-126.523,24.1434,20,10,40,15,15,30,A
ch2_cla_l1_20240701T191226911_20240701T191234911.fits,2024-07-01 19:12:26.911000,2024-07-01 19:12:34.911000,-132.081,10.8053,-132.097,9.4528,-131.13,9.4415,-131.11,10.7938,20,10,40,15,15,30,A
ch2_cla_l1_20240701T093251848_20240701T093259848.fits,2024-07-01 09:32:51.848000,2024-07-01 09:32:59.848000,-126.782,0.6554,-126.797,-0.6941,-125.847,-0.7044,-125.831,0.6451,20,10,40,15,15,30,A
ch2_cla_l1_20240701T150321767_20240701T150329767.fits,2024-07-01 15:03:21.767000,2024-07-01 15:03:29.767000,-129.215,58.4147,-129.238,57.1119,-127.578,57.0933,-127.497,58.3955,20,10,40,15,15,30,A
ch2_cla_l1_20240701T092443848_20240701T092451848.fits,2024-07-01 09:24:43.848000,2024-07-01 09:24:51.848000,-126.482,24.9834,-126.495,23.6215,-125.444,23.6102,-125.419,24.9719,20,10,40,15,15,30,A
ch2_cla_l1_20240701T153057767_20240701T153105767.fits,2024-07-01 15:30:57.767000,2024-07-01 15:31:05.767000,-130.444,-24.3665,-130.467,-25.6615,-129.478,-25.6728,-129.463,-24.3777,20,10,40,15,15,30,A
ch2_cla_l1_20240701T133853195_20240701T133901195.fits,2024-07-01 13:38:53.195000,2024-07-01 13:39:01.195000,-129.651,-38.0558,-129.683,-39.3079,-128.589,-39.3201,-128.573,-38.0678,20,10,40,15,15,30,A
ch2_cla_l1_20240701T094315848_20240701T094323848.fits,2024-07-01 09:43:15.848000,2024-07-01 09:43:23.848000,-127.284,-30.6598,-127.31,-31.9359,-126.283,-31.947,-126.268,-30.6708,20,10,40,15,15,30,A
ch2_cla_l1_20240701T112928112_20240701T112936112.fits,2024-07-01 11:29:28.112000,2024-07-01 11:29:36.112000,-127.871,0.6193,-127.887,-0.7291,-126.938,-0.7395,-126.922,0.6088,20,10,40,15,15,30,A
ch2_cla_l1_20240701T105224112_20240701T105232112.fits,2024-07-01 10:52:24.112000,2024-07-01 10:52:32.112000,50.3827,68.6095,50.5179,67.4964,52.3498,67.5163,52.3094,68.6303,20,10,40,15,15,30,A
ch2_cla_l1_20240701T114800112_20240701T114808112.fits,2024-07-01 11:48:00.112000,2024-07-01 11:48:08.112000,-129.176,-55.4856,-129.238,-56.6724,-127.822,-56.6878,-127.799,-55.5006,20,10,40,15,15,30,A
ch2_cla_l1_20240701T191034911_20240701T191042911.fits,2024-07-01 19:10:34.911000,2024-07-01 19:10:42.911000,-132.006,16.3928,-132.021,15.0387,-131.033,15.0271,-131.011,16.381,20,10,40,15,15,30,A
ch2_cla_l1_20240701T192402911_20240701T192410911.fits,2024-07-01 19:24:02.911000,2024-07-01 19:24:10.911000,-132.627,-24.0478,-132.651,-25.3437,-131.663,-25.3555,-131.648,-24.0595,20,10,40,15,15,30,A
ch2_cla_l1_20240701T193210911_20240701T193218911.fits,2024-07-01 19:32:10.911000,2024-07-01 19:32:18.911000,-133.302,-48.7436,-133.352,-49.9604,-132.093,-49.9755,-132.072,-48.7583,20,10,40,15,15,30,A
ch2_cla_l1_20240701T134933196_20240701T134941196.fits,2024-07-01 13:49:33.196000,2024-07-01 13:49:41.196000,-131.622,-70.7461,-131.807,-71.8732,-129.505,-71.8986,-129.445,-70.7702,20,10,40,15,15,30,A
ch2_cla_l1_20240701T131853195_20240701T131901196.fits,2024-07-01 13:18:53.195000,2024-07-01 13:19:01.196000,-128.686,22.0931,-128.7,20.7345,-127.673,20.7232,-127.65,22.0816,20,10,40,15,15,30,A
ch2_cla_l1_20240701T132725195_20240701T132733196.fits,2024-07-01 13:27:25.195000,2024-07-01 13:27:33.196000,-129.016,-3.4523,-129.032,-4.7937,-128.088,-4.8043,-128.072,-3.4628,20,10,40,15,15,30,A
ch2_cla_l1_20240701T153729767_20240701T153737767.fits,2024-07-01 15:37:29.767000,2024-07-01 15:37:37.767000,-130.929,-44.1888,-130.969,-45.4203,-129.793,-45.4336,-129.776,-44.2019,20,10,40,15,15,30,A
ch2_cla_l1_20240701T091819848_20240701T091827848.fits,2024-07-01 09:18:19.848000,2024-07-01 09:18:27.848000,-126.238,44.1243,-126.253,42.783,-124.969,42.7693,-124.927,44.1103,20,10,40,15,15,30,A
ch2_cla_l1_20240701T125709196_20240701T125717196.fits,2024-07-01 12:57:09.196000,2024-07-01 12:57:17.196000,-122.987,87.4838,-124.717,86.277,-112.697,86.142,-105.821,87.2896,20,10,40,15,15,30,A
ch2_cla_l1_20240701T133621196_20240701T133629195.fits,2024-07-01 13:36:21.196000,2024-07-01 13:36:29.195000,-129.469,-30.3694,-129.496,-31.6469,-128.47,-31.6583,-128.455,-30.3808,20,10,40,15,15,30,A
ch2_cla_l1_20240701T155601767_20240701T155609767.fits,2024-07-01 15:56:01.767000,2024-07-01 15:56:09.767000,51.6155,-77.4005,51.7563,-78.4165,54.7305,-78.3829,54.3471,-77.3697,20,10,40,15,15,30,A
ch2_cla_l1_20240701T164549826_20240701T164557826.fits,2024-07-01 16:45:49.826000,2024-07-01 16:45:57.826000,43.9097,79.7501,44.4997,78.6019,48.2578,78.645,48.0933,79.798,20,10,40,15,15,30,A
ch2_cla_l1_20240701T194706911_20240701T194714911.fits,2024-07-01 19:47:06.911000,2024-07-01 19:47:14.911000,51.4169,-84.0044,52.1529,-85.0457,59.3001,-84.9602,57.3437,-83.9337,20,10,40,15,15,30,A
ch2_cla_l1_20240701T192018911_20240701T192026911.fits,2024-07-01 19:20:18.911000,2024-07-01 19:20:26.911000,-132.425,-12.7948,-132.445,-14.1172,-131.495,-14.1285,-131.48,-12.8061,20,10,40,15,15,30,A
ch2_cla_l1_20240701T133149195_20240701T133157195.fits,2024-07-01 13:31:49.195000,2024-07-01 13:31:57.195000,-129.215,-16.6781,-129.235,-17.9933,-128.274,-18.004,-128.26,-16.6888,20,10,40,15,15,30,A
ch2_cla_l1_20240701T175325826_20240701T175333826.fits,2024-07-01 17:53:25.826000,2024-07-01 17:53:33.826000,50.315,-74.8932,50.4171,-75.9035,52.8462,-75.8755,52.5798,-74.867,20,10,40,15,15,30,A
ch2_cla_l1_20240701T092835848_20240701T092843848.fits,2024-07-01 09:28:35.848000,2024-07-01 09:28:43.848000,-126.622,13.4254,-126.635,12.064,-125.651,12.0534,-125.632,13.4147,20,10,40,15,15,30,A
ch2_cla_l1_20240701T164901826_20240701T164909826.fits,2024-07-01 16:49:01.826000,2024-07-01 16:49:09.826000,-21.4588,88.8925,15.5911,88.1291,39.9407,88.4271,13.3476,89.5544,20,10,40,15,15,30,A
ch2_cla_l1_20240701T150145767_20240701T150153767.fits,2024-07-01 15:01:45.767000,2024-07-01 15:01:53.767000,-129.096,63.2334,-129.125,61.9437,-127.239,61.9226,-127.129,63.2114,20,10,40,15,15,30,A
ch2_cla_l1_20240701T114448112_20240701T114456112.fits,2024-07-01 11:44:48.112000,2024-07-01 11:44:56.112000,-128.775,-45.696,-128.817,-46.9204,-127.62,-46.9334,-127.602,-45.7088,20,10,40,15,15,30,A
ch2_cla_l1_20240701T170829826_20240701T170837826.fits,2024-07-01 17:08:29.826000,2024-07-01 17:08:37.826000,-130.709,32.8113,-130.724,31.4631,-129.612,31.4504,-129.581,32.7984,20,10,40,15,15,30,A
ch2_cla_l1_20240701T134117196_20240701T134125196.fits,2024-07-01 13:41:17.196000,2024-07-01 13:41:25.196000,-129.866,-45.3637,-129.907,-46.5901,-128.714,-46.6034,-128.696,-45.3767,20,10,40,15,15,30,A
ch2_cla_l1_20240701T131757195_20240701T131805195.fits,2024-07-01 13:17:57.195000,2024-07-01 13:18:05.195000,-128.651,24.884,-128.665,23.5261,-127.619,23.5145,-127.594,24.8723,20,10,40,15,15,30,A
ch2_cla_l1_20240701T094811848_20240701T094819848.fits,2024-07-01 09:48:11.848000,2024-07-01 09:48:19.848000,-127.674,-45.6592,-127.714,-46.8829,-126.519,-46.8957,-126.502,-45.6718,20,10,40,15,15,30,A
ch2_cla_l1_20240701T151849767_20240701T151857767.fits,2024-07-01 15:18:49.767000,2024-07-01 15:18:57.767000,-129.897,12.0808,-129.911,10.7247,-128.938,10.7137,-128.918,12.0697,20,10,40,15,15,30,A
ch2_cla_l1_20240701T171125826_20240701T171133826.fits,2024-07-01 17:11:25.826000,2024-07-01 17:11:33.826000,-130.826,24.0341,-130.84,22.6795,-129.805,22.6676,-129.78,24.0221,20,10,40,15,15,30,A
ch2_cla_l1_20240701T130845195_20240701T130853196.fits,2024-07-01 13:08:45.195000,2024-07-01 13:08:53.196000,-128.262,52.4345,-128.28,51.1145,-126.816,51.0984,-126.756,52.4179,20,10,40,15,15,30,A
ch2_cla_l1_20240701T093139848_20240701T093147848.fits,2024-07-01 09:31:39.848000,2024-07-01 09:31:47.848000,-126.735,4.2496,-126.75,2.8958,-125.794,2.8855,-125.777,4.2393,20,10,40,15,15,30,A
ch2_cla_l1_20240701T110648112_20240701T110656112.fits,2024-07-01 11:06:48.112000,2024-07-01 11:06:56.112000,-126.806,68.5457,-126.843,67.2671,-124.577,67.2425,-124.416,68.5198,20,10,40,15,15,30,A
ch2_cla_l1_20240701T133941196_20240701T133949196.fits,2024-07-01 13:39:41.196000,2024-07-01 13:39:49.196000,-129.717,-40.4887,-129.752,-41.7327,-128.629,-41.7452,-128.612,-40.501,20,10,40,15,15,30,A
ch2_cla_l1_20240701T154345767_20240701T154353767.fits,2024-07-01 15:43:45.767000,2024-07-01 15:43:53.767000,-131.912,-63.3841,-132.015,-64.5429,-130.273,-64.5626,-130.237,-63.4031,20,10,40,15,15,30,A
ch2_cla_l1_20240701T100203848_20240701T100211848.fits,2024-07-01 10:02:03.848000,2024-07-01 10:02:11.848000,-158.474,-88.2368,-160.038,-89.4707,-141.696,-88.8809,-137.578,-88.4748,20,10,40,15,15,30,A
ch2_cla_l1_20240701T184218911_20240701T184226911.fits,2024-07-01 18:42:18.911000,2024-07-01 18:42:26.911000,42.9576,79.3741,43.5154,78.2289,47.1388,78.2714,46.9762,79.4213,20,10,40,15,15,30,A
ch2_cla_l1_20240701T132845195_20240701T132853195.fits,2024-07-01 13:28:45.195000,2024-07-01 13:28:53.195000,-129.072,-7.4545,-129.09,-8.7892,-128.145,-8.7997,-128.129,-7.4651,20,10,40,15,15,30,A
ch2_cla_l1_20240701T195154911_20240701T195202911.fits,2024-07-01 19:51:54.911000,2024-07-01 19:52:02.911000,48.865,-68.983,48.9222,-69.9774,50.6018,-69.9575,50.4647,-68.9641,20,10,40,15,15,30,A
ch2_cla_l1_20240701T193914911_20240701T193922911.fits,2024-07-01 19:39:14.911000,2024-07-01 19:39:22.911000,-134.977,-70.4421,-135.167,-71.5756,-132.879,-71.6028,-132.812,-70.4679,20,10,40,15,15,30,A
ch2_cla_l1_20240701T145529767_20240701T145537767.fits,2024-07-01 14:55:29.767000,2024-07-01 14:55:37.767000,-127.663,82.1949,-127.907,80.9675,-122.695,80.9089,-121.659,82.1274,20,10,40,15,15,30,A
ch2_cla_l1_20240701T124837196_20240701T124845196.fits,2024-07-01 12:48:37.196000,2024-07-01 12:48:45.196000,49.4227,67.4116,49.5448,66.3044,51.2732,66.3235,51.235,67.4316,20,10,40,15,15,30,A
ch2_cla_l1_20240701T172749826_20240701T172757826.fits,2024-07-01 17:27:49.826000,2024-07-01 17:27:57.826000,-131.554,-25.1894,-131.579,-26.4826,-130.585,-26.4941,-130.57,-25.2009,20,10,40,15,15,30,A
ch2_cla_l1_20240701T090115848_20240701T090123848.fits,2024-07-01 09:01:15.848000,2024-07-01 09:01:23.848000,41.475,85.3821,44.0283,84.2214,51.7328,84.3041,51.1405,85.4863,20,10,40,15,15,30,A
ch2_cla_l1_20240701T134525195_20240701T134533195.fits,2024-07-01 13:45:25.195000,2024-07-01 13:45:33.195000,-130.422,-58.0134,-130.494,-59.1918,-128.993,-59.2084,-128.966,-58.0295,20,10,40,15,15,30,A
ch2_cla_l1_20240701T185010911_20240701T185018911.fits,2024-07-01 18:50:10.911000,2024-07-01 18:50:18.911000,-130.397,77.7044,-130.516,76.4654,-126.958,76.4238,-126.497,77.6589,20,10,40,15,15,30,A
ch2_cla_l1_20240701T184602911_20240701T184610911.fits,2024-07-01 18:46:02.911000,2024-07-01 18:46:10.911000,-114.444,89.0538,-66.4788,88.8266,-26.2521,88.898,-64.4909,89.6988,20,10,40,15,15,30,A
ch2_cla_l1_20240701T190938911_20240701T190946911.fits,2024-07-01 19:09:38.911000,2024-07-01 19:09:46.911000,-131.969,19.1858,-131.984,17.8318,-130.981,17.82,-130.958,19.1739,20,10,40,15,15,30,A
ch2_cla_l1_20240701T100619848_20240701T100627848.fits,2024-07-01 10:06:19.848000,2024-07-01 10:06:27.848000,54.7115,-77.1045,54.8329,-78.1119,57.6887,-78.0814,57.3411,-77.0765,20,10,40,15,15,30,A
ch2_cla_l1_20240701T190506911_20240701T190514911.fits,2024-07-01 19:05:06.911000,2024-07-01 19:05:14.911000,-131.786,32.7528,-131.801,31.4068,-130.691,31.3938,-130.661,32.7397,20,10,40,15,15,30,A
ch2_cla_l1_20240701T151401767_20240701T151409767.fits,2024-07-01 15:14:01.767000,2024-07-01 15:14:09.767000,-129.714,26.4388,-129.728,25.0836,-128.672,25.0717,-128.646,26.4268,20,10,40,15,15,30,A
ch2_cla_l1_20240701T113024112_20240701T113032112.fits,2024-07-01 11:30:24.112000,2024-07-01 11:30:32.112000,-127.909,-2.1787,-127.925,-3.5231,-126.979,-3.5335,-126.963,-2.1891,20,10,40,15,15,30,A
ch2_cla_l1_20240701T185354911_20240701T185402911.fits,2024-07-01 18:53:54.911000,2024-07-01 18:54:02.911000,-131.105,66.404,-131.144,65.1283,-129.069,65.1042,-128.929,66.3786,20,10,40,15,15,30,A
ch2_cla_l1_20240701T145257767_20240701T145305767.fits,2024-07-01 14:52:57.767000,2024-07-01 14:53:05.767000,-113.583,89.0874,-118.468,88.6897,-90.3881,88.3459,-58.7531,89.7377,20,10,40,15,15,30,A
ch2_cla_l1_20240701T164725826_20240701T164733826.fits,2024-07-01 16:47:25.826000,2024-07-01 16:47:33.826000,38.5012,84.6267,40.5013,83.4724,47.2185,83.5496,46.6787,84.7209,20,10,40,15,15,30,A
ch2_cla_l1_20240701T094739848_20240701T094747848.fits,2024-07-01 09:47:39.848000,2024-07-01 09:47:47.848000,-127.622,-44.0322,-127.66,-45.2619,-126.491,-45.2745,-126.474,-44.0445,20,10,40,15,15,30,A
ch2_cla_l1_20240701T153545767_20240701T153553767.fits,2024-07-01 15:35:45.767000,2024-07-01 15:35:53.767000,-130.773,-38.9119,-130.807,-40.162,-129.701,-40.1746,-129.685,-38.9243,20,10,40,15,15,30,A
ch2_cla_l1_20240701T092803848_20240701T092811848.fits,2024-07-01 09:28:03.848000,2024-07-01 09:28:11.848000,-126.602,15.0201,-126.616,13.658,-125.625,13.6473,-125.604,15.0093,20,10,40,15,15,30,A
ch2_cla_l1_20240701T105752112_20240701T105800112.fits,2024-07-01 10:57:52.112000,2024-07-01 10:58:00.112000,40.2686,85.3872,42.8449,84.2287,50.5378,84.3126,49.9177,85.4927,20,10,40,15,15,30,A
ch2_cla_l1_20240701T125517196_20240701T125525196.fits,2024-07-01 12:55:17.196000,2024-07-01 12:55:25.196000,24.7156,87.7534,34.0341,86.6509,47.4715,86.8015,44.9258,87.9853,20,10,40,15,15,30,A
ch2_cla_l1_20240701T191418911_20240701T191426911.fits,2024-07-01 19:14:18.911000,2024-07-01 19:14:26.911000,-132.157,5.215,-132.173,3.866,-131.222,3.8548,-131.204,5.2036,20,10,40,15,15,30,A
ch2_cla_l1_20240701T085715848_20240701T085723848.fits,2024-07-01 08:57:15.848000,2024-07-01 08:57:23.848000,50.7401,73.1407,50.9552,72.0084,53.293,72.0334,53.2351,73.1674,20,10,40,15,15,30,A
ch2_cla_l1_20240701T130221196_20240701T130229195.fits,2024-07-01 13:02:21.196000,2024-07-01 13:02:29.195000,-127.734,71.7132,-127.784,70.4471,-125.208,70.4188,-124.991,71.683,20,10,40,15,15,30,A
ch2_cla_l1_20240701T150329767_20240701T150337767.fits,2024-07-01 15:03:29.767000,2024-07-01 15:03:37.767000,-129.224,58.0135,-129.247,56.7098,-127.603,56.6914,-127.523,57.9945,20,10,40,15,15,30,A
ch2_cla_l1_20240701T114624112_20240701T114632112.fits,2024-07-01 11:46:24.112000,2024-07-01 11:46:32.112000,-128.954,-50.5845,-129.004,-51.7906,-127.713,-51.8046,-127.694,-50.5983,20,10,40,15,15,30,A
ch2_cla_l1_20240701T190610911_20240701T190618911.fits,2024-07-01 19:06:10.911000,2024-07-01 19:06:18.911000,-131.83,29.5595,-131.845,28.2105,-130.767,28.198,-130.738,29.5468,20,10,40,15,15,30,A
ch2_cla_l1_20240701T191002911_20240701T191010911.fits,2024-07-01 19:10:02.911000,2024-07-01 19:10:10.911000,-131.985,17.9888,-132.0,16.6346,-131.003,16.6229,-130.981,17.977,20,10,40,15,15,30,A
ch2_cla_l1_20240701T192434911_20240701T192442911.fits,2024-07-01 19:24:34.911000,2024-07-01 19:24:42.911000,-132.659,-25.6599,-132.684,-26.9506,-131.687,-26.9625,-131.672,-25.6716,20,10,40,15,15,30,A
ch2_cla_l1_20240701T133805196_20240701T133813195.fits,2024-07-01 13:38:05.196000,2024-07-01 13:38:13.195000,-129.589,-35.6254,-129.62,-36.8856,-128.55,-36.8976,-128.535,-35.6372,20,10,40,15,15,30,A
ch2_cla_l1_20240701T155825767_20240701T155833767.fits,2024-07-01 15:58:25.767000,2024-07-01 15:58:33.767000,51.0034,-69.8717,51.0601,-70.8638,52.8073,-70.8441,52.6636,-69.853,20,10,40,15,15,30,A
ch2_cla_l1_20240701T185306911_20240701T185314911.fits,2024-07-01 18:53:06.911000,2024-07-01 18:53:14.911000,-131.009,68.821,-131.055,67.5529,-128.79,67.5265,-128.62,68.7932,20,10,40,15,15,30,A
ch2_cla_l1_20240701T175149826_20240701T175157826.fits,2024-07-01 17:51:49.826000,2024-07-01 17:51:57.826000,50.991,-79.9006,51.2214,-80.9273,55.0741,-80.8827,54.4498,-79.8607,20,10,40,15,15,30,A
ch2_cla_l1_20240701T133325195_20240701T133333195.fits,2024-07-01 13:33:25.195000,2024-07-01 13:33:33.195000,-129.297,-21.5017,-129.319,-22.8048,-128.342,-22.8157,-128.328,-21.5126,20,10,40,15,15,30,A
ch2_cla_l1_20240701T150457767_20240701T150505767.fits,2024-07-01 15:04:57.767000,2024-07-01 15:05:05.767000,-129.313,53.6037,-129.333,52.289,-127.839,52.2723,-127.775,53.5865,20,10,40,15,15,30,A
ch2_cla_l1_20240701T132901195_20240701T132909196.fits,2024-07-01 13:29:01.195000,2024-07-01 13:29:09.196000,-129.084,-8.2556,-129.102,-9.5887,-128.156,-9.5993,-128.141,-8.2661,20,10,40,15,15,30,A
ch2_cla_l1_20240701T115856112_20240701T115904112.fits,2024-07-01 11:58:56.112000,2024-07-01 11:59:04.112000,176.411,-88.8634,88.2258,-89.4843,178.378,-89.6259,-153.015,-89.2951,20,10,40,15,15,30,A
ch2_cla_l1_20240701T100155848_20240701T100203848.fits,2024-07-01 10:01:55.848000,2024-07-01 10:02:03.848000,-152.56,-87.8712,-173.977,-88.7347,-145.34,-89.0952,-135.202,-88.0643,20,10,40,15,15,30,A
ch2_cla_l1_20240701T125125195_20240701T125133195.fits,2024-07-01 12:51:25.195000,2024-07-01 12:51:33.195000,47.7533,76.0638,48.0712,74.9242,50.8815,74.9552,50.7949,76.0974,20,10,40,15,15,30,A
ch2_cla_l1_20240701T165757826_20240701T165805826.fits,2024-07-01 16:57:57.826000,2024-07-01 16:58:05.826000,-130.12,64.4398,-130.153,63.1559,-128.201,63.1337,-128.081,64.4166,20,10,40,15,15,30,A
ch2_cla_l1_20240701T100907848_20240701T100908963.fits,2024-07-01 10:09:07.848000,2024-07-01 10:09:08.963000,54.1299,-68.668,54.1589,-69.2863,55.7407,-69.2695,55.6671,-68.6516,20,10,40,15,15,30,A
ch2_cla_l1_20240701T195202911_20240701T195210911.fits,2024-07-01 19:52:02.911000,2024-07-01 19:52:10.911000,48.8425,-68.564,48.8977,-69.5572,50.5404,-69.5378,50.4089,-68.5455,20,10,40,15,15,30,A
ch2_cla_l1_20240701T194410911_20240701T194418911.fits,2024-07-01 19:44:10.911000,2024-07-01 19:44:18.911000,-145.484,-85.6599,-149.833,-86.698,-138.343,-86.8371,-136.718,-85.7651,20,10,40,15,15,30,A
ch2_cla_l1_20240701T110424112_20240701T110432112.fits,2024-07-01 11:04:24.112000,2024-07-01 11:04:32.112000,-126.445,75.8008,-126.519,74.5461,-123.331,74.5115,-122.988,75.7633,20,10,40,15,15,30,A
ch2_cla_l1_20240701T154129767_20240701T154137767.fits,2024-07-01 15:41:29.767000,2024-07-01 15:41:37.767000,-131.441,-56.4193,-131.508,-57.6052,-130.058,-57.6216,-130.032,-56.4353,20,10,40,15,15,30,A
ch2_cla_l1_20240701T174845826_20240701T174853826.fits,2024-07-01 17:48:45.826000,2024-07-01 17:48:53.826000,167.537,-88.8804,81.7376,-89.3734,158.213,-89.6418,-163.246,-89.3683,20,10,40,15,15,30,A
ch2_cla_l1_20240701T152001767_20240701T152009767.fits,2024-07-01 15:20:01.767000,2024-07-01 15:20:09.767000,-129.943,8.4891,-129.958,7.1351,-128.996,7.1243,-128.978,8.4782,20,10,40,15,15,30,A
ch2_cla_l1_20240701T193106911_20240701T193114911.fits,2024-07-01 19:31:06.911000,2024-07-01 19:31:14.911000,-133.181,-45.4889,-133.225,-46.7172,-132.025,-46.7315,-132.006,-45.5029,20,10,40,15,15,30,A
ch2_cla_l1_20240701T154657767_20240701T154705767.fits,2024-07-01 15:46:57.767000,2024-07-01 15:47:05.767000,-133.196,-73.2576,-133.443,-74.3762,-130.815,-74.4059,-130.733,-73.2854,20,10,40,15,15,30,A
ch2_cla_l1_20240701T184634911_20240701T184642911.fits,2024-07-01 18:46:34.911000,2024-07-01 18:46:42.911000,-119.892,88.6335,-125.339,87.4466,-108.689,87.2461,-92.945,88.2886,20,10,40,15,15,30,A
ch2_cla_l1_20240701T171349826_20240701T171357826.fits,2024-07-01 17:13:49.826000,2024-07-01 17:13:57.826000,-130.919,16.8542,-130.934,15.4985,-129.941,15.4871,-129.919,16.8427,20,10,40,15,15,30,A
ch2_cla_l1_20240701T093515848_20240701T093523848.fits,2024-07-01 09:35:15.848000,2024-07-01 09:35:23.848000,-126.879,-6.5423,-126.896,-7.8803,-125.949,-7.8905,-125.934,-6.5525,20,10,40,15,15,30,A
ch2_cla_l1_20240701T100235848_20240701T100243848.fits,2024-07-01 10:02:35.848000,2024-07-01 10:02:43.848000,66.9835,-88.745,73.4776,-89.1436,113.288,-89.6602,90.6257,-88.4678,20,10,40,15,15,30,A
ch2_cla_l1_20240701T113248112_20240701T113256112.fits,2024-07-01 11:32:48.112000,2024-07-01 11:32:56.112000,-128.01,-9.3829,-128.028,-10.7146,-127.08,-10.725,-127.065,-9.3933,20,10,40,15,15,30,A
ch2_cla_l1_20240701T090539848_20240701T090547848.fits,2024-07-01 09:05:39.848000,2024-07-01 09:05:47.848000,-124.624,82.2823,-124.839,81.0484,-119.535,80.9915,-118.5,82.2167,20,10,40,15,15,30,A
ch2_cla_l1_20240701T140205195_20240701T140213195.fits,2024-07-01 14:02:05.195000,2024-07-01 14:02:13.195000,52.0194,-69.0631,52.0705,-70.0503,53.7335,-70.0319,53.6034,-69.0456,20,10,40,15,15,30,A
ch2_cla_l1_20240701T090907848_20240701T090915848.fits,2024-07-01 09:09:07.848000,2024-07-01 09:09:15.848000,-125.617,71.784,-125.663,70.5133,-123.065,70.4855,-122.848,71.7544,20,10,40,15,15,30,A
ch2_cla_l1_20240701T184554911_20240701T184602911.fits,2024-07-01 18:45:54.911000,2024-07-01 18:46:02.911000,-58.7994,89.7078,-66.4788,88.8266,-26.2521,88.898,26.7034,89.2496,20,10,40,15,15,30,A
ch2_cla_l1_20240701T172525826_20240701T172533826.fits,2024-07-01 17:25:25.826000,2024-07-01 17:25:33.826000,-131.421,-17.9471,-131.442,-19.2587,-130.479,-19.2699,-130.464,-17.9583,20,10,40,15,15,30,A
ch2_cla_l1_20240701T145745767_20240701T145753767.fits,2024-07-01 14:57:45.767000,2024-07-01 14:57:53.767000,-128.567,75.3191,-128.644,74.0672,-125.56,74.0326,-125.233,75.2817,20,10,40,15,15,30,A
ch2_cla_l1_20240701T130157195_20240701T130205196.fits,2024-07-01 13:01:57.195000,2024-07-01 13:02:05.196000,-127.672,72.923,-127.728,71.6608,-125.003,71.6307,-124.756,72.8909,20,10,40,15,15,30,A
ch2_cla_l1_20240701T100027848_20240701T100035848.fits,2024-07-01 10:00:27.848000,2024-07-01 10:00:35.848000,-134.816,-83.4404,-136.417,-84.502,-129.534,-84.5758,-129.027,-83.5024,20,10,40,15,15,30,A
ch2_cla_l1_20240701T110640112_20240701T110648112.fits,2024-07-01 11:06:40.112000,2024-07-01 11:06:48.112000,-126.791,68.9482,-126.829,67.6709,-124.529,67.646,-124.362,68.9218,20,10,40,15,15,30,A
ch2_cla_l1_20240701T165637826_20240701T165645826.fits,2024-07-01 16:56:37.826000,2024-07-01 16:56:45.826000,-129.979,68.4652,-130.022,67.1933,-127.782,67.1678,-127.618,68.4383,20,10,40,15,15,30,A
ch2_cla_l1_20240701T165005826_20240701T165013826.fits,2024-07-01 16:50:05.826000,2024-07-01 16:50:13.826000,-121.81,88.2755,-125.365,87.08,-110.49,86.9062,-98.7034,87.9958,20,10,40,15,15,30,A
ch2_cla_l1_20240701T171533826_20240701T171541826.fits,2024-07-01 17:15:33.826000,2024-07-01 17:15:41.826000,-130.986,11.6671,-131.002,10.3127,-130.031,10.3015,-130.011,11.6559,20,10,40,15,15,30,A
ch2_cla_l1_20240701T154113767_20240701T154121767.fits,2024-07-01 15:41:13.767000,2024-07-01 15:41:21.767000,-131.397,-55.6016,-131.462,-56.7906,-130.037,-56.8067,-130.012,-55.6173,20,10,40,15,15,30,A
ch2_cla_l1_20240701T134917195_20240701T134925195.fits,2024-07-01 13:49:17.195000,2024-07-01 13:49:25.195000,-131.501,-69.9222,-131.672,-71.0527,-129.456,-71.0772,-129.4,-69.9455,20,10,40,15,15,30,A
ch2_cla_l1_20240701T132157195_20240701T132205195.fits,2024-07-01 13:21:57.195000,2024-07-01 13:22:05.195000,-128.8,12.9218,-128.815,11.5637,-127.836,11.5528,-127.816,12.9108,20,10,40,15,15,30,A
ch2_cla_l1_20240701T152217767_20240701T152225767.fits,2024-07-01 15:22:17.767000,2024-07-01 15:22:25.767000,-130.033,1.7,-130.049,0.3525,-129.102,0.3418,-129.085,1.6892,20,10,40,15,15,30,A
ch2_cla_l1_20240701T151841767_20240701T151849767.fits,2024-07-01 15:18:41.767000,2024-07-01 15:18:49.767000,-129.892,12.4797,-129.906,11.1236,-128.931,11.1126,-128.911,12.4686,20,10,40,15,15,30,A
ch2_cla_l1_20240701T184754911_20240701T184802911.fits,2024-07-01 18:47:54.911000,2024-07-01 18:48:02.911000,-128.697,84.5907,-129.229,83.377,-122.288,83.2955,-120.266,84.4915,20,10,40,15,15,30,A
ch2_cla_l1_20240701T092931848_20240701T092939848.fits,2024-07-01 09:29:31.848000,2024-07-01 09:29:39.848000,-126.656,10.6341,-126.67,9.2743,-125.696,9.2638,-125.678,10.6236,20,10,40,15,15,30,A
ch2_cla_l1_20240701T190946911_20240701T190954911.fits,2024-07-01 19:09:46.911000,2024-07-01 19:09:54.911000,-131.974,18.7868,-131.99,17.4328,-130.988,17.421,-130.966,18.7749,20,10,40,15,15,30,A
ch2_cla_l1_20240701T113432112_20240701T113440112.fits,2024-07-01 11:34:32.112000,2024-07-01 11:34:40.112000,-128.089,-14.5958,-128.108,-15.9163,-127.152,-15.9268,-127.138,-14.6062,20,10,40,15,15,30,A
ch2_cla_l1_20240701T191130911_20240701T191138911.fits,2024-07-01 19:11:30.911000,2024-07-01 19:11:38.911000,-132.043,13.5993,-132.059,12.2458,-131.082,12.2343,-131.061,13.5878,20,10,40,15,15,30,A
ch2_cla_l1_20240701T093147848_20240701T093155848.fits,2024-07-01 09:31:47.848000,2024-07-01 09:31:55.848000,-126.741,3.8506,-126.755,2.497,-125.8,2.4866,-125.783,3.8402,20,10,40,15,15,30,A
ch2_cla_l1_20240701T190722911_20240701T190730911.fits,2024-07-01 19:07:22.911000,2024-07-01 19:07:30.911000,-131.878,25.9683,-131.894,24.6165,-130.846,24.6043,-130.82,25.9559,20,10,40,15,15,30,A
ch2_cla_l1_20240701T151409767_20240701T151417767.fits,2024-07-01 15:14:09.767000,2024-07-01 15:14:17.767000,-129.719,26.04,-129.733,24.6844,-128.68,24.6726,-128.654,26.028,20,10,40,15,15,30,A
ch2_cla_l1_20240701T115736112_20240701T115744112.fits,2024-07-01 11:57:36.112000,2024-07-01 11:57:44.112000,-138.852,-85.1066,-141.936,-86.1513,-132.17,-86.2585,-131.15,-85.1907,20,10,40,15,15,30,A
ch2_cla_l1_20240701T115104112_20240701T115112112.fits,2024-07-01 11:51:04.112000,2024-07-01 11:51:12.112000,-129.815,-64.9146,-129.926,-66.0639,-128.105,-66.0837,-128.068,-64.9336,20,10,40,15,15,30,A
ch2_cla_l1_20240701T094451848_20240701T094459848.fits,2024-07-01 09:44:51.848000,2024-07-01 09:44:59.848000,-127.391,-35.5118,-127.422,-36.7725,-126.354,-36.784,-126.339,-35.5233,20,10,40,15,15,30,A
ch2_cla_l1_20240701T131957195_20240701T132005195.fits,2024-07-01 13:19:57.195000,2024-07-01 13:20:05.195000,-128.726,18.9036,-128.74,17.5445,-127.732,17.5333,-127.711,18.8923,20,10,40,15,15,30,A
ch2_cla_l1_20240701T095243848_20240701T095251848.fits,2024-07-01 09:52:43.848000,2024-07-01 09:52:51.848000,-128.298,-59.5451,-128.375,-60.7146,-126.822,-60.7312,-126.795,-59.5612,20,10,40,15,15,30,A
ch2_cla_l1_20240701T133053196_20240701T133101196.fits,2024-07-01 13:30:53.196000,2024-07-01 13:31:01.196000,-129.169,-13.868,-129.189,-15.1898,-128.235,-15.2004,-128.22,-13.8786,20,10,40,15,15,30,A
ch2_cla_l1_20240701T165557826_20240701T165605826.fits,2024-07-01 16:55:57.826000,2024-07-01 16:56:05.826000,-129.892,70.4802,-129.941,69.2147,-127.514,69.187,-127.318,70.4508,20,10,40,15,15,30,A
ch2_cla_l1_20240701T154937767_20240701T154945767.fits,2024-07-01 15:49:37.767000,2024-07-01 15:49:45.767000,-136.469,-81.5079,-137.441,-82.5882,-132.215,-82.6473,-131.892,-81.5596,20,10,40,15,15,30,A
ch2_cla_l1_20240701T193258911_20240701T193306911.fits,2024-07-01 19:32:58.911000,2024-07-01 19:33:06.911000,-133.405,-51.1884,-133.46,-52.3963,-132.148,-52.4119,-132.125,-51.2037,20,10,40,15,15,30,A
ch2_cla_l1_20240701T184426911_20240701T184434911.fits,2024-07-01 18:44:26.911000,2024-07-01 18:44:34.911000,33.7975,85.8572,37.0552,84.7121,45.3787,84.8103,44.4533,85.9835,20,10,40,15,15,30,A
ch2_cla_l1_20240701T145521767_20240701T145529767.fits,2024-07-01 14:55:21.767000,2024-07-01 14:55:29.767000,-127.561,82.6,-127.829,81.374,-122.386,81.3128,-121.247,82.5289,20,10,40,15,15,30,A
ch2_cla_l1_20240701T132357195_20240701T132405196.fits,2024-07-01 13:23:57.195000,2024-07-01 13:24:05.196000,-128.877,6.9363,-128.892,5.5823,-127.932,5.5716,-127.914,6.9256,20,10,40,15,15,30,A
ch2_cla_l1_20240701T131053196_20240701T131101195.fits,2024-07-01 13:10:53.196000,2024-07-01 13:11:01.195000,-128.367,46.034,-128.383,44.7009,-127.07,44.6865,-127.023,46.0192,20,10,40,15,15,30,A
ch2_cla_l1_20240701T172741826_20240701T172749826.fits,2024-07-01 17:27:41.826000,2024-07-01 17:27:49.826000,-131.547,-24.7867,-131.571,-26.0805,-130.579,-26.092,-130.564,-24.7981,20,10,40,15,15,30,A
ch2_cla_l1_20240701T134133195_20240701T134141195.fits,2024-07-01 13:41:33.195000,2024-07-01 13:41:41.195000,-129.893,-46.1772,-129.936,-47.4006,-128.729,-47.4141,-128.711,-46.1903,20,10,40,15,15,30,A
ch2_cla_l1_20240701T153721767_20240701T153729767.fits,2024-07-01 15:37:21.767000,2024-07-01 15:37:29.767000,-130.916,-43.7825,-130.956,-45.0154,-129.786,-45.0287,-129.768,-43.7955,20,10,40,15,15,30,A
ch2_cla_l1_20240701T091043848_20240701T091051848.fits,2024-07-01 09:10:43.848000,2024-07-01 09:10:51.848000,-125.794,66.9545,-125.826,65.6686,-123.682,65.6457,-123.541,66.9304,20,10,40,15,15,30,A
ch2_cla_l1_20240701T192626911_20240701T192634911.fits,2024-07-01 19:26:26.911000,2024-07-01 19:26:34.911000,-132.781,-31.3072,-132.81,-32.5824,-131.775,-32.5947,-131.76,-31.3194,20,10,40,15,15,30,A
ch2_cla_l1_20240701T090651848_20240701T090659848.fits,2024-07-01 09:06:51.848000,2024-07-01 09:06:59.848000,-125.16,78.6429,-125.265,77.3957,-121.412,77.3544,-120.898,78.5972,20,10,40,15,15,30,A
ch2_cla_l1_20240701T185058911_20240701T185106911.fits,2024-07-01 18:50:58.911000,2024-07-01 18:51:06.911000,-130.629,75.2784,-130.715,74.0311,-127.655,73.9954,-127.323,75.2398,20,10,40,15,15,30,A
ch2_cla_l1_20240701T125701196_20240701T125709196.fits,2024-07-01 12:57:01.196000,2024-07-01 12:57:09.196000,-121.953,87.8879,-124.259,86.6835,-110.892,86.5338,-102.042,87.6603,20,10,40,15,15,30,A
ch2_cla_l1_20240701T111304112_20240701T111312112.fits,2024-07-01 11:13:04.112000,2024-07-01 11:13:12.112000,-127.233,49.6941,-127.249,48.3659,-125.853,48.3507,-125.8,49.6785,20,10,40,15,15,30,A
ch2_cla_l1_20240701T111536112_20240701T111544112.fits,2024-07-01 11:15:36.112000,2024-07-01 11:15:44.112000,-127.346,42.1019,-127.36,40.7598,-126.116,40.7463,-126.076,42.0882,20,10,40,15,15,30,A
ch2_cla_l1_20240701T155609767_20240701T155617767.fits,2024-07-01 15:56:09.767000,2024-07-01 15:56:17.767000,51.5647,-76.983,51.6966,-77.9976,54.5618,-77.9653,54.2041,-76.9532,20,10,40,15,15,30,A
ch2_cla_l1_20240701T164541826_20240701T164549826.fits,2024-07-01 16:45:41.826000,2024-07-01 16:45:49.826000,44.1381,79.3411,44.6853,78.1941,48.307,78.2356,48.1536,79.3872,20,10,40,15,15,30,A
ch2_cla_l1_20240701T144833767_20240701T144841767.fits,2024-07-01 14:48:33.767000,2024-07-01 14:48:41.767000,46.0372,77.7189,46.4482,76.5752,49.6187,76.6108,49.5055,77.7578,20,10,40,15,15,30,A
ch2_cla_l1_20240701T194522911_20240701T194530911.fits,2024-07-01 19:45:22.911000,2024-07-01 19:45:30.911000,107.704,-88.839,128.333,-88.9821,112.335,-89.6062,141.496,-88.9953,20,10,40,15,15,30,A
ch2_cla_l1_20240701T134605195_20240701T134613196.fits,2024-07-01 13:46:05.195000,2024-07-01 13:46:13.196000,-130.55,-60.0615,-130.632,-61.2317,-129.051,-61.2492,-129.022,-60.0784,20,10,40,15,15,30,A
ch2_cla_l1_20240701T112920112_20240701T112928112.fits,2024-07-01 11:29:20.112000,2024-07-01 11:29:28.112000,-127.866,1.0189,-127.881,-0.33,-126.932,-0.3405,-126.916,1.0084,20,10,40,15,15,30,A
ch2_cla_l1_20240701T192954911_20240701T193002911.fits,2024-07-01 19:29:54.911000,2024-07-01 19:30:02.911000,-133.06,-41.8332,-133.099,-43.0742,-131.955,-43.0879,-131.937,-41.8466,20,10,40,15,15,30,A
ch2_cla_l1_20240701T114808112_20240701T114816112.fits,2024-07-01 11:48:08.112000,2024-07-01 11:48:16.112000,-129.197,-55.8944,-129.261,-57.0798,-127.832,-57.0954,-127.809,-55.9096,20,10,40,15,15,30,A
ch2_cla_l1_20240701T105632112_20240701T105640112.fits,2024-07-01 10:56:32.112000,2024-07-01 10:56:40.112000,46.2875,81.3417,47.0809,80.1833,51.5115,80.2315,51.3162,81.3964,20,10,40,15,15,30,A
ch2_cla_l1_20240701T114440112_20240701T114448112.fits,2024-07-01 11:44:40.112000,2024-07-01 11:44:48.112000,-128.762,-45.2892,-128.803,-46.5151,-127.612,-46.5281,-127.595,-45.302,20,10,40,15,15,30,A
ch2_cla_l1_20240701T170821826_20240701T170829826.fits,2024-07-01 17:08:21.826000,2024-07-01 17:08:29.826000,-130.704,33.2103,-130.719,31.8627,-129.602,31.85,-129.571,33.1974,20,10,40,15,15,30,A
ch2_cla_l1_20240701T130045196_20240701T130053195.fits,2024-07-01 13:00:45.196000,2024-07-01 13:00:53.195000,-127.431,76.5557,-127.517,75.3058,-124.189,75.2691,-123.807,76.5157,20,10,40,15,15,30,A
ch2_cla_l1_20240701T094859848_20240701T094907848.fits,2024-07-01 09:48:59.848000,2024-07-01 09:49:07.848000,-127.757,-48.1022,-127.802,-49.3166,-126.564,-49.3299,-126.546,-48.1152,20,10,40,15,15,30,A
ch2_cla_l1_20240701T164909826_20240701T164917826.fits,2024-07-01 16:49:09.826000,2024-07-01 16:49:17.826000,-51.0656,89.7326,7.1137,88.4493,36.6322,88.8267,29.9663,89.2184,20,10,40,15,15,30,A
ch2_cla_l1_20240701T132045196_20240701T132053196.fits,2024-07-01 13:20:45.196000,2024-07-01 13:20:53.196000,-128.756,16.511,-128.77,15.1523,-127.775,15.1412,-127.754,16.4999,20,10,40,15,15,30,A
ch2_cla_l1_20240701T173205826_20240701T173213826.fits,2024-07-01 17:32:05.826000,2024-07-01 17:32:13.826000,-131.851,-38.1176,-131.885,-39.3707,-130.788,-39.3835,-130.771,-38.1302,20,10,40,15,15,30,A
ch2_cla_l1_20240701T173437826_20240701T173445826.fits,2024-07-01 17:34:37.826000,2024-07-01 17:34:45.826000,-132.087,-45.8301,-132.131,-47.0566,-130.927,-47.0706,-130.908,-45.8438,20,10,40,15,15,30,A
ch2_cla_l1_20240701T192842911_20240701T192850911.fits,2024-07-01 19:28:42.911000,2024-07-01 19:28:50.911000,-132.954,-38.1837,-132.988,-39.4371,-131.89,-39.4502,-131.873,-38.1967,20,10,40,15,15,30,A
ch2_cla_l1_20240701T105552112_20240701T105600112.fits,2024-07-01 10:55:52.112000,2024-07-01 10:56:00.112000,47.5912,79.3,48.1195,78.1475,51.7544,78.187,51.6209,79.3438,20,10,40,15,15,30,A
ch2_cla_l1_20240701T150313767_20240701T150321767.fits,2024-07-01 15:03:13.767000,2024-07-01 15:03:21.767000,-129.206,58.816,-129.23,57.5141,-127.554,57.4954,-127.47,58.7966,20,10,40,15,15,30,A
ch2_cla_l1_20240701T133141195_20240701T133149195.fits,2024-07-01 13:31:41.195000,2024-07-01 13:31:49.195000,-129.208,-16.2764,-129.228,-17.5926,-128.269,-17.6033,-128.254,-16.2871,20,10,40,15,15,30,A
ch2_cla_l1_20240701T170957826_20240701T171005826.fits,2024-07-01 17:09:57.826000,2024-07-01 17:10:05.826000,-130.768,28.4223,-130.783,27.0701,-129.712,27.0579,-129.685,28.4098,20,10,40,15,15,30,A
ch2_cla_l1_20240701T114752112_20240701T114800112.fits,2024-07-01 11:47:52.112000,2024-07-01 11:48:00.112000,-129.155,-55.0767,-129.217,-56.2653,-127.812,-56.2805,-127.789,-55.0916,20,10,40,15,15,30,A
ch2_cla_l1_20240701T150545767_20240701T150553767.fits,2024-07-01 15:05:45.767000,2024-07-01 15:05:53.767000,-129.357,51.2008,-129.375,49.8807,-127.948,49.8647,-127.891,51.1845,20,10,40,15,15,30,A
ch2_cla_l1_20240701T114048112_20240701T114056112.fits,2024-07-01 11:40:48.112000,2024-07-01 11:40:56.112000,-128.443,-33.5272,-128.471,-34.7943,-127.421,-34.8058,-127.406,-33.5386,20,10,40,15,15,30,A
ch2_cla_l1_20240701T164853826_20240701T164901826.fits,2024-07-01 16:48:53.826000,2024-07-01 16:49:01.826000,-4.1158,88.7016,21.5047,87.7802,41.907,88.0243,30.6169,89.1876,20,10,40,15,15,30,A
ch2_cla_l1_20240701T192418911_20240701T192426911.fits,2024-07-01 19:24:18.911000,2024-07-01 19:24:26.911000,-132.643,-24.8536,-132.668,-26.1471,-131.675,-26.159,-131.66,-24.8653,20,10,40,15,15,30,A
ch2_cla_l1_20240701T085739848_20240701T085747848.fits,2024-07-01 08:57:39.848000,2024-07-01 08:57:47.848000,50.4613,74.3745,50.7115,73.2375,53.2335,73.2644,53.1675,74.4034,20,10,40,15,15,30,A
ch2_cla_l1_20240701T091803848_20240701T091811848.fits,2024-07-01 09:18:03.848000,2024-07-01 09:18:11.848000,-126.227,44.9229,-126.241,43.583,-124.943,43.5692,-124.9,44.9087,20,10,40,15,15,30,A
ch2_cla_l1_20240701T191434911_20240701T191442911.fits,2024-07-01 19:14:34.911000,2024-07-01 19:14:42.911000,-132.168,4.4157,-132.184,3.0679,-131.235,3.0566,-131.217,4.4044,20,10,40,15,15,30,A
ch2_cla_l1_20240701T125829195_20240701T125837196.fits,2024-07-01 12:58:29.195000,2024-07-01 12:58:37.196000,-126.33,83.433,-126.647,82.2079,-120.64,82.1415,-119.24,83.3545,20,10,40,15,15,30,A
ch2_cla_l1_20240701T133901195_20240701T133909195.fits,2024-07-01 13:39:01.195000,2024-07-01 13:39:09.195000,-129.661,-38.4609,-129.694,-39.7119,-128.595,-39.7241,-128.579,-38.473,20,10,40,15,15,30,A
ch2_cla_l1_20240701T193610911_20240701T193618911.fits,2024-07-01 19:36:10.911000,2024-07-01 19:36:18.911000,-133.964,-60.9972,-134.055,-62.168,-132.424,-62.1874,-132.39,-61.016,20,10,40,15,15,30,A
ch2_cla_l1_20240701T192002911_20240701T192010911.fits,2024-07-01 19:20:02.911000,2024-07-01 19:20:10.911000,-132.412,-11.9925,-132.432,-13.3165,-131.484,-13.3279,-131.468,-12.0038,20,10,40,15,15,30,A
ch2_cla_l1_20240701T153329767_20240701T153337767.fits,2024-07-01 15:33:29.767000,2024-07-01 15:33:37.767000,-130.602,-32.0316,-130.631,-33.3041,-129.592,-33.316,-129.576,-32.0433,20,10,40,15,15,30,A
ch2_cla_l1_20240701T194306911_20240701T194314911.fits,2024-07-01 19:43:06.911000,2024-07-01 19:43:14.911000,-139.678,-82.3901,-140.953,-83.4681,-135.021,-83.5388,-134.57,-82.451,20,10,40,15,15,30,A
ch2_cla_l1_20240701T144825767_20240701T144833767.fits,2024-07-01 14:48:25.767000,2024-07-01 14:48:33.767000,46.1963,77.3088,46.5821,76.1666,49.6535,76.2011,49.5464,77.3465,20,10,40,15,15,30,A
ch2_cla_l1_20240701T155201767_20240701T155209767.fits,2024-07-01 15:52:01.767000,2024-07-01 15:52:09.767000,157.774,-88.9836,133.844,-89.0265,121.892,-89.6592,-175.309,-88.6407,20,10,40,15,15,30,A
ch2_cla_l1_20240701T164149826_20240701T164157826.fits,2024-07-01 16:41:49.826000,2024-07-01 16:41:57.826000,47.1933,67.4054,47.3179,66.3011,49.0383,66.3208,48.9973,67.4261,20,10,40,15,15,30,A
ch2_cla_l1_20240701T153457767_20240701T153505767.fits,2024-07-01 15:34:57.767000,2024-07-01 15:35:05.767000,-130.709,-36.481,-130.74,-37.7392,-129.661,-37.7515,-129.646,-36.4931,20,10,40,15,15,30,A
ch2_cla_l1_20240701T130325195_20240701T130333195.fits,2024-07-01 13:03:25.195000,2024-07-01 13:03:33.195000,-127.869,68.4905,-127.907,67.2142,-125.653,67.1894,-125.491,68.4644,20,10,40,15,15,30,A
ch2_cla_l1_20240701T131221196_20240701T131229196.fits,2024-07-01 13:12:21.196000,2024-07-01 13:12:29.196000,-128.431,41.6392,-128.446,40.2984,-127.212,40.2849,-127.173,41.6254,20,10,40,15,15,30,A
ch2_cla_l1_20240701T094715848_20240701T094723848.fits,2024-07-01 09:47:15.848000,2024-07-01 09:47:23.848000,-127.585,-42.8129,-127.622,-44.0471,-126.47,-44.0595,-126.454,-42.825,20,10,40,15,15,30,A
ch2_cla_l1_20240701T105624112_20240701T105632112.fits,2024-07-01 10:56:24.112000,2024-07-01 10:56:32.112000,46.5944,80.9339,47.3212,79.7766,51.5673,79.8227,51.3874,80.986,20,10,40,15,15,30,A
ch2_cla_l1_20240701T151001767_20240701T151009767.fits,2024-07-01 15:10:01.767000,2024-07-01 15:10:09.767000,-129.555,38.4086,-129.57,37.0652,-128.387,37.052,-128.351,38.3952,20,10,40,15,15,30,A
ch2_cla_l1_20240701T190106911_20240701T190114911.fits,2024-07-01 19:01:06.911000,2024-07-01 19:01:14.911000,-131.606,44.7395,-131.623,43.4107,-130.345,43.3959,-130.3,44.7243,20,10,40,15,15,30,A
ch2_cla_l1_20240701T113424112_20240701T113432112.fits,2024-07-01 11:34:24.112000,2024-07-01 11:34:32.112000,-128.083,-14.1943,-128.102,-15.516,-127.147,-15.5265,-127.132,-14.2048,20,10,40,15,15,30,A
ch2_cla_l1_20240701T145657767_20240701T145705767.fits,2024-07-01 14:56:57.767000,2024-07-01 14:57:05.767000,-128.358,77.7436,-128.464,76.5002,-124.878,76.4599,-124.422,77.6995,20,10,40,15,15,30,A
ch2_cla_l1_20240701T145129767_20240701T145137767.fits,2024-07-01 14:51:29.767000,2024-07-01 14:51:37.767000,32.9235,86.628,37.5284,85.4879,47.3866,85.5996,46.1683,86.7791,20,10,40,15,15,30,A
ch2_cla_l1_20240701T165845826_20240701T165853826.fits,2024-07-01 16:58:45.826000,2024-07-01 16:58:53.826000,-130.19,62.0277,-130.218,60.7368,-128.401,60.7161,-128.298,62.0061,20,10,40,15,15,30,A
ch2_cla_l1_20240701T110952112_20240701T111000112.fits,2024-07-01 11:09:52.112000,2024-07-01 11:10:00.112000,-127.057,59.3057,-127.079,58.0004,-125.374,57.9819,-125.288,59.2865,20,10,40,15,15,30,A
ch2_cla_l1_20240701T133109196_20240701T133117196.fits,2024-07-01 13:31:09.196000,2024-07-01 13:31:17.196000,-129.182,-14.6707,-129.202,-15.9905,-128.246,-16.0012,-128.232,-14.6813,20,10,40,15,15,30,A
ch2_cla_l1_20240701T172349826_20240701T172357826.fits,2024-07-01 17:23:49.826000,2024-07-01 17:23:57.826000,-131.34,-13.1293,-131.36,-14.4514,-130.409,-14.4625,-130.394,-13.1404,20,10,40,15,15,30,A
ch2_cla_l1_20240701T090515848_20240701T090523848.fits,2024-07-01 09:05:15.848000,2024-07-01 09:05:23.848000,-124.318,83.4968,-124.612,82.2673,-118.524,82.2021,-117.118,83.4195,20,10,40,15,15,30,A
ch2_cla_l1_20240701T174757826_20240701T174805826.fits,2024-07-01 17:47:57.826000,2024-07-01 17:48:05.826000,-149.011,-86.8121,-157.697,-87.805,-140.597,-88.0119,-137.197,-86.9513,20,10,40,15,15,30,A
ch2_cla_l1_20240701T184202911_20240701T184210911.fits,2024-07-01 18:42:02.911000,2024-07-01 18:42:10.911000,43.3748,78.5553,43.8572,77.4125,47.2335,77.4522,47.0921,78.5989,20,10,40,15,15,30,A
ch2_cla_l1_20240701T100219848_20240701T100227848.fits,2024-07-01 10:02:19.848000,2024-07-01 10:02:27.848000,178.934,-88.8578,90.4203,-89.5131,-176.511,-89.6169,-150.362,-89.2748,20,10,40,15,15,30,A
ch2_cla_l1_20240701T185410911_20240701T185418911.fits,2024-07-01 18:54:10.911000,2024-07-01 18:54:18.911000,-131.134,65.5988,-131.17,64.3206,-129.151,64.2971,-129.019,65.5741,20,10,40,15,15,30,A
ch2_cla_l1_20240701T130717196_20240701T130725196.fits,2024-07-01 13:07:17.196000,2024-07-01 13:07:25.196000,-128.179,56.8412,-128.2,55.5319,-126.596,55.5143,-126.521,56.823,20,10,40,15,15,30,A
ch2_cla_l1_20240701T110248112_20240701T110256112.fits,2024-07-01 11:02:48.112000,2024-07-01 11:02:56.112000,-125.94,80.6503,-126.099,79.4126,-121.581,79.3635,-120.844,80.5949,20,10,40,15,15,30,A
ch2_cla_l1_20240701T154745767_20240701T154753767.fits,2024-07-01 15:47:45.767000,2024-07-01 15:47:53.767000,-133.785,-75.7321,-134.123,-76.8401,-131.059,-76.8748,-130.947,-75.7641,20,10,40,15,15,30,A
ch2_cla_l1_20240701T093539848_20240701T093547848.fits,2024-07-01 09:35:39.848000,2024-07-01 09:35:47.848000,-126.896,-7.7433,-126.913,-9.0791,-125.966,-9.0894,-125.951,-7.7536,20,10,40,15,15,30,A
ch2_cla_l1_20240701T100603848_20240701T100611848.fits,2024-07-01 10:06:03.848000,2024-07-01 10:06:11.848000,54.8083,-77.9403,54.9466,-78.9506,58.0305,-78.9176,57.6306,-77.9102,20,10,40,15,15,30,A
ch2_cla_l1_20240701T184618911_20240701T184626911.fits,2024-07-01 18:46:18.911000,2024-07-01 18:46:26.911000,-103.707,89.4068,-122.398,88.2562,-99.732,87.975,-67.7175,88.8128,20,10,40,15,15,30,A
ch2_cla_l1_20240701T125749195_20240701T125757195.fits,2024-07-01 12:57:49.195000,2024-07-01 12:57:57.195000,-125.395,85.4591,-126.017,84.2419,-118.022,84.1532,-115.359,85.3471,20,10,40,15,15,30,A
ch2_cla_l1_20240701T171525826_20240701T171533826.fits,2024-07-01 17:15:25.826000,2024-07-01 17:15:33.826000,-130.981,12.0663,-130.996,10.7116,-130.024,10.7005,-130.004,12.055,20,10,40,15,15,30,A
ch2_cla_l1_20240701T115944112_20240701T115952112.fits,2024-07-01 11:59:44.112000,2024-07-01 11:59:52.112000,58.3184,-87.073,61.6293,-88.1095,78.9539,-87.9126,70.1106,-86.9425,20,10,40,15,15,30,A
ch2_cla_l1_20240701T093907848_20240701T093915848.fits,2024-07-01 09:39:07.848000,2024-07-01 09:39:15.848000,-127.054,-18.1718,-127.074,-19.4841,-126.109,-19.4945,-126.095,-18.1822,20,10,40,15,15,30,A
ch2_cla_l1_20240701T113640112_20240701T113648112.fits,2024-07-01 11:36:40.112000,2024-07-01 11:36:48.112000,-128.195,-21.0242,-128.217,-22.3288,-127.241,-22.3395,-127.227,-21.0348,20,10,40,15,15,30,A
ch2_cla_l1_20240701T145113767_20240701T145121767.fits,2024-07-01 14:51:13.767000,2024-07-01 14:51:21.767000,36.3972,85.8411,39.5591,84.6906,47.8964,84.7848,47.0719,85.9622,20,10,40,15,15,30,A
ch2_cla_l1_20240701T125917195_20240701T125925195.fits,2024-07-01 12:59:17.195000,2024-07-01 12:59:25.195000,-126.903,81.0035,-127.081,79.7694,-122.43,79.718,-121.635,80.9453,20,10,40,15,15,30,A
ch2_cla_l1_20240701T152841767_20240701T152849767.fits,2024-07-01 15:28:41.767000,2024-07-01 15:28:49.767000,-130.321,-17.5279,-130.342,-18.8408,-129.38,-18.8518,-129.365,-17.5388,20,10,40,15,15,30,A
ch2_cla_l1_20240701T091931848_20240701T091939848.fits,2024-07-01 09:19:31.848000,2024-07-01 09:19:39.848000,-126.287,40.5319,-126.301,39.1848,-125.078,39.1717,-125.041,40.5186,20,10,40,15,15,30,A
ch2_cla_l1_20240701T193946911_20240701T193954911.fits,2024-07-01 19:39:46.911000,2024-07-01 19:39:54.911000,-135.257,-72.0888,-135.482,-73.2155,-133.001,-73.2451,-132.922,-72.1166,20,10,40,15,15,30,A
ch2_cla_l1_20240701T151217767_20240701T151225767.fits,2024-07-01 15:12:17.767000,2024-07-01 15:12:25.767000,-129.647,31.624,-129.661,30.2726,-128.558,30.2603,-128.529,31.6115,20,10,40,15,15,30,A
ch2_cla_l1_20240701T174637826_20240701T174645826.fits,2024-07-01 17:46:37.826000,2024-07-01 17:46:45.826000,-138.814,-82.7465,-140.196,-83.8206,-133.958,-83.893,-133.483,-82.8082,20,10,40,15,15,30,A
ch2_cla_l1_20240701T174005826_20240701T174013826.fits,2024-07-01 17:40:05.826000,2024-07-01 17:40:13.826000,-132.964,-62.5745,-133.063,-63.7379,-131.36,-63.7576,-131.324,-62.5935,20,10,40,15,15,30,A
ch2_cla_l1_20240701T120104112_20240701T120112112.fits,2024-07-01 12:01:04.112000,2024-07-01 12:01:12.112000,54.8104,-82.9196,55.244,-83.9487,61.009,-83.8858,59.7403,-82.8659,20,10,40,15,15,30,A
ch2_cla_l1_20240701T131157195_20240701T131205195.fits,2024-07-01 13:11:57.195000,2024-07-01 13:12:05.195000,-128.414,42.8374,-128.429,41.4985,-127.175,41.4848,-127.134,42.8233,20,10,40,15,15,30,A
ch2_cla_l1_20240701T172533826_20240701T172541826.fits,2024-07-01 17:25:33.826000,2024-07-01 17:25:41.826000,-131.428,-18.349,-131.449,-19.6596,-130.484,-19.6708,-130.469,-18.3602,20,10,40,15,15,30,A
ch2_cla_l1_20240701T134341195_20240701T134349195.fits,2024-07-01 13:43:41.195000,2024-07-01 13:43:49.195000,-130.148,-52.6983,-130.204,-53.8973,-128.862,-53.9123,-128.84,-52.7129,20,10,40,15,15,30,A
ch2_cla_l1_20240701T145937767_20240701T145945767.fits,2024-07-01 14:59:37.767000,2024-07-01 14:59:45.767000,-128.878,69.6717,-128.923,68.4014,-126.568,68.375,-126.388,69.6438,20,10,40,15,15,30,A
ch2_cla_l1_20240701T154521767_20240701T154529767.fits,2024-07-01 15:45:21.767000,2024-07-01 15:45:29.767000,-132.414,-68.3154,-132.564,-69.4542,-130.489,-69.4776,-130.438,-68.3377,20,10,40,15,15,30,A
ch2_cla_l1_20240701T125133195_20240701T125141195.fits,2024-07-01 12:51:33.195000,2024-07-01 12:51:41.195000,47.6224,76.4744,47.9597,75.3332,50.8534,75.3651,50.7619,76.509,20,10,40,15,15,30,A
ch2_cla_l1_20240701T152409767_20240701T152417767.fits,2024-07-01 15:24:09.767000,2024-07-01 15:24:17.767000,-130.111,-3.898,-130.128,-5.2377,-129.184,-5.2484,-129.168,-3.9087,20,10,40,15,15,30,A
ch2_cla_l1_20240701T133357195_20240701T133405195.fits,2024-07-01 13:33:57.195000,2024-07-01 13:34:05.195000,-129.326,-23.1119,-129.349,-24.4103,-128.365,-24.4213,-128.351,-23.1228,20,10,40,15,15,30,A
ch2_cla_l1_20240701T192130911_20240701T192138911.fits,2024-07-01 19:21:30.911000,2024-07-01 19:21:38.911000,-132.486,-16.4072,-132.508,-17.7219,-131.549,-17.7333,-131.533,-16.4186,20,10,40,15,15,30,A
ch2_cla_l1_20240701T090147848_20240701T090155848.fits,2024-07-01 09:01:47.848000,2024-07-01 09:01:55.848000,34.7115,86.958,40.1087,85.8165,50.8587,85.9325,49.5741,87.1199,20,10,40,15,15,30,A
ch2_cla_l1_20240701T193722911_20240701T193730911.fits,2024-07-01 19:37:22.911000,2024-07-01 19:37:30.911000,-134.275,-64.6881,-134.392,-65.8443,-132.568,-65.8661,-132.525,-64.709,20,10,40,15,15,30,A
ch2_cla_l1_20240701T110432112_20240701T110440112.fits,2024-07-01 11:04:32.112000,2024-07-01 11:04:40.112000,-126.473,75.3972,-126.544,74.141,-123.429,74.1072,-123.103,75.3606,20,10,40,15,15,30,A
ch2_cla_l1_20240701T171741826_20240701T171749826.fits,2024-07-01 17:17:41.826000,2024-07-01 17:17:49.826000,-131.071,5.2796,-131.087,3.9293,-130.134,3.9184,-130.116,5.2685,20,10,40,15,15,30,A
ch2_cla_l1_20240701T190258911_20240701T190306911.fits,2024-07-01 19:02:58.911000,2024-07-01 19:03:06.911000,-131.693,39.1428,-131.709,37.805,-130.522,37.7912,-130.484,39.1287,20,10,40,15,15,30,A
ch2_cla_l1_20240701T174557826_20240701T174605826.fits,2024-07-01 17:45:57.826000,2024-07-01 17:46:05.826000,-137.073,-80.6879,-137.891,-81.7747,-133.141,-81.8297,-132.863,-80.7366,20,10,40,15,15,30,A
ch2_cla_l1_20240701T114632112_20240701T114640112.fits,2024-07-01 11:46:32.112000,2024-07-01 11:46:40.112000,-128.971,-50.9926,-129.021,-52.1969,-127.722,-52.211,-127.702,-51.0064,20,10,40,15,15,30,A
ch2_cla_l1_20240701T094347848_20240701T094355848.fits,2024-07-01 09:43:47.848000,2024-07-01 09:43:55.848000,-127.319,-32.2763,-127.346,-33.5471,-126.306,-33.5583,-126.292,-32.2874,20,10,40,15,15,30,A
ch2_cla_l1_20240701T112304112_20240701T112312112.fits,2024-07-01 11:23:04.112000,2024-07-01 11:23:12.112000,-127.63,19.7704,-127.644,18.4096,-126.63,18.3985,-126.607,19.7593,20,10,40,15,15,30,A
ch2_cla_l1_20240701T112536112_20240701T112544112.fits,2024-07-01 11:25:36.112000,2024-07-01 11:25:44.112000,-127.723,12.1951,-127.737,10.8359,-126.76,10.8252,-126.741,12.1843,20,10,40,15,15,30,A
ch2_cla_l1_20240701T150721767_20240701T150729767.fits,2024-07-01 15:07:21.767000,2024-07-01 15:07:29.767000,-129.437,46.3995,-129.453,45.0693,-128.136,45.0546,-128.089,46.3845,20,10,40,15,15,30,A
ch2_cla_l1_20240701T134253196_20240701T134301196.fits,2024-07-01 13:42:53.196000,2024-07-01 13:43:01.196000,-130.044,-50.2505,-130.094,-51.4588,-128.809,-51.4731,-128.789,-50.2645,20,10,40,15,15,30,A
ch2_cla_l1_20240701T092043848_20240701T092051848.fits,2024-07-01 09:20:43.848000,2024-07-01 09:20:51.848000,-126.334,36.9415,-126.348,35.5896,-125.176,35.577,-125.142,36.9288,20,10,40,15,15,30,A
ch2_cla_l1_20240701T105808112_20240701T105816112.fits,2024-07-01 10:58:08.112000,2024-07-01 10:58:16.112000,37.5528,86.1814,41.1796,85.0293,50.1538,85.1274,49.2745,86.3101,20,10,40,15,15,30,A
ch2_cla_l1_20240701T191626911_20240701T191634911.fits,2024-07-01 19:16:26.911000,2024-07-01 19:16:34.911000,-132.247,-1.1801,-132.264,-2.5219,-131.322,-2.5331,-131.305,-1.1914,20,10,40,15,15,30,A
ch2_cla_l1_20240701T093651848_20240701T093659848.fits,2024-07-01 09:36:51.848000,2024-07-01 09:36:59.848000,-126.948,-11.3491,-126.966,-12.6775,-126.015,-12.6878,-126.001,-11.3593,20,10,40,15,15,30,A
ch2_cla_l1_20240701T185522911_20240701T185530911.fits,2024-07-01 18:55:22.911000,2024-07-01 18:55:30.911000,-131.247,61.9785,-131.277,60.6899,-129.466,60.6689,-129.363,61.9566,20,10,40,15,15,30,A
ch2_cla_l1_20240701T155833767_20240701T155841767.fits,2024-07-01 15:58:33.767000,2024-07-01 15:58:41.767000,50.9811,-69.4525,51.0358,-70.4435,52.7429,-70.4242,52.6051,-69.4342,20,10,40,15,15,30,A
ch2_cla_l1_20240701T184330911_20240701T184338911.fits,2024-07-01 18:43:30.911000,2024-07-01 18:43:38.911000,39.8893,83.0434,41.1406,81.8903,46.4897,81.9532,46.1359,83.1169,20,10,40,15,15,30,A
ch2_cla_l1_20240701T135037195_20240701T135045195.fits,2024-07-01 13:50:37.195000,2024-07-01 13:50:45.195000,-132.227,-74.044,-132.494,-75.1576,-129.752,-75.1879,-129.665,-74.0724,20,10,40,15,15,30,A
ch2_cla_l1_20240701T135605195_20240701T135613195.fits,2024-07-01 13:56:05.195000,2024-07-01 13:56:13.195000,59.5841,-87.8305,67.2621,-88.8598,92.154,-88.5494,75.0756,-87.6529,20,10,40,15,15,30,A
ch2_cla_l1_20240701T194058911_20240701T194106911.fits,2024-07-01 19:40:58.911000,2024-07-01 19:41:06.911000,-136.117,-75.797,-136.472,-76.9084,-133.376,-76.9452,-133.252,-75.8311,20,10,40,15,15,30,A
ch2_cla_l1_20240701T144609767_20240701T144617767.fits,2024-07-01 14:46:09.767000,2024-07-01 14:46:17.767000,47.9037,70.3144,48.066,69.1976,50.0514,69.2199,50.0017,70.3379,20,10,40,15,15,30,A
ch2_cla_l1_20240701T133333195_20240701T133341195.fits,2024-07-01 13:33:33.195000,2024-07-01 13:33:41.195000,-129.304,-21.9042,-129.327,-23.2062,-128.348,-23.2171,-128.333,-21.9151,20,10,40,15,15,30,A
ch2_cla_l1_20240701T111920112_20240701T111928112.fits,2024-07-01 11:19:20.112000,2024-07-01 11:19:28.112000,-127.493,30.9315,-127.506,29.5754,-126.405,29.5634,-126.377,30.9194,20,10,40,15,15,30,A
ch2_cla_l1_20240701T183842911_20240701T183850911.fits,2024-07-01 18:38:42.911000,2024-07-01 18:38:50.911000,45.9606,68.2635,46.0976,67.1573,47.8838,67.1783,47.8377,68.2855,20,10,40,15,15,30,A
ch2_cla_l1_20240701T114552112_20240701T114600112.fits,2024-07-01 11:45:52.112000,2024-07-01 11:46:00.112000,-128.89,-48.9535,-128.937,-50.1657,-127.681,-50.1794,-127.662,-48.9669,20,10,40,15,15,30,A
ch2_cla_l1_20240701T164733826_20240701T164741826.fits,2024-07-01 16:47:33.826000,2024-07-01 16:47:41.826000,37.5763,85.0282,39.8841,83.8751,47.0581,83.9576,46.4346,85.1304,20,10,40,15,15,30,A
ch2_cla_l1_20240701T100731848_20240701T100739848.fits,2024-07-01 10:07:31.848000,2024-07-01 10:07:39.848000,54.3875,-73.3387,54.461,-74.3339,56.5932,-74.3111,56.3904,-73.3174,20,10,40,15,15,30,A
ch2_cla_l1_20240701T173821826_20240701T173829826.fits,2024-07-01 17:38:21.826000,2024-07-01 17:38:29.826000,-132.6,-57.25,-132.672,-58.434,-131.191,-58.4512,-131.163,-57.2667,20,10,40,15,15,30,A
ch2_cla_l1_20240701T153313767_20240701T153321767.fits,2024-07-01 15:33:13.767000,2024-07-01 15:33:21.767000,-130.585,-31.2237,-130.612,-32.4985,-129.579,-32.5103,-129.564,-31.2353,20,10,40,15,15,30,A
ch2_cla_l1_20240701T130141195_20240701T130149195.fits,2024-07-01 13:01:41.195000,2024-07-01 13:01:49.195000,-127.627,73.7297,-127.688,72.4702,-124.85,72.439,-124.581,73.6961,20,10,40,15,15,30,A
ch2_cla_l1_20240701T085859848_20240701T085907848.fits,2024-07-01 08:58:59.848000,2024-07-01 08:59:07.848000,49.1168,78.4772,49.5707,77.3254,52.9661,77.3618,52.8541,78.5171,20,10,40,15,15,30,A
ch2_cla_l1_20240701T191842911_20240701T191850911.fits,2024-07-01 19:18:42.911000,2024-07-01 19:18:50.911000,-132.349,-7.9844,-132.368,-9.3159,-131.424,-9.3271,-131.408,-7.9956,20,10,40,15,15,30,A
ch2_cla_l1_20240701T105440112_20240701T105448112.fits,2024-07-01 10:54:40.112000,2024-07-01 10:54:48.112000,49.0141,75.6109,49.3104,74.4711,52.0403,74.5007,51.9614,75.6429,20,10,40,15,15,30,A
ch2_cla_l1_20240701T170205826_20240701T170213826.fits,2024-07-01 17:02:05.826000,2024-07-01 17:02:13.826000,-130.412,51.9977,-130.432,50.6818,-128.987,50.6654,-128.927,51.9809,20,10,40,15,15,30,A
ch2_cla_l1_20240701T170437826_20240701T170445826.fits,2024-07-01 17:04:37.826000,2024-07-01 17:04:45.826000,-130.542,44.3944,-130.558,43.0628,-129.283,43.0483,-129.239,44.3795,20,10,40,15,15,30,A
ch2_cla_l1_20240701T155017767_20240701T155025767.fits,2024-07-01 15:50:17.767000,2024-07-01 15:50:25.767000,-138.583,-83.5651,-140.335,-84.631,-133.218,-84.7118,-132.627,-83.6325,20,10,40,15,15,30,A
ch2_cla_l1_20240701T131045196_20240701T131053196.fits,2024-07-01 13:10:45.196000,2024-07-01 13:10:53.196000,-128.361,46.4337,-128.376,45.1014,-127.056,45.0869,-127.009,46.4189,20,10,40,15,15,30,A
ch2_cla_l1_20240701T100139848_20240701T100147848.fits,2024-07-01 10:01:39.848000,2024-07-01 10:01:47.848000,-145.359,-87.0985,-155.534,-88.0724,-136.314,-88.2886,-132.57,-87.2379,20,10,40,15,15,30,A
ch2_cla_l1_20240701T095107848_20240701T095115848.fits,2024-07-01 09:51:07.848000,2024-07-01 09:51:15.848000,-128.028,-54.6325,-128.087,-55.8215,-126.698,-55.8364,-126.677,-54.647,20,10,40,15,15,30,A
ch2_cla_l1_20240701T090635848_20240701T090643848.fits,2024-07-01 09:06:35.848000,2024-07-01 09:06:43.848000,-125.071,79.4512,-125.192,78.2068,-121.094,78.1629,-120.506,79.4023,20,10,40,15,15,30,A
ch2_cla_l1_20240701T174253826_20240701T174301826.fits,2024-07-01 17:42:53.826000,2024-07-01 17:43:01.826000,-133.958,-71.2056,-134.159,-72.3344,-131.792,-72.3618,-131.723,-71.2315,20,10,40,15,15,30,A
ch2_cla_l1_20240701T113144112_20240701T113152112.fits,2024-07-01 11:31:44.112000,2024-07-01 11:31:52.112000,-127.964,-6.1794,-127.981,-7.5169,-127.035,-7.5273,-127.02,-6.1897,20,10,40,15,15,30,A
ch2_cla_l1_20240701T140109195_20240701T140117195.fits,2024-07-01 14:01:09.195000,2024-07-01 14:01:17.195000,52.1824,-71.9967,52.2501,-72.9928,54.2222,-72.971,54.044,-71.9761,20,10,40,15,15,30,A
ch2_cla_l1_20240701T092411848_20240701T092419848.fits,2024-07-01 09:24:11.848000,2024-07-01 09:24:19.848000,-126.463,26.5772,-126.476,25.2161,-125.412,25.2047,-125.387,26.5657,20,10,40,15,15,30,A
ch2_cla_l1_20240701T093203848_20240701T093211848.fits,2024-07-01 09:32:03.848000,2024-07-01 09:32:11.848000,-126.751,3.0521,-126.766,1.6995,-125.812,1.6892,-125.795,3.0417,20,10,40,15,15,30,A
ch2_cla_l1_20240701T172629826_20240701T172637826.fits,2024-07-01 17:26:29.826000,2024-07-01 17:26:37.826000,-131.478,-21.1635,-131.501,-22.467,-130.525,-22.4783,-130.51,-21.1748,20,10,40,15,15,30,A
ch2_cla_l1_20240701T145449767_20240701T145457767.fits,2024-07-01 14:54:49.767000,2024-07-01 14:54:57.767000,-127.011,84.2208,-127.433,83.001,-120.804,82.9264,-119.037,84.1309,20,10,40,15,15,30,A
ch2_cla_l1_20240701T174701826_20240701T174709826.fits,2024-07-01 17:47:01.826000,2024-07-01 17:47:09.826000,-140.428,-83.978,-142.487,-85.0415,-134.776,-85.1312,-134.059,-84.0519,20,10,40,15,15,30,A
ch2_cla_l1_20240701T125229195_20240701T125237195.fits,2024-07-01 12:52:29.195000,2024-07-01 12:52:37.195000,46.4312,79.3429,46.9677,78.1921,50.6077,78.2322,50.4677,79.3874,20,10,40,15,15,30,A
ch2_cla_l1_20240701T131653195_20240701T131701195.fits,2024-07-01 13:16:53.195000,2024-07-01 13:17:01.195000,-128.611,28.0737,-128.625,26.7175,-127.553,26.7057,-127.526,28.0617,20,10,40,15,15,30,A
ch2_cla_l1_20240701T090555848_20240701T090603848.fits,2024-07-01 09:05:55.848000,2024-07-01 09:06:03.848000,-124.78,81.4731,-124.96,80.2361,-120.072,80.1837,-119.206,81.4134,20,10,40,15,15,30,A
ch2_cla_l1_20240701T145801767_20240701T145809767.fits,2024-07-01 14:58:01.767000,2024-07-01 14:58:09.767000,-128.624,74.5114,-128.693,73.2569,-125.745,73.2238,-125.448,74.4758,20,10,40,15,15,30,A
ch2_cla_l1_20240701T110728112_20240701T110736112.fits,2024-07-01 11:07:28.112000,2024-07-01 11:07:36.112000,-126.873,66.5342,-126.905,65.2495,-124.798,65.2266,-124.661,66.5102,20,10,40,15,15,30,A
ch2_cla_l1_20240701T184906911_20240701T184914911.fits,2024-07-01 18:49:06.911000,2024-07-01 18:49:14.911000,-129.909,80.943,-130.117,79.7153,-125.529,79.6616,-124.722,80.8822,20,10,40,15,15,30,A
ch2_cla_l1_20240701T154225767_20240701T154233767.fits,2024-07-01 15:42:25.767000,2024-07-01 15:42:33.767000,-131.611,-59.2843,-131.69,-60.459,-130.138,-60.4765,-130.109,-59.3013,20,10,40,15,15,30,A
ch2_cla_l1_20240701T131301195_20240701T131309195.fits,2024-07-01 13:13:01.195000,2024-07-01 13:13:09.195000,-128.459,39.6427,-128.474,38.2989,-127.27,38.2857,-127.233,39.6292,20,10,40,15,15,30,A
ch2_cla_l1_20240701T110056112_20240701T110104112.fits,2024-07-01 11:00:56.112000,2024-07-01 11:01:04.112000,-123.782,86.3194,-124.635,85.104,-115.291,85.0019,-111.537,86.185,20,10,40,15,15,30,A
ch2_cla_l1_20240701T184538911_20240701T184546911.fits,2024-07-01 18:45:38.911000,2024-07-01 18:45:46.911000,-24.6072,88.8904,13.4616,88.1534,38.0143,88.4629,7.5382,89.5735,20,10,40,15,15,30,A
ch2_cla_l1_20240701T151929767_20240701T151937767.fits,2024-07-01 15:19:29.767000,2024-07-01 15:19:37.767000,-129.922,10.0856,-129.937,8.7308,-128.97,8.7198,-128.951,10.0746,20,10,40,15,15,30,A
ch2_cla_l1_20240701T093619848_20240701T093627848.fits,2024-07-01 09:36:19.848000,2024-07-01 09:36:27.848000,-126.924,-9.7461,-126.942,-11.0778,-125.993,-11.0881,-125.979,-9.7563,20,10,40,15,15,30,A
ch2_cla_l1_20240701T171045826_20240701T171053826.fits,2024-07-01 17:10:45.826000,2024-07-01 17:10:53.826000,-130.8,26.0285,-130.814,24.675,-129.764,24.663,-129.738,26.0164,20,10,40,15,15,30,A
ch2_cla_l1_20240701T130205196_20240701T130213196.fits,2024-07-01 13:02:05.196000,2024-07-01 13:02:13.196000,-127.693,72.5196,-127.748,71.2561,-125.074,71.2266,-124.838,72.4882,20,10,40,15,15,30,A
ch2_cla_l1_20240701T112400112_20240701T112408112.fits,2024-07-01 11:24:00.112000,2024-07-01 11:24:08.112000,-127.664,16.9801,-127.678,15.6192,-126.679,15.6083,-126.658,16.9692,20,10,40,15,15,30,A
ch2_cla_l1_20240701T150025767_20240701T150033767.fits,2024-07-01 15:00:25.767000,2024-07-01 15:00:33.767000,-128.971,67.2554,-129.008,65.9777,-126.86,65.9536,-126.713,67.2301,20,10,40,15,15,30,A
ch2_cla_l1_20240701T114528112_20240701T114536112.fits,2024-07-01 11:45:28.112000,2024-07-01 11:45:36.112000,-128.846,-47.7314,-128.89,-48.9481,-127.657,-48.9615,-127.639,-47.7446,20,10,40,15,15,30,A
ch2_cla_l1_20240701T170949826_20240701T170957826.fits,2024-07-01 17:09:49.826000,2024-07-01 17:09:57.826000,-130.763,28.8211,-130.777,27.4695,-129.704,27.4572,-129.676,28.8087,20,10,40,15,15,30,A
ch2_cla_l1_20240701T192738911_20240701T192746911.fits,2024-07-01 19:27:38.911000,2024-07-01 19:27:46.911000,-132.868,-34.945,-132.9,-36.209,-131.835,-36.2217,-131.818,-34.9576,20,10,40,15,15,30,A
ch2_cla_l1_20240701T175245826_20240701T175253826.fits,2024-07-01 17:52:45.826000,2024-07-01 17:52:53.826000,50.5374,-76.9813,50.6748,-77.9984,53.5526,-77.9652,53.1881,-76.9507,20,10,40,15,15,30,A
ch2_cla_l1_20240701T194802911_20240701T194810911.fits,2024-07-01 19:48:02.911000,2024-07-01 19:48:10.911000,50.2831,-81.0943,50.5975,-82.127,55.0729,-82.0737,54.239,-81.0472,20,10,40,15,15,30,A
ch2_cla_l1_20240701T133029195_20240701T133037195.fits,2024-07-01 13:30:29.195000,2024-07-01 13:30:37.195000,-129.15,-12.6645,-129.169,-13.9888,-128.218,-13.9995,-128.203,-12.6751,20,10,40,15,15,30,A
ch2_cla_l1_20240701T114256112_20240701T114304112.fits,2024-07-01 11:42:56.112000,2024-07-01 11:43:04.112000,-128.604,-40.008,-128.638,-41.2531,-127.522,-41.2653,-127.506,-40.02,20,10,40,15,15,30,A
ch2_cla_l1_20240701T135101195_20240701T135109195.fits,2024-07-01 13:51:01.195000,2024-07-01 13:51:09.195000,-132.523,-75.2819,-132.834,-76.3899,-129.871,-76.4227,-129.771,-75.3123,20,10,40,15,15,30,A
ch2_cla_l1_20240701T164429826_20240701T164437826.fits,2024-07-01 16:44:29.826000,2024-07-01 16:44:37.826000,45.6145,75.6503,45.9209,74.5154,48.6387,74.5466,48.549,75.6839,20,10,40,15,15,30,A
ch2_cla_l1_20240701T153649767_20240701T153657767.fits,2024-07-01 15:36:49.767000,2024-07-01 15:36:57.767000,-130.865,-42.1577,-130.903,-43.3963,-129.757,-43.4094,-129.74,-42.1705,20,10,40,15,15,30,A
ch2_cla_l1_20240701T170053826_20240701T170101826.fits,2024-07-01 17:00:53.826000,2024-07-01 17:01:01.826000,-130.342,55.6049,-130.363,54.2974,-128.81,54.2797,-128.739,55.5867,20,10,40,15,15,30,A
ch2_cla_l1_20240701T094435848_20240701T094443848.fits,2024-07-01 09:44:35.848000,2024-07-01 09:44:43.848000,-127.373,-34.703,-127.402,-35.9657,-126.342,-35.9771,-126.327,-34.7143,20,10,40,15,15,30,A
ch2_cla_l1_20240701T091307848_20240701T091315848.fits,2024-07-01 09:13:07.848000,2024-07-01 09:13:15.848000,-125.977,59.7272,-125.998,58.4206,-124.27,58.4021,-124.183,59.708,20,10,40,15,15,30,A
ch2_cla_l1_20240701T105344112_20240701T105352112.fits,2024-07-01 10:53:44.112000,2024-07-01 10:53:52.112000,49.7075,72.7326,49.9141,71.6034,52.1911,71.6281,52.1337,72.7589,20,10,40,15,15,30,A
ch2_cla_l1_20240701T170501826_20240701T170509826.fits,2024-07-01 17:05:01.826000,2024-07-01 17:05:09.826000,-130.56,43.1949,-130.576,41.8613,-129.322,41.8471,-129.28,43.1804,20,10,40,15,15,30,A
ch2_cla_l1_20240701T112848112_20240701T112856112.fits,2024-07-01 11:28:48.112000,2024-07-01 11:28:56.112000,-127.845,2.6169,-127.86,1.2659,-126.909,1.2554,-126.892,2.6064,20,10,40,15,15,30,A
ch2_cla_l1_20240701T130645195_20240701T130653195.fits,2024-07-01 13:06:45.195000,2024-07-01 13:06:53.195000,-128.146,58.4452,-128.168,57.1401,-126.503,57.1218,-126.421,58.4262,20,10,40,15,15,30,A
ch2_cla_l1_20240701T191714911_20240701T191722911.fits,2024-07-01 19:17:14.911000,2024-07-01 19:17:22.911000,-132.282,-3.5803,-132.3,-4.9188,-131.358,-4.93,-131.342,-3.5915,20,10,40,15,15,30,A
ch2_cla_l1_20240701T133013195_20240701T133021195.fits,2024-07-01 13:30:13.195000,2024-07-01 13:30:21.195000,-129.138,-11.8624,-129.157,-13.1884,-128.207,-13.1991,-128.192,-11.873,20,10,40,15,15,30,A
ch2_cla_l1_20240701T191346911_20240701T191354911.fits,2024-07-01 19:13:46.911000,2024-07-01 19:13:54.911000,-132.135,6.8125,-132.151,5.4626,-131.196,5.4513,-131.178,6.8012,20,10,40,15,15,30,A
ch2_cla_l1_20240701T093331848_20240701T093339848.fits,2024-07-01 09:33:31.848000,2024-07-01 09:33:39.848000,-126.808,-1.3426,-126.824,-2.6894,-125.876,-2.6996,-125.86,-1.3529,20,10,40,15,15,30,A
ch2_cla_l1_20240701T150241767_20240701T150249767.fits,2024-07-01 15:02:41.767000,2024-07-01 15:02:49.767000,-129.169,60.4216,-129.194,59.1242,-127.449,59.1046,-127.357,60.4013,20,10,40,15,15,30,A
ch2_cla_l1_20240701T092523848_20240701T092531848.fits,2024-07-01 09:25:23.848000,2024-07-01 09:25:31.848000,-126.506,22.991,-126.519,21.6286,-125.483,21.6174,-125.459,22.9797,20,10,40,15,15,30,A
ch2_cla_l1_20240701T153817767_20240701T153825767.fits,2024-07-01 15:38:17.767000,2024-07-01 15:38:25.767000,-131.011,-46.6287,-131.055,-47.8515,-129.839,-47.8653,-129.821,-46.6423,20,10,40,15,15,30,A
ch2_cla_l1_20240701T094627848_20240701T094635848.fits,2024-07-01 09:46:27.848000,2024-07-01 09:46:35.848000,-127.516,-40.3763,-127.55,-41.6195,-126.43,-41.6315,-126.414,-40.3882,20,10,40,15,15,30,A
ch2_cla_l1_20240701T175021826_20240701T175029826.fits,2024-07-01 17:50:21.826000,2024-07-01 17:50:29.826000,52.6182,-84.4766,53.453,-85.5176,61.3219,-85.426,59.0341,-84.4021,20,10,40,15,15,30,A
ch2_cla_l1_20240701T112616112_20240701T112624112.fits,2024-07-01 11:26:16.112000,2024-07-01 11:26:24.112000,-127.748,10.2008,-127.762,8.8429,-126.792,8.8322,-126.773,10.19,20,10,40,15,15,30,A
ch2_cla_l1_20240701T125845196_20240701T125853196.fits,2024-07-01 12:58:45.196000,2024-07-01 12:58:53.196000,-126.562,82.6229,-126.818,81.3948,-121.347,81.3343,-120.21,82.5526,20,10,40,15,15,30,A
ch2_cla_l1_20240701T173109826_20240701T173117826.fits,2024-07-01 17:31:09.826000,2024-07-01 17:31:17.826000,-131.777,-35.2833,-131.809,-36.5454,-130.741,-36.558,-130.725,-35.2955,20,10,40,15,15,30,A
ch2_cla_l1_20240701T134757196_20240701T134805196.fits,2024-07-01 13:47:57.196000,2024-07-01 13:48:05.196000,-131.016,-65.8076,-131.136,-66.9549,-129.254,-66.9757,-129.213,-65.8276,20,10,40,15,15,30,A
ch2_cla_l1_20240701T094955848_20240701T095003848.fits,2024-07-01 09:49:55.848000,2024-07-01 09:50:03.848000,-127.866,-50.9565,-127.916,-52.16,-126.619,-52.1738,-126.6,-50.9701,20,10,40,15,15,30,A
ch2_cla_l1_20240701T124941195_20240701T124949195.fits,2024-07-01 12:49:41.195000,2024-07-01 12:49:49.195000,48.9571,70.7141,49.1244,69.5943,51.1562,69.6167,51.1067,70.7378,20,10,40,15,15,30,A
ch2_cla_l1_20240701T091059848_20240701T091107848.fits,2024-07-01 09:10:59.848000,2024-07-01 09:11:07.848000,-125.818,66.1505,-125.848,64.8621,-123.763,64.8398,-123.631,66.1271,20,10,40,15,15,30,A
ch2_cla_l1_20240701T184650911_20240701T184658911.fits,2024-07-01 18:46:50.911000,2024-07-01 18:46:58.911000,-124.263,87.8306,-126.863,86.6338,-113.825,86.4787,-105.099,87.5974,20,10,40,15,15,30,A
ch2_cla_l1_20240701T185042911_20240701T185050911.fits,2024-07-01 18:50:42.911000,2024-07-01 18:50:50.911000,-130.56,76.0868,-130.655,74.8421,-127.447,74.8047,-127.079,76.0461,20,10,40,15,15,30,A
ch2_cla_l1_20240701T114512112_20240701T114520112.fits,2024-07-01 11:45:12.112000,2024-07-01 11:45:20.112000,-128.817,-46.917,-128.86,-48.1368,-127.642,-48.1501,-127.624,-46.93,20,10,40,15,15,30,A
ch2_cla_l1_20240701T170717826_20240701T170725826.fits,2024-07-01 17:07:17.826000,2024-07-01 17:07:25.826000,-130.66,36.4039,-130.675,35.0599,-129.521,35.0468,-129.487,36.3905,20,10,40,15,15,30,A
ch2_cla_l1_20240701T111008112_20240701T111016112.fits,2024-07-01 11:10:08.112000,2024-07-01 11:10:16.112000,-127.074,58.5036,-127.095,57.1962,-125.423,57.178,-125.342,58.4848,20,10,40,15,15,30,A
ch2_cla_l1_20240701T192858911_20240701T192906911.fits,2024-07-01 19:28:58.911000,2024-07-01 19:29:06.911000,-132.976,-38.994,-133.012,-40.2449,-131.904,-40.2582,-131.887,-39.0071,20,10,40,15,15,30,A
ch2_cla_l1_20240701T155505767_20240701T155513767.fits,2024-07-01 15:55:05.767000,2024-07-01 15:55:13.767000,52.0831,-80.3204,52.3239,-81.346,56.3532,-81.3004,55.683,-80.2797,20,10,40,15,15,30,A
ch2_cla_l1_20240701T155337767_20240701T155345767.fits,2024-07-01 15:53:37.767000,2024-07-01 15:53:45.767000,53.8404,-84.8969,54.795,-85.9366,63.431,-85.8381,60.7604,-84.8184,20,10,40,15,15,30,A
ch2_cla_l1_20240701T100251848_20240701T100259848.fits,2024-07-01 10:02:51.848000,2024-07-01 10:02:59.848000,61.6121,-87.9275,69.7894,-88.9525,96.0634,-88.6332,77.6703,-87.7497,20,10,40,15,15,30,A
ch2_cla_l1_20240701T133837195_20240701T133845195.fits,2024-07-01 13:38:37.195000,2024-07-01 13:38:45.195000,-129.63,-37.2452,-129.662,-38.5003,-128.576,-38.5124,-128.56,-37.2571,20,10,40,15,15,30,A
ch2_cla_l1_20240701T153033767_20240701T153041767.fits,2024-07-01 15:30:33.767000,2024-07-01 15:30:41.767000,-130.421,-23.1584,-130.444,-24.4566,-129.46,-24.4678,-129.445,-23.1695,20,10,40,15,15,30,A
ch2_cla_l1_20240701T094843848_20240701T094851848.fits,2024-07-01 09:48:43.848000,2024-07-01 09:48:51.848000,-127.729,-47.2876,-127.772,-48.505,-126.549,-48.5182,-126.531,-47.3004,20,10,40,15,15,30,A
ch2_cla_l1_20240701T164413826_20240701T164421826.fits,2024-07-01 16:44:13.826000,2024-07-01 16:44:21.826000,45.8468,74.8282,46.1215,73.6963,48.6939,73.7258,48.6126,74.8599,20,10,40,15,15,30,A
ch2_cla_l1_20240701T130421195_20240701T130429195.fits,2024-07-01 13:04:21.195000,2024-07-01 13:04:29.195000,-127.963,65.674,-127.994,64.3891,-125.953,64.3666,-125.824,65.6505,20,10,40,15,15,30,A
ch2_cla_l1_20240701T172613826_20240701T172621826.fits,2024-07-01 17:26:13.826000,2024-07-01 17:26:21.826000,-131.463,-20.3591,-131.486,-21.6648,-130.514,-21.6761,-130.499,-20.3703,20,10,40,15,15,30,A
ch2_cla_l1_20240701T090755848_20240701T090803848.fits,2024-07-01 09:07:55.848000,2024-07-01 09:08:03.848000,-125.423,75.4126,-125.49,74.1541,-122.364,74.1207,-122.039,75.3764,20,10,40,15,15,30,A
ch2_cla_l1_20240701T120416112_20240701T120424112.fits,2024-07-01 12:04:16.112000,2024-07-01 12:04:24.112000,53.2984,-72.8965,53.3704,-73.8929,55.4504,-73.8703,55.2555,-72.8752,20,10,40,15,15,30,A
ch2_cla_l1_20240701T151137767_20240701T151145767.fits,2024-07-01 15:11:37.767000,2024-07-01 15:11:45.767000,-129.62,33.6189,-129.635,32.2696,-128.511,32.257,-128.48,33.6062,20,10,40,15,15,30,A
ch2_cla_l1_20240701T151705767_20240701T151713767.fits,2024-07-01 15:17:05.767000,2024-07-01 15:17:13.767000,-129.831,17.2666,-129.845,15.9093,-128.848,15.898,-128.827,17.2553,20,10,40,15,15,30,A
ch2_cla_l1_20240701T115208112_20240701T115216112.fits,2024-07-01 11:52:08.112000,2024-07-01 11:52:16.112000,-130.157,-68.2051,-130.302,-69.341,-128.247,-69.3633,-128.2,-68.2264,20,10,40,15,15,30,A
ch2_cla_l1_20240701T174517826_20240701T174525826.fits,2024-07-01 17:45:17.826000,2024-07-01 17:45:25.826000,-135.96,-78.626,-136.503,-79.7232,-132.647,-79.7678,-132.463,-78.6665,20,10,40,15,15,30,A
ch2_cla_l1_20240701T113320112_20240701T113328112.fits,2024-07-01 11:33:20.112000,2024-07-01 11:33:28.112000,-128.034,-10.9858,-128.052,-12.3144,-127.103,-12.3248,-127.088,-10.9962,20,10,40,15,15,30,A
ch2_cla_l1_20240701T131933195_20240701T131941195.fits,2024-07-01 13:19:33.195000,2024-07-01 13:19:41.195000,-128.711,20.0998,-128.725,18.7404,-127.711,18.7292,-127.688,20.0884,20,10,40,15,15,30,A
ch2_cla_l1_20240701T194930911_20240701T194938911.fits,2024-07-01 19:49:30.911000,2024-07-01 19:49:38.911000,49.4678,-76.5096,49.602,-77.5274,52.3766,-77.4945,52.0311,-76.4792,20,10,40,15,15,30,A
ch2_cla_l1_20240701T132709195_20240701T132717195.fits,2024-07-01 13:27:09.195000,2024-07-01 13:27:17.195000,-129.004,-2.6523,-129.021,-3.9949,-128.076,-4.0055,-128.06,-2.6628,20,10,40,15,15,30,A
ch2_cla_l1_20240701T145233767_20240701T145241767.fits,2024-07-01 14:52:33.767000,2024-07-01 14:52:41.767000,-53.1277,89.7435,8.2738,88.4642,38.2757,88.8392,31.7823,89.232,20,10,40,15,15,30,A
ch2_cla_l1_20240701T110904112_20240701T110912112.fits,2024-07-01 11:09:04.112000,2024-07-01 11:09:12.112000,-127.003,61.713,-127.027,60.4144,-125.211,60.3947,-125.113,61.6925,20,10,40,15,15,30,A
ch2_cla_l1_20240701T155353767_20240701T155401767.fits,2024-07-01 15:53:53.767000,2024-07-01 15:54:01.767000,53.3246,-84.0661,54.0069,-85.1036,61.1924,-85.022,59.2717,-83.9987,20,10,40,15,15,30,A
ch2_cla_l1_20240701T151913767_20240701T151921767.fits,2024-07-01 15:19:13.767000,2024-07-01 15:19:21.767000,-129.912,10.8838,-129.927,9.5282,-128.957,9.5173,-128.938,10.8728,20,10,40,15,15,30,A
ch2_cla_l1_20240701T193242911_20240701T193250911.fits,2024-07-01 19:32:42.911000,2024-07-01 19:32:50.911000,-133.369,-50.3733,-133.423,-51.5841,-132.129,-51.5995,-132.107,-50.3884,20,10,40,15,15,30,A
ch2_cla_l1_20240701T131117195_20240701T131125195.fits,2024-07-01 13:11:17.195000,2024-07-01 13:11:25.195000,-128.385,44.8351,-128.4,43.4997,-127.111,43.4855,-127.066,44.8206,20,10,40,15,15,30,A
ch2_cla_l1_20240701T192450911_20240701T192458911.fits,2024-07-01 19:24:50.911000,2024-07-01 19:24:58.911000,-132.675,-26.4651,-132.701,-27.7545,-131.7,-27.7664,-131.684,-26.477,20,10,40,15,15,30,A
ch2_cla_l1_20240701T090427848_20240701T090435848.fits,2024-07-01 09:04:27.848000,2024-07-01 09:04:35.848000,-123.176,85.9268,-123.857,84.7072,-115.147,84.6135,-111.991,85.8061,20,10,40,15,15,30,A
ch2_cla_l1_20240701T172805826_20240701T172813826.fits,2024-07-01 17:28:05.826000,2024-07-01 17:28:13.826000,-131.57,-25.9953,-131.595,-27.2858,-130.597,-27.2975,-130.582,-26.0068,20,10,40,15,15,30,A
ch2_cla_l1_20240701T154041767_20240701T154049767.fits,2024-07-01 15:40:41.767000,2024-07-01 15:40:49.767000,-131.314,-53.9668,-131.374,-55.1621,-129.996,-55.1778,-129.973,-53.9821,20,10,40,15,15,30,A
ch2_cla_l1_20240701T165309826_20240701T165317826.fits,2024-07-01 16:53:09.826000,2024-07-01 16:53:17.826000,-129.237,78.9621,-129.373,77.7252,-125.469,77.6805,-124.913,78.9126,20,10,40,15,15,30,A
ch2_cla_l1_20240701T195146911_20240701T195154911.fits,2024-07-01 19:51:46.911000,2024-07-01 19:51:54.911000,48.8882,-69.4019,48.9476,-70.3976,50.6656,-70.3772,50.5227,-69.3825,20,10,40,15,15,30,A
ch2_cla_l1_20240701T110712112_20240701T110720112.fits,2024-07-01 11:07:12.112000,2024-07-01 11:07:20.112000,-126.847,67.3385,-126.881,66.0563,-124.714,66.0328,-124.568,67.3138,20,10,40,15,15,30,A
ch2_cla_l1_20240701T095259848_20240701T095307848.fits,2024-07-01 09:52:59.848000,2024-07-01 09:53:07.848000,-128.351,-60.3652,-128.432,-61.5313,-126.845,-61.5483,-126.817,-60.3816,20,10,40,15,15,30,A
ch2_cla_l1_20240701T145153767_20240701T145201767.fits,2024-07-01 14:51:53.767000,2024-07-01 14:52:01.767000,23.196,87.7642,32.6797,86.6661,46.1389,86.8198,43.4356,88.001,20,10,40,15,15,30,A
ch2_cla_l1_20240701T171221826_20240701T171229826.fits,2024-07-01 17:12:21.826000,2024-07-01 17:12:29.826000,-130.862,21.2421,-130.877,19.8864,-129.859,19.8748,-129.836,21.2303,20,10,40,15,15,30,A
ch2_cla_l1_20240701T091411848_20240701T091419848.fits,2024-07-01 09:14:11.848000,2024-07-01 09:14:19.848000,-126.04,56.521,-126.059,55.206,-124.458,55.1889,-124.385,56.5033,20,10,40,15,15,30,A
ch2_cla_l1_20240701T090203848_20240701T090211848.fits,2024-07-01 09:02:03.848000,2024-07-01 09:02:11.848000,27.8867,87.7132,36.782,86.6012,50.0982,86.7457,47.865,87.9344,20,10,40,15,15,30,A
ch2_cla_l1_20240701T093635848_20240701T093643848.fits,2024-07-01 09:36:35.848000,2024-07-01 09:36:43.848000,-126.936,-10.5475,-126.954,-11.8775,-126.005,-11.8878,-125.99,-10.5577,20,10,40,15,15,30,A
ch2_cla_l1_20240701T110144112_20240701T110152112.fits,2024-07-01 11:01:44.112000,2024-07-01 11:01:52.112000,-125.188,83.8888,-125.533,82.6633,-119.154,82.5939,-117.575,83.8059,20,10,40,15,15,30,A
ch2_cla_l1_20240701T154449767_20240701T154457767.fits,2024-07-01 15:44:49.767000,2024-07-01 15:44:57.767000,-132.224,-66.6704,-132.355,-67.8158,-130.408,-67.8378,-130.364,-66.6914,20,10,40,15,15,30,A
ch2_cla_l1_20240701T165701826_20240701T165709826.fits,2024-07-01 16:57:01.826000,2024-07-01 16:57:09.826000,-130.026,67.2568,-130.064,65.9814,-127.922,65.957,-127.773,67.2311,20,10,40,15,15,30,A
ch2_cla_l1_20240701T184514911_20240701T184522911.fits,2024-07-01 18:45:14.911000,2024-07-01 18:45:22.911000,14.161,88.1231,27.3709,87.0682,42.6309,87.2515,38.2049,88.4254,20,10,40,15,15,30,A
ch2_cla_l1_20240701T125445195_20240701T125453195.fits,2024-07-01 12:54:45.195000,2024-07-01 12:54:53.195000,36.1484,86.2228,39.8755,85.0737,48.9073,85.174,47.968,86.3548,20,10,40,15,15,30,A
ch2_cla_l1_20240701T165253826_20240701T165301826.fits,2024-07-01 16:52:53.826000,2024-07-01 16:53:01.826000,-129.123,79.7714,-129.28,78.5374,-125.12,78.4898,-124.481,79.7183,20,10,40,15,15,30,A
ch2_cla_l1_20240701T171629826_20240701T171637826.fits,2024-07-01 17:16:29.826000,2024-07-01 17:16:37.826000,-131.023,8.8731,-131.039,7.5203,-130.077,7.5093,-130.058,8.862,20,10,40,15,15,30,A
ch2_cla_l1_20240701T115600112_20240701T115608112.fits,2024-07-01 11:56:00.112000,2024-07-01 11:56:08.112000,-133.237,-80.1689,-133.931,-81.2524,-129.493,-81.3007,-129.273,-80.2119,20,10,40,15,15,30,A
ch2_cla_l1_20240701T093555848_20240701T093603848.fits,2024-07-01 09:35:55.848000,2024-07-01 09:36:03.848000,-126.907,-8.5442,-126.924,-9.8787,-125.977,-9.8889,-125.962,-8.5545,20,10,40,15,15,30,A
ch2_cla_l1_20240701T113728112_20240701T113736112.fits,2024-07-01 11:37:28.112000,2024-07-01 11:37:36.112000,-128.238,-23.4391,-128.261,-24.7368,-127.275,-24.7476,-127.261,-23.4498,20,10,40,15,15,30,A
ch2_cla_l1_20240701T132653195_20240701T132701195.fits,2024-07-01 13:26:53.195000,2024-07-01 13:27:01.195000,-128.993,-1.8526,-129.01,-3.1962,-128.064,-3.2068,-128.048,-1.8631,20,10,40,15,15,30,A
ch2_cla_l1_20240701T154801767_20240701T154809767.fits,2024-07-01 15:48:01.767000,2024-07-01 15:48:09.767000,-134.028,-76.5571,-134.409,-77.6617,-131.16,-77.6984,-131.035,-76.5909,20,10,40,15,15,30,A
ch2_cla_l1_20240701T145225767_20240701T145233767.fits,2024-07-01 14:52:25.767000,2024-07-01 14:52:33.767000,-20.7648,88.9073,16.8038,88.1438,41.4668,88.4391,14.9782,89.5721,20,10,40,15,15,30,A
ch2_cla_l1_20240701T152929767_20240701T152937767.fits,2024-07-01 15:29:29.767000,2024-07-01 15:29:37.767000,-130.363,-19.9396,-130.385,-21.2464,-129.414,-21.2574,-129.399,-19.9506,20,10,40,15,15,30,A
ch2_cla_l1_20240701T090619848_20240701T090627848.fits,2024-07-01 09:06:19.848000,2024-07-01 09:06:27.848000,-124.969,80.2597,-125.109,79.0183,-120.729,78.9714,-120.05,80.207,20,10,40,15,15,30,A
ch2_cla_l1_20240701T172045826_20240701T172053826.fits,2024-07-01 17:20:45.826000,2024-07-01 17:20:53.826000,-131.2,-3.9146,-131.217,-5.2535,-130.274,-5.2645,-130.258,-3.9256,20,10,40,15,15,30,A
ch2_cla_l1_20240701T134229195_20240701T134237195.fits,2024-07-01 13:42:29.195000,2024-07-01 13:42:37.195000,-129.996,-49.0275,-130.044,-50.2404,-128.784,-50.2544,-128.765,-49.0412,20,10,40,15,15,30,A
ch2_cla_l1_20240701T132301195_20240701T132309195.fits,2024-07-01 13:23:01.195000,2024-07-01 13:23:09.195000,-128.841,9.7302,-128.855,8.3739,-127.888,8.3632,-127.869,9.7194,20,10,40,15,15,30,A
ch2_cla_l1_20240701T100115848_20240701T100123848.fits,2024-07-01 10:01:15.848000,2024-07-01 10:01:23.848000,-139.766,-85.8958,-144.281,-86.9234,-132.162,-87.0551,-130.661,-85.9938,20,10,40,15,15,30,A
ch2_cla_l1_20240701T113056112_20240701T113104112.fits,2024-07-01 11:30:56.112000,2024-07-01 11:31:04.112000,-127.93,-3.7785,-127.947,-5.1202,-127.001,-5.1307,-126.986,-3.7889,20,10,40,15,15,30,A
ch2_cla_l1_20240701T134101195_20240701T134109196.fits,2024-07-01 13:41:01.195000,2024-07-01 13:41:09.196000,-129.839,-44.5502,-129.879,-45.7797,-128.699,-45.7929,-128.682,-44.5631,20,10,40,15,15,30,A
ch2_cla_l1_20240701T191738911_20240701T191746911.fits,2024-07-01 19:17:38.911000,2024-07-01 19:17:46.911000,-132.3,-4.7811,-132.318,-6.1177,-131.376,-6.1289,-131.36,-4.7923,20,10,40,15,15,30,A
ch2_cla_l1_20240701T185802911_20240701T185810911.fits,2024-07-01 18:58:02.911000,2024-07-01 18:58:10.911000,-131.439,53.9495,-131.46,52.6402,-129.964,52.6228,-129.898,53.9316,20,10,40,15,15,30,A
ch2_cla_l1_20240701T105256112_20240701T105304112.fits,2024-07-01 10:52:56.112000,2024-07-01 10:53:04.112000,50.1451,70.2603,50.3036,69.1406,52.2923,69.1622,52.2462,70.283,20,10,40,15,15,30,A
ch2_cla_l1_20240701T153025767_20240701T153033767.fits,2024-07-01 15:30:25.767000,2024-07-01 15:30:33.767000,-130.414,-22.7558,-130.436,-24.0553,-129.454,-24.0665,-129.44,-22.7669,20,10,40,15,15,30,A
ch2_cla_l1_20240701T173949826_20240701T173957826.fits,2024-07-01 17:39:49.826000,2024-07-01 17:39:57.826000,-132.9,-61.7546,-132.992,-62.9211,-131.329,-62.9404,-131.297,-61.7732,20,10,40,15,15,30,A
ch2_cla_l1_20240701T111400112_20240701T111408112.fits,2024-07-01 11:14:00.112000,2024-07-01 11:14:08.112000,-127.276,46.8955,-127.292,45.5616,-125.958,45.5472,-125.911,46.8807,20,10,40,15,15,30,A
ch2_cla_l1_20240701T164245826_20240701T164253826.fits,2024-07-01 16:42:45.826000,2024-07-01 16:42:53.826000,46.7856,70.2968,46.9496,69.1816,48.9287,69.2043,48.8768,70.3207,20,10,40,15,15,30,A
ch2_cla_l1_20240701T094419848_20240701T094427848.fits,2024-07-01 09:44:19.848000,2024-07-01 09:44:27.848000,-127.355,-33.8937,-127.383,-35.1593,-126.33,-35.1706,-126.315,-33.9049,20,10,40,15,15,30,A
ch2_cla_l1_20240701T105528112_20240701T105536112.fits,2024-07-01 10:55:28.112000,2024-07-01 10:55:36.112000,48.1616,78.0721,48.5892,76.9236,51.8659,76.9592,51.7561,78.1112,20,10,40,15,15,30,A
ch2_cla_l1_20240701T092307848_20240701T092315848.fits,2024-07-01 09:23:07.848000,2024-07-01 09:23:15.848000,-126.424,29.7654,-126.437,28.4063,-125.345,28.3946,-125.318,29.7535,20,10,40,15,15,30,A
ch2_cla_l1_20240701T150649767_20240701T150657767.fits,2024-07-01 15:06:49.767000,2024-07-01 15:06:57.767000,-129.411,47.9996,-129.428,46.6724,-128.077,46.6573,-128.027,47.9841,20,10,40,15,15,30,A
ch2_cla_l1_20240701T114344112_20240701T114352112.fits,2024-07-01 11:43:44.112000,2024-07-01 11:43:52.112000,-128.673,-42.4438,-128.71,-43.68,-127.562,-43.6926,-127.546,-42.4562,20,10,40,15,15,30,A
ch2_cla_l1_20240701T173053826_20240701T173101826.fits,2024-07-01 17:30:53.826000,2024-07-01 17:31:01.826000,-131.758,-34.4742,-131.788,-35.7392,-130.728,-35.7516,-130.712,-34.4864,20,10,40,15,15,30,A
ch2_cla_l1_20240701T094003848_20240701T094011848.fits,2024-07-01 09:40:03.848000,2024-07-01 09:40:11.848000,-127.101,-20.986,-127.122,-22.291,-126.147,-22.3016,-126.133,-20.9965,20,10,40,15,15,30,A
ch2_cla_l1_20240701T095611848_20240701T095619848.fits,2024-07-01 09:56:11.848000,2024-07-01 09:56:19.848000,-129.301,-70.2326,-129.472,-71.3584,-127.237,-71.3822,-127.183,-70.2552,20,10,40,15,15,30,A
ch2_cla_l1_20240701T192714911_20240701T192722911.fits,2024-07-01 19:27:14.911000,2024-07-01 19:27:22.911000,-132.838,-33.7318,-132.869,-34.9996,-131.815,-35.0122,-131.798,-33.7443,20,10,40,15,15,30,A
ch2_cla_l1_20240701T133645195_20240701T133653195.fits,2024-07-01 13:36:45.195000,2024-07-01 13:36:53.195000,-129.496,-31.5814,-129.523,-32.8549,-128.488,-32.8664,-128.473,-31.5928,20,10,40,15,15,30,A
ch2_cla_l1_20240701T175429826_20240701T175437826.fits,2024-07-01 17:54:29.826000,2024-07-01 17:54:37.826000,50.0551,-71.5475,50.1246,-72.5474,52.061,-72.525,51.8856,-71.5264,20,10,40,15,15,30,A
ch2_cla_l1_20240701T132741196_20240701T132749196.fits,2024-07-01 13:27:41.196000,2024-07-01 13:27:49.196000,-129.027,-4.2524,-129.044,-5.5926,-128.099,-5.6031,-128.083,-4.263,20,10,40,15,15,30,A
ch2_cla_l1_20240701T111848112_20240701T111856112.fits,2024-07-01 11:18:48.112000,2024-07-01 11:18:56.112000,-127.473,32.5264,-127.486,31.1717,-126.369,31.1596,-126.339,32.5141,20,10,40,15,15,30,A
ch2_cla_l1_20240701T173501826_20240701T173509826.fits,2024-07-01 17:35:01.826000,2024-07-01 17:35:09.826000,-132.13,-47.0505,-132.176,-48.2727,-130.951,-48.287,-130.932,-47.0644,20,10,40,15,15,30,A
ch2_cla_l1_20240701T105512112_20240701T105520112.fits,2024-07-01 10:55:12.112000,2024-07-01 10:55:20.112000,48.4815,77.2524,48.8573,76.1068,51.9301,76.1402,51.8324,77.2888,20,10,40,15,15,30,A
ch2_cla_l1_20240701T194042911_20240701T194050911.fits,2024-07-01 19:40:42.911000,2024-07-01 19:40:50.911000,-135.89,-74.9727,-136.208,-76.0875,-133.277,-76.1224,-133.166,-75.0051,20,10,40,15,15,30,A
ch2_cla_l1_20240701T150817767_20240701T150825767.fits,2024-07-01 15:08:17.767000,2024-07-01 15:08:25.767000,-129.48,43.6012,-129.495,42.266,-128.231,42.2519,-128.189,43.5868,20,10,40,15,15,30,A
ch2_cla_l1_20240701T124845196_20240701T124853195.fits,2024-07-01 12:48:45.196000,2024-07-01 12:48:53.195000,49.3716,67.8249,49.4987,66.716,51.2602,66.7355,51.2206,67.8453,20,10,40,15,15,30,A
ch2_cla_l1_20240701T192346911_20240701T192354911.fits,2024-07-01 19:23:46.911000,2024-07-01 19:23:54.911000,-132.611,-23.2427,-132.635,-24.5405,-131.651,-24.5522,-131.635,-23.2544,20,10,40,15,15,30,A
ch2_cla_l1_20240701T090331848_20240701T090339848.fits,2024-07-01 09:03:31.848000,2024-07-01 09:03:39.848000,-116.272,88.7552,-121.115,87.554,-103.448,87.3602,-86.4735,88.4085,20,10,40,15,15,30,A
ch2_cla_l1_20240701T153241767_20240701T153249767.fits,2024-07-01 15:32:41.767000,2024-07-01 15:32:49.767000,-130.549,-29.6082,-130.576,-30.8882,-129.555,-30.8999,-129.54,-29.6198,20,10,40,15,15,30,A
ch2_cla_l1_20240701T091523848_20240701T091531848.fits,2024-07-01 09:15:23.848000,2024-07-01 09:15:31.848000,-126.104,52.9176,-126.121,51.5941,-124.635,51.5782,-124.575,52.9013,20,10,40,15,15,30,A
ch2_cla_l1_20240701T085627848_20240701T085635848.fits,2024-07-01 08:56:27.848000,2024-07-01 08:56:35.848000,51.1932,70.6696,51.3572,69.5468,53.3934,69.5685,53.3473,70.6926,20,10,40,15,15,30,A
ch2_cla_l1_20240701T092059848_20240701T092107848.fits,2024-07-01 09:20:59.848000,2024-07-01 09:21:07.848000,-126.344,36.1439,-126.358,34.7909,-125.196,34.7784,-125.163,36.1312,20,10,40,15,15,30,A
ch2_cla_l1_20240701T111616112_20240701T111624112.fits,2024-07-01 11:16:16.112000,2024-07-01 11:16:24.112000,-127.373,40.106,-127.387,38.7606,-126.174,38.7474,-126.137,40.0926,20,10,40,15,15,30,A
ch2_cla_l1_20240701T170109826_20240701T170117826.fits,2024-07-01 17:01:09.826000,2024-07-01 17:01:17.826000,-130.358,54.803,-130.379,53.4935,-128.852,53.4761,-128.784,54.7851,20,10,40,15,15,30,A
ch2_cla_l1_20240701T140141196_20240701T140149196.fits,2024-07-01 14:01:41.196000,2024-07-01 14:01:49.196000,52.0844,-70.3208,52.1418,-71.3117,53.9251,-71.2919,53.777,-70.302,20,10,40,15,15,30,A
ch2_cla_l1_20240701T150033767_20240701T150041767.fits,2024-07-01 15:00:33.767000,2024-07-01 15:00:41.767000,-128.985,66.853,-129.021,65.5739,-126.903,65.5502,-126.76,66.828,20,10,40,15,15,30,A
ch2_cla_l1_20240701T175413826_20240701T175421826.fits,2024-07-01 17:54:13.826000,2024-07-01 17:54:21.826000,50.1118,-72.3844,50.1877,-73.3868,52.2284,-73.3633,52.0351,-72.3622,20,10,40,15,15,30,A
ch2_cla_l1_20240701T130837195_20240701T130845195.fits,2024-07-01 13:08:37.195000,2024-07-01 13:08:45.195000,-128.255,52.8349,-128.273,51.5159,-126.798,51.4997,-126.737,52.8182,20,10,40,15,15,30,A
ch2_cla_l1_20240701T173717826_20240701T173725826.fits,2024-07-01 17:37:17.826000,2024-07-01 17:37:25.826000,-132.424,-53.9779,-132.485,-55.176,-131.105,-55.1921,-131.081,-53.9935,20,10,40,15,15,30,A
ch2_cla_l1_20240701T085843848_20240701T085851848.fits,2024-07-01 08:58:43.848000,2024-07-01 08:58:51.848000,49.4555,77.6581,49.8529,76.5091,53.0312,76.5432,52.9317,77.6953,20,10,40,15,15,30,A
ch2_cla_l1_20240701T112008112_20240701T112016112.fits,2024-07-01 11:20:08.112000,2024-07-01 11:20:16.112000,-127.522,28.5397,-127.536,27.1818,-126.458,27.17,-126.431,28.5278,20,10,40,15,15,30,A
ch2_cla_l1_20240701T191858911_20240701T191906911.fits,2024-07-01 19:18:58.911000,2024-07-01 19:19:06.911000,-132.361,-8.7856,-132.38,-10.1156,-131.436,-10.1269,-131.42,-8.7969,20,10,40,15,15,30,A
ch2_cla_l1_20240701T114120112_20240701T114128112.fits,2024-07-01 11:41:20.112000,2024-07-01 11:41:28.112000,-128.48,-35.1456,-128.51,-36.4071,-127.445,-36.4189,-127.43,-35.1571,20,10,40,15,15,30,A
ch2_cla_l1_20240701T125509195_20240701T125517196.fits,2024-07-01 12:55:09.195000,2024-07-01 12:55:17.196000,28.8167,87.3829,35.9539,86.2609,47.9505,86.3949,46.0707,87.5785,20,10,40,15,15,30,A
ch2_cla_l1_20240701T135509195_20240701T135517195.fits,2024-07-01 13:55:09.195000,2024-07-01 13:55:17.195000,-156.469,-87.943,-150.989,-89.1792,-141.223,-88.5613,-138.41,-88.1527,20,10,40,15,15,30,A
ch2_cla_l1_20240701T144505767_20240701T144513767.fits,2024-07-01 14:45:05.767000,2024-07-01 14:45:13.767000,48.357,67.0103,48.4762,65.9061,50.1699,65.9251,50.1313,67.0302,20,10,40,15,15,30,A
ch2_cla_l1_20240701T183858911_20240701T183906911.fits,2024-07-01 18:38:58.911000,2024-07-01 18:39:06.911000,45.8448,69.0897,45.9925,67.9804,47.851,68.0021,47.802,69.1126,20,10,40,15,15,30,A
ch2_cla_l1_20240701T110320112_20240701T110328112.fits,2024-07-01 11:03:20.112000,2024-07-01 11:03:28.112000,-126.155,79.0327,-126.273,77.7893,-122.316,77.7463,-121.766,78.985,20,10,40,15,15,30,A
ch2_cla_l1_20240701T100547848_20240701T100555848.fits,2024-07-01 10:05:47.848000,2024-07-01 10:05:55.848000,54.9183,-78.7758,55.0782,-79.7888,58.4276,-79.753,57.9619,-78.7433,20,10,40,15,15,30,A
ch2_cla_l1_20240701T152137767_20240701T152145767.fits,2024-07-01 15:21:37.767000,2024-07-01 15:21:45.767000,-130.006,3.6975,-130.022,2.3479,-129.071,2.3371,-129.054,3.6867,20,10,40,15,15,30,A
ch2_cla_l1_20240701T152705767_20240701T152713767.fits,2024-07-01 15:27:05.767000,2024-07-01 15:27:13.767000,-130.243,-12.7108,-130.262,-14.0345,-129.311,-14.0453,-129.296,-12.7216,20,10,40,15,15,30,A
ch2_cla_l1_20240701T125621195_20240701T125629195.fits,2024-07-01 12:56:21.195000,2024-07-01 12:56:29.195000,-112.927,89.1082,-117.755,88.71,-89.1697,88.3665,-54.1245,89.7555,20,10,40,15,15,30,A
ch2_cla_l1_20240701T171613826_20240701T171621826.fits,2024-07-01 17:16:13.826000,2024-07-01 17:16:21.826000,-131.013,9.6717,-131.028,8.3183,-130.064,8.3071,-130.045,9.6605,20,10,40,15,15,30,A
ch2_cla_l1_20240701T185930911_20240701T185938911.fits,2024-07-01 18:59:30.911000,2024-07-01 18:59:38.911000,-131.523,49.542,-131.543,48.2227,-130.164,48.2067,-130.109,49.5255,20,10,40,15,15,30,A
ch2_cla_l1_20240701T154233767_20240701T154241767.fits,2024-07-01 15:42:33.767000,2024-07-01 15:42:41.767000,-131.638,-59.6939,-131.719,-60.8669,-130.15,-60.8847,-130.12,-59.7111,20,10,40,15,15,30,A
ch2_cla_l1_20240701T093755848_20240701T093803848.fits,2024-07-01 09:37:55.848000,2024-07-01 09:38:03.848000,-126.997,-14.5579,-127.016,-15.879,-126.059,-15.8894,-126.045,-14.5682,20,10,40,15,15,30,A
ch2_cla_l1_20240701T165517826_20240701T165525826.fits,2024-07-01 16:55:17.826000,2024-07-01 16:55:25.826000,-129.788,72.4969,-129.848,71.238,-127.191,71.2077,-126.952,72.4645,20,10,40,15,15,30,A
ch2_cla_l1_20240701T113904112_20240701T113912112.fits,2024-07-01 11:39:04.112000,2024-07-01 11:39:12.112000,-128.331,-28.2757,-128.356,-29.5596,-127.344,-29.5707,-127.329,-28.2867,20,10,40,15,15,30,A
ch2_cla_l1_20240701T095947848_20240701T095955848.fits,2024-07-01 09:59:47.848000,2024-07-01 09:59:55.848000,-132.851,-81.3793,-133.749,-82.4548,-128.664,-82.5091,-128.383,-81.427,20,10,40,15,15,30,A
ch2_cla_l1_20240701T095723848_20240701T095731848.fits,2024-07-01 09:57:23.848000,2024-07-01 09:57:31.848000,-129.944,-73.9448,-130.2,-75.055,-127.491,-75.0839,-127.411,-73.9719,20,10,40,15,15,30,A
ch2_cla_l1_20240701T094131848_20240701T094139848.fits,2024-07-01 09:41:31.848000,2024-07-01 09:41:39.848000,-127.181,-25.415,-127.204,-26.7075,-126.208,-26.7182,-126.194,-25.4257,20,10,40,15,15,30,A
ch2_cla_l1_20240701T134213195_20240701T134221195.fits,2024-07-01 13:42:13.195000,2024-07-01 13:42:21.195000,-129.965,-48.2128,-130.011,-49.4285,-128.768,-49.4424,-128.749,-48.2263,20,10,40,15,15,30,A
ch2_cla_l1_20240701T171805826_20240701T171813826.fits,2024-07-01 17:18:05.826000,2024-07-01 17:18:13.826000,-131.088,4.0811,-131.104,2.7322,-130.153,2.7212,-130.135,4.0701,20,10,40,15,15,30,A
ch2_cla_l1_20240701T190242911_20240701T190250911.fits,2024-07-01 19:02:42.911000,2024-07-01 19:02:50.911000,-131.681,39.942,-131.697,38.6051,-130.498,38.5912,-130.46,39.9278,20,10,40,15,15,30,A
ch2_cla_l1_20240701T132117195_20240701T132125195.fits,2024-07-01 13:21:17.195000,2024-07-01 13:21:25.195000,-128.775,14.916,-128.79,13.5574,-127.802,13.5464,-127.782,14.9049,20,10,40,15,15,30,A
ch2_cla_l1_20240701T191450911_20240701T191458911.fits,2024-07-01 19:14:50.911000,2024-07-01 19:14:58.911000,-132.179,3.6168,-132.196,2.2696,-131.247,2.2584,-131.229,3.6055,20,10,40,15,15,30,A
ch2_cla_l1_20240701T093427848_20240701T093435848.fits,2024-07-01 09:34:27.848000,2024-07-01 09:34:35.848000,-126.846,-4.1328,-126.862,-5.4838,-125.916,-5.4941,-125.9,-4.1431,20,10,40,15,15,30,A
ch2_cla_l1_20240701T154153767_20240701T154201767.fits,2024-07-01 15:41:53.767000,2024-07-01 15:42:01.767000,-131.51,-57.6466,-131.583,-58.8277,-130.091,-58.8446,-130.064,-57.663,20,10,40,15,15,30,A
ch2_cla_l1_20240701T152913767_20240701T152921767.fits,2024-07-01 15:29:13.767000,2024-07-01 15:29:21.767000,-130.349,-19.1354,-130.37,-20.4444,-129.402,-20.4554,-129.388,-19.1464,20,10,40,15,15,30,A
ch2_cla_l1_20240701T172221826_20240701T172229826.fits,2024-07-01 17:22:21.826000,2024-07-01 17:22:29.826000,-131.271,-8.7193,-131.29,-10.0503,-130.345,-10.0613,-130.329,-8.7302,20,10,40,15,15,30,A
ch2_cla_l1_20240701T140053195_20240701T140101195.fits,2024-07-01 14:00:53.195000,2024-07-01 14:01:01.195000,52.2377,-72.8341,52.3117,-73.8328,54.3931,-73.8098,54.1964,-72.8125,20,10,40,15,15,30,A
ch2_cla_l1_20240701T145041767_20240701T145049767.fits,2024-07-01 14:50:41.767000,2024-07-01 14:50:49.767000,40.4745,84.2394,42.2147,83.0821,48.5579,83.1535,48.1062,84.3254,20,10,40,15,15,30,A
ch2_cla_l1_20240701T174309826_20240701T174317826.fits,2024-07-01 17:43:09.826000,2024-07-01 17:43:17.826000,-134.1,-72.0293,-134.319,-73.1548,-131.853,-73.1833,-131.778,-72.0562,20,10,40,15,15,30,A
ch2_cla_l1_20240701T115416112_20240701T115424112.fits,2024-07-01 11:54:16.112000,2024-07-01 11:54:24.112000,-131.267,-74.8007,-131.557,-75.9097,-128.693,-75.9407,-128.601,-74.8297,20,10,40,15,15,30,A
ch2_cla_l1_20240701T184146911_20240701T184154911.fits,2024-07-01 18:41:46.911000,2024-07-01 18:41:54.911000,43.7359,77.7355,44.1583,76.5954,47.3175,76.6325,47.1921,77.776,20,10,40,15,15,30,A
ch2_cla_l1_20240701T120208112_20240701T120216112.fits,2024-07-01 12:02:08.112000,2024-07-01 12:02:16.112000,54.0014,-79.585,54.1938,-80.6033,57.8625,-80.5634,57.3081,-79.5491,20,10,40,15,15,30,A
ch2_cla_l1_20240701T113712112_20240701T113720112.fits,2024-07-01 11:37:12.112000,2024-07-01 11:37:20.112000,-128.224,-22.634,-128.246,-23.9339,-127.264,-23.9447,-127.25,-22.6447,20,10,40,15,15,30,A
ch2_cla_l1_20240701T105520112_20240701T105528112.fits,2024-07-01 10:55:20.112000,2024-07-01 10:55:28.112000,48.3268,77.6624,48.7272,76.5152,51.8988,76.5497,51.7954,77.7,20,10,40,15,15,30,A
ch2_cla_l1_20240701T114936112_20240701T114944112.fits,2024-07-01 11:49:36.112000,2024-07-01 11:49:44.112000,-129.462,-60.3992,-129.544,-61.5668,-127.953,-61.5841,-127.924,-60.416,20,10,40,15,15,30,A
ch2_cla_l1_20240701T191922911_20240701T191930911.fits,2024-07-01 19:19:22.911000,2024-07-01 19:19:30.911000,-132.38,-9.9879,-132.4,-11.3157,-131.454,-11.327,-131.438,-9.9992,20,10,40,15,15,30,A
ch2_cla_l1_20240701T173941826_20240701T173949826.fits,2024-07-01 17:39:41.826000,2024-07-01 17:39:49.826000,-132.869,-61.3447,-132.961,-62.5128,-131.317,-62.5318,-131.284,-61.3631,20,10,40,15,15,30,A
ch2_cla_l1_20240701T111408112_20240701T111416112.fits,2024-07-01 11:14:08.112000,2024-07-01 11:14:16.112000,-127.283,46.4958,-127.298,45.1612,-125.972,45.1469,-125.926,46.4811,20,10,40,15,15,30,A
ch2_cla_l1_20240701T155105767_20240701T155113767.fits,2024-07-01 15:51:05.767000,2024-07-01 15:51:13.767000,-143.988,-86.0125,-149.049,-87.0401,-136.334,-87.1868,-134.526,-86.1205,20,10,40,15,15,30,A
ch2_cla_l1_20240701T155737767_20240701T155745767.fits,2024-07-01 15:57:37.767000,2024-07-01 15:57:45.767000,51.1553,-72.3844,51.2283,-73.3843,53.2594,-73.3614,53.0698,-72.3628,20,10,40,15,15,30,A
ch2_cla_l1_20240701T170317826_20240701T170325826.fits,2024-07-01 17:03:17.826000,2024-07-01 17:03:25.826000,-130.476,48.3947,-130.494,47.0708,-129.138,47.0554,-129.087,48.3788,20,10,40,15,15,30,A
ch2_cla_l1_20240701T100651848_20240701T100659848.fits,2024-07-01 10:06:51.848000,2024-07-01 10:06:59.848000,54.5487,-75.4318,54.6442,-76.4337,57.1284,-76.4071,56.8595,-75.4071,20,10,40,15,15,30,A
ch2_cla_l1_20240701T183922911_20240701T183930911.fits,2024-07-01 18:39:22.911000,2024-07-01 18:39:30.911000,45.6539,70.3284,45.8207,69.2146,47.7985,69.2378,47.7441,70.3529,20,10,40,15,15,30,A
ch2_cla_l1_20240701T153433767_20240701T153441767.fits,2024-07-01 15:34:33.767000,2024-07-01 15:34:41.767000,-130.679,-35.2668,-130.709,-36.5283,-129.642,-36.5406,-129.626,-35.2788,20,10,40,15,15,30,A
ch2_cla_l1_20240701T175421826_20240701T175429826.fits,2024-07-01 17:54:21.826000,2024-07-01 17:54:29.826000,50.0828,-71.966,50.1555,-72.9671,52.1427,-72.9442,51.9587,-71.9444,20,10,40,15,15,30,A
ch2_cla_l1_20240701T164837826_20240701T164845826.fits,2024-07-01 16:48:37.826000,2024-07-01 16:48:45.826000,16.232,88.1004,28.9829,87.037,44.1297,87.2144,40.0937,88.3917,20,10,40,15,15,30,A
ch2_cla_l1_20240701T111840112_20240701T111848112.fits,2024-07-01 11:18:40.112000,2024-07-01 11:18:48.112000,-127.467,32.9252,-127.481,31.5709,-126.36,31.5587,-126.329,32.9128,20,10,40,15,15,30,A
ch2_cla_l1_20240701T173509826_20240701T173517826.fits,2024-07-01 17:35:09.826000,2024-07-01 17:35:17.826000,-132.146,-47.4576,-132.192,-48.6783,-130.959,-48.6926,-130.94,-47.4716,20,10,40,15,15,30,A
ch2_cla_l1_20240701T112216112_20240701T112224112.fits,2024-07-01 11:22:16.112000,2024-07-01 11:22:24.112000,-127.601,22.1621,-127.614,20.8017,-126.585,20.7904,-126.562,22.1507,20,10,40,15,15,30,A
ch2_cla_l1_20240701T185442911_20240701T185450911.fits,2024-07-01 18:54:42.911000,2024-07-01 18:54:50.911000,-131.187,63.9891,-131.22,62.7063,-129.301,62.684,-129.183,63.9658,20,10,40,15,15,30,A
ch2_cla_l1_20240701T114112112_20240701T114120112.fits,2024-07-01 11:41:12.112000,2024-07-01 11:41:20.112000,-128.471,-34.7408,-128.5,-36.004,-127.439,-36.0156,-127.424,-34.7523,20,10,40,15,15,30,A
ch2_cla_l1_20240701T091459848_20240701T091507848.fits,2024-07-01 09:14:59.848000,2024-07-01 09:15:07.848000,-126.084,54.1184,-126.101,52.7976,-124.579,52.7813,-124.515,54.1016,20,10,40,15,15,30,A
ch2_cla_l1_20240701T184250911_20240701T184258911.fits,2024-07-01 18:42:50.911000,2024-07-01 18:42:58.911000,41.9002,81.0087,42.6694,79.8591,46.9063,79.9089,46.6854,81.0649,20,10,40,15,15,30,A
ch2_cla_l1_20240701T150641767_20240701T150649767.fits,2024-07-01 15:06:41.767000,2024-07-01 15:06:49.767000,-129.404,48.3996,-129.422,47.0734,-128.062,47.0582,-128.011,48.384,20,10,40,15,15,30,A
ch2_cla_l1_20240701T092123848_20240701T092131848.fits,2024-07-01 09:21:23.848000,2024-07-01 09:21:31.848000,-126.36,34.9477,-126.373,33.5932,-125.226,33.5809,-125.194,34.9352,20,10,40,15,15,30,A
ch2_cla_l1_20240701T191746911_20240701T191754911.fits,2024-07-01 19:17:46.911000,2024-07-01 19:17:54.911000,-132.306,-5.1813,-132.324,-6.5174,-131.382,-6.5286,-131.366,-5.1925,20,10,40,15,15,30,A
ch2_cla_l1_20240701T093731848_20240701T093739848.fits,2024-07-01 09:37:31.848000,2024-07-01 09:37:39.848000,-126.978,-13.354,-126.997,-14.6781,-126.043,-14.6884,-126.028,-13.3643,20,10,40,15,15,30,A
ch2_cla_l1_20240701T135717195_20240701T135725195.fits,2024-07-01 13:57:17.195000,2024-07-01 13:57:25.195000,54.3196,-84.1016,54.9845,-85.1369,62.1928,-85.0567,60.2797,-84.0354,20,10,40,15,15,30,A
ch2_cla_l1_20240701T094227848_20240701T094235848.fits,2024-07-01 09:42:27.848000,2024-07-01 09:42:35.848000,-127.235,-28.2377,-127.259,-29.5214,-126.248,-29.5323,-126.234,-28.2485,20,10,40,15,15,30,A
ch2_cla_l1_20240701T095659848_20240701T095707848.fits,2024-07-01 09:56:59.848000,2024-07-01 09:57:07.848000,-129.7,-72.7068,-129.921,-73.8222,-127.395,-73.8492,-127.326,-72.7322,20,10,40,15,15,30,A
ch2_cla_l1_20240701T110312112_20240701T110320112.fits,2024-07-01 11:03:12.112000,2024-07-01 11:03:20.112000,-126.107,79.437,-126.233,78.1949,-122.151,78.1506,-121.561,79.3876,20,10,40,15,15,30,A
ch2_cla_l1_20240701T140005196_20240701T140013195.fits,2024-07-01 14:00:05.196000,2024-07-01 14:00:13.195000,52.4363,-75.3442,52.537,-76.3509,55.0279,-76.3233,54.7539,-75.3186,20,10,40,15,15,30,A
ch2_cla_l1_20240701T145553767_20240701T145601767.fits,2024-07-01 14:55:53.767000,2024-07-01 14:56:01.767000,-127.918,80.9801,-128.104,79.7481,-123.476,79.6961,-122.678,80.9212,20,10,40,15,15,30,A
ch2_cla_l1_20240701T085531848_20240701T085539848.fits,2024-07-01 08:55:31.848000,2024-07-01 08:55:39.848000,51.599,67.7812,51.7235,66.6694,53.489,66.6883,53.4521,67.801,20,10,40,15,15,30,A
ch2_cla_l1_20240701T125613195_20240701T125621195.fits,2024-07-01 12:56:13.195000,2024-07-01 12:56:21.195000,-112.927,89.1082,-61.9543,88.8775,-19.9227,88.9176,-54.1245,89.7555,20,10,40,15,15,30,A
ch2_cla_l1_20240701T135613195_20240701T135621196.fits,2024-07-01 13:56:13.195000,2024-07-01 13:56:21.196000,58.2548,-87.4185,63.009,-88.4545,83.3309,-88.2138,71.5293,-87.2679,20,10,40,15,15,30,A
ch2_cla_l1_20240701T171621826_20240701T171629826.fits,2024-07-01 17:16:21.826000,2024-07-01 17:16:29.826000,-131.018,9.2724,-131.033,7.9193,-130.07,7.9082,-130.051,9.2612,20,10,40,15,15,30,A
ch2_cla_l1_20240701T174933826_20240701T174941826.fits,2024-07-01 17:49:33.826000,2024-07-01 17:49:41.826000,55.5134,-86.9622,58.9123,-88.0044,75.5151,-87.8035,66.993,-86.827,20,10,40,15,15,30,A
ch2_cla_l1_20240701T192050911_20240701T192058911.fits,2024-07-01 19:20:50.911000,2024-07-01 19:20:58.911000,-132.452,-14.3998,-132.473,-15.7189,-131.519,-15.7302,-131.504,-14.4112,20,10,40,15,15,30,A
ch2_cla_l1_20240701T090027848_20240701T090035848.fits,2024-07-01 09:00:27.848000,2024-07-01 09:00:35.848000,45.8683,82.9633,47.0374,81.8,52.3978,81.8574,52.1237,83.0304,20,10,40,15,15,30,A
ch2_cla_l1_20240701T193642911_20240701T193650911.fits,2024-07-01 19:36:42.911000,2024-07-01 19:36:50.911000,-134.092,-62.6366,-134.194,-63.8011,-132.484,-63.8215,-132.447,-62.6563,20,10,40,15,15,30,A
ch2_cla_l1_20240701T131517195_20240701T131525195.fits,2024-07-01 13:15:17.195000,2024-07-01 13:15:25.195000,-128.55,32.859,-128.564,31.5069,-127.446,31.4946,-127.416,32.8465,20,10,40,15,15,30,A
ch2_cla_l1_20240701T154441767_20240701T154449767.fits,2024-07-01 15:44:41.767000,2024-07-01 15:44:49.767000,-132.181,-66.2592,-132.307,-67.4064,-130.39,-67.4281,-130.346,-66.28,20,10,40,15,15,30,A
ch2_cla_l1_20240701T165709826_20240701T165717826.fits,2024-07-01 16:57:09.826000,2024-07-01 16:57:17.826000,-130.04,66.8542,-130.078,65.5775,-127.965,65.5534,-127.822,66.8289,20,10,40,15,15,30,A
ch2_cla_l1_20240701T134221195_20240701T134229195.fits,2024-07-01 13:42:21.195000,2024-07-01 13:42:29.195000,-129.981,-48.62,-130.027,-49.8344,-128.776,-49.8484,-128.757,-48.6336,20,10,40,15,15,30,A
ch2_cla_l1_20240701T125805195_20240701T125813195.fits,2024-07-01 12:58:05.195000,2024-07-01 12:58:13.195000,-125.855,84.6484,-126.315,83.4281,-119.258,83.35,-117.253,84.553,20,10,40,15,15,30,A
ch2_cla_l1_20240701T132309195_20240701T132317195.fits,2024-07-01 13:23:09.195000,2024-07-01 13:23:17.195000,-128.846,9.331,-128.861,7.9752,-127.895,7.9645,-127.876,9.3202,20,10,40,15,15,30,A
ch2_cla_l1_20240701T145633767_20240701T145641767.fits,2024-07-01 14:56:33.767000,2024-07-01 14:56:41.767000,-128.221,78.9567,-128.35,77.7175,-124.437,77.6736,-123.886,78.9081,20,10,40,15,15,30,A
ch2_cla_l1_20240701T154809767_20240701T154817767.fits,2024-07-01 15:48:09.767000,2024-07-01 15:48:17.767000,-134.161,-76.9697,-134.566,-78.0726,-131.216,-78.1105,-131.082,-77.0046,20,10,40,15,15,30,A
ch2_cla_l1_20240701T152921767_20240701T152929767.fits,2024-07-01 15:29:21.767000,2024-07-01 15:29:29.767000,-130.356,-19.5375,-130.377,-20.8453,-129.408,-20.8564,-129.393,-19.5485,20,10,40,15,15,30,A
ch2_cla_l1_20240701T091851848_20240701T091859848.fits,2024-07-01 09:18:51.848000,2024-07-01 09:18:59.848000,-126.26,42.5274,-126.274,41.1833,-125.02,41.1699,-124.979,42.5137,20,10,40,15,15,30,A
ch2_cla_l1_20240701T193826911_20240701T193834911.fits,2024-07-01 19:38:26.911000,2024-07-01 19:38:34.911000,-134.633,-67.9743,-134.785,-69.1176,-132.728,-69.1421,-132.673,-67.9976,20,10,40,15,15,30,A
ch2_cla_l1_20240701T172213826_20240701T172221826.fits,2024-07-01 17:22:13.826000,2024-07-01 17:22:21.826000,-131.265,-8.3186,-131.283,-9.6503,-130.339,-9.6613,-130.323,-8.3296,20,10,40,15,15,30,A
ch2_cla_l1_20240701T120016112_20240701T120024112.fits,2024-07-01 12:00:16.112000,2024-07-01 12:00:24.112000,56.1615,-85.4147,57.2901,-86.4511,67.0747,-86.3435,63.8032,-85.3311,20,10,40,15,15,30,A
ch2_cla_l1_20240701T174117826_20240701T174125826.fits,2024-07-01 17:41:17.826000,2024-07-01 17:41:25.826000,-133.306,-66.2694,-133.435,-67.4181,-131.512,-67.4404,-131.466,-66.2907,20,10,40,15,15,30,A
ch2_cla_l1_20240701T151537767_20240701T151545767.fits,2024-07-01 15:15:37.767000,2024-07-01 15:15:45.767000,-129.775,21.6535,-129.789,20.2965,-128.767,20.2849,-128.744,21.6419,20,10,40,15,15,30,A
ch2_cla_l1_20240701T151305767_20240701T151313767.fits,2024-07-01 15:13:05.767000,2024-07-01 15:13:13.767000,-129.678,29.2306,-129.692,27.8775,-128.612,27.8653,-128.585,29.2184,20,10,40,15,15,30,A
ch2_cla_l1_20240701T115608112_20240701T115616112.fits,2024-07-01 11:56:08.112000,2024-07-01 11:56:16.112000,-133.48,-80.5814,-134.239,-81.6632,-129.595,-81.7137,-129.354,-80.6262,20,10,40,15,15,30,A
ch2_cla_l1_20240701T113720112_20240701T113728112.fits,2024-07-01 11:37:20.112000,2024-07-01 11:37:28.112000,-128.231,-23.0363,-128.253,-24.3354,-127.27,-24.3462,-127.255,-23.0471,20,10,40,15,15,30,A
ch2_cla_l1_20240701T110456112_20240701T110504112.fits,2024-07-01 11:04:56.112000,2024-07-01 11:05:04.112000,-126.55,74.1866,-126.611,72.9264,-123.697,72.8947,-123.415,74.1526,20,10,40,15,15,30,A
ch2_cla_l1_20240701T131701195_20240701T131709195.fits,2024-07-01 13:17:01.195000,2024-07-01 13:17:09.195000,-128.616,27.675,-128.63,26.3184,-127.562,26.3066,-127.535,27.663,20,10,40,15,15,30,A
ch2_cla_l1_20240701T191810911_20240701T191818911.fits,2024-07-01 19:18:10.911000,2024-07-01 19:18:18.911000,-132.324,-6.3825,-132.343,-7.7163,-131.4,-7.7276,-131.384,-6.3937,20,10,40,15,15,30,A
ch2_cla_l1_20240701T184138911_20240701T184146911.fits,2024-07-01 18:41:38.911000,2024-07-01 18:41:46.911000,43.8997,77.3253,44.2958,76.1865,47.3561,76.2224,47.238,77.3645,20,10,40,15,15,30,A
ch2_cla_l1_20240701T093219848_20240701T093227848.fits,2024-07-01 09:32:19.848000,2024-07-01 09:32:27.848000,-126.761,2.2534,-126.776,0.9018,-125.824,0.8915,-125.807,2.2431,20,10,40,15,15,30,A
ch2_cla_l1_20240701T171445826_20240701T171453826.fits,2024-07-01 17:14:45.826000,2024-07-01 17:14:53.826000,-130.955,14.0614,-130.97,12.7063,-129.99,12.695,-129.969,14.05,20,10,40,15,15,30,A
ch2_cla_l1_20240701T115824112_20240701T115832112.fits,2024-07-01 11:58:24.112000,2024-07-01 11:58:32.112000,-149.976,-87.5105,-164.898,-88.4398,-141.221,-88.722,-135.054,-87.6774,20,10,40,15,15,30,A
ch2_cla_l1_20240701T130037196_20240701T130045196.fits,2024-07-01 13:00:37.196000,2024-07-01 13:00:45.196000,-127.396,76.9597,-127.488,75.7112,-124.073,75.6735,-123.669,76.9186,20,10,40,15,15,30,A
ch2_cla_l1_20240701T125629195_20240701T125637195.fits,2024-07-01 12:56:29.195000,2024-07-01 12:56:37.195000,-101.898,89.4715,-120.297,88.3071,-96.6636,88.0322,-62.9327,88.867,20,10,40,15,15,30,A
ch2_cla_l1_20240701T131253195_20240701T131301195.fits,2024-07-01 13:12:53.195000,2024-07-01 13:13:01.195000,-128.454,40.042,-128.468,38.6987,-127.259,38.6854,-127.222,40.0284,20,10,40,15,15,30,A
ch2_cla_l1_20240701T110328112_20240701T110336112.fits,2024-07-01 11:03:28.112000,2024-07-01 11:03:36.112000,-126.199,78.6286,-126.31,77.3835,-122.471,77.3418,-121.955,78.5824,20,10,40,15,15,30,A
ch2_cla_l1_20240701T154625767_20240701T154633767.fits,2024-07-01 15:46:25.767000,2024-07-01 15:46:33.767000,-132.89,-71.6091,-133.096,-72.7345,-130.688,-72.7617,-130.62,-71.6347,20,10,40,15,15,30,A
ch2_cla_l1_20240701T090155848_20240701T090203848.fits,2024-07-01 09:01:55.848000,2024-07-01 09:02:03.848000,31.7839,87.3402,38.6175,86.2106,50.5209,86.3393,48.8609,87.5274,20,10,40,15,15,30,A
ch2_cla_l1_20240701T195114911_20240701T195122911.fits,2024-07-01 19:51:14.911000,2024-07-01 19:51:22.911000,48.9879,-71.0781,49.0593,-72.0773,50.9496,-72.0548,50.7775,-71.0575,20,10,40,15,15,30,A
ch2_cla_l1_20240701T120200112_20240701T120208112.fits,2024-07-01 12:02:00.112000,2024-07-01 12:02:08.112000,54.0741,-80.0022,54.2838,-81.0218,58.1303,-80.98,57.525,-79.9647,20,10,40,15,15,30,A
ch2_cla_l1_20240701T092355848_20240701T092403848.fits,2024-07-01 09:23:55.848000,2024-07-01 09:24:03.848000,-126.453,27.3742,-126.466,26.0136,-125.396,26.0021,-125.37,27.3626,20,10,40,15,15,30,A
ch2_cla_l1_20240701T134045195_20240701T134053195.fits,2024-07-01 13:40:45.195000,2024-07-01 13:40:53.195000,-129.813,-43.7374,-129.852,-44.9696,-128.685,-44.9826,-128.667,-43.7501,20,10,40,15,15,30,A
ch2_cla_l1_20240701T095939848_20240701T095947848.fits,2024-07-01 09:59:39.848000,2024-07-01 09:59:47.848000,-132.564,-80.9664,-133.38,-82.0441,-128.544,-82.0959,-128.289,-81.0121,20,10,40,15,15,30,A
ch2_cla_l1_20240701T172229826_20240701T172237826.fits,2024-07-01 17:22:29.826000,2024-07-01 17:22:37.826000,-131.277,-9.1201,-131.296,-10.4501,-130.351,-10.4611,-130.335,-9.131,20,10,40,15,15,30,A
ch2_cla_l1_20240701T145049767_20240701T145057767.fits,2024-07-01 14:50:49.767000,2024-07-01 14:50:57.767000,39.6832,84.6421,41.6727,83.4855,48.4228,83.5615,47.9073,84.735,20,10,40,15,15,30,A
ch2_cla_l1_20240701T174301826_20240701T174309826.fits,2024-07-01 17:43:01.826000,2024-07-01 17:43:09.826000,-134.027,-71.6174,-134.237,-72.7446,-131.822,-72.7725,-131.75,-71.6438,20,10,40,15,15,30,A
ch2_cla_l1_20240701T165925826_20240701T165933826.fits,2024-07-01 16:59:25.826000,2024-07-01 16:59:33.826000,-130.242,60.0191,-130.268,58.7228,-128.545,58.7032,-128.455,59.9987,20,10,40,15,15,30,A
ch2_cla_l1_20240701T145753767_20240701T145801767.fits,2024-07-01 14:57:53.767000,2024-07-01 14:58:01.767000,-128.596,74.9152,-128.669,73.662,-125.655,73.6282,-125.343,74.8787,20,10,40,15,15,30,A
ch2_cla_l1_20240701T100539848_20240701T100547848.fits,2024-07-01 10:05:39.848000,2024-07-01 10:05:47.848000,54.9793,-79.1933,55.1515,-80.2079,58.6507,-80.1706,58.1464,-79.1595,20,10,40,15,15,30,A
ch2_cla_l1_20240701T095507848_20240701T095515848.fits,2024-07-01 09:55:07.848000,2024-07-01 09:55:15.848000,-128.899,-66.938,-129.027,-68.0774,-127.075,-68.0983,-127.034,-66.958,20,10,40,15,15,30,A
ch2_cla_l1_20240701T113544112_20240701T113552112.fits,2024-07-01 11:35:44.112000,2024-07-01 11:35:52.112000,-128.147,-18.2099,-128.168,-19.5217,-127.202,-19.5323,-127.188,-18.2204,20,10,40,15,15,30,A
ch2_cla_l1_20240701T090235848_20240701T090243848.fits,2024-07-01 09:02:35.848000,2024-07-01 09:02:43.848000,-13.4521,88.9074,22.056,88.0929,46.3291,88.3667,26.6726,89.5278,20,10,40,15,15,30,A
ch2_cla_l1_20240701T174653826_20240701T174701826.fits,2024-07-01 17:46:53.826000,2024-07-01 17:47:01.826000,-139.822,-83.568,-141.608,-84.6354,-134.461,-84.7185,-133.843,-83.6374,20,10,40,15,15,30,A
ch2_cla_l1_20240701T093603848_20240701T093611848.fits,2024-07-01 09:36:03.848000,2024-07-01 09:36:11.848000,-126.913,-8.945,-126.93,-10.2782,-125.982,-10.2885,-125.968,-8.9552,20,10,40,15,15,30,A
ch2_cla_l1_20240701T092011848_20240701T092019848.fits,2024-07-01 09:20:11.848000,2024-07-01 09:20:19.848000,-126.314,38.5371,-126.327,37.1871,-125.134,37.1744,-125.099,38.5241,20,10,40,15,15,30,A
ch2_cla_l1_20240701T132917196_20240701T132925196.fits,2024-07-01 13:29:17.196000,2024-07-01 13:29:25.196000,-129.096,-9.0568,-129.114,-10.3885,-128.167,-10.3991,-128.152,-9.0674,20,10,40,15,15,30,A
ch2_cla_l1_20240701T105744112_20240701T105752112.fits,2024-07-01 10:57:44.112000,2024-07-01 10:57:52.112000,41.3037,84.9869,43.5162,83.8268,50.6922,83.905,50.1599,85.0837,20,10,40,15,15,30,A
ch2_cla_l1_20240701T170101826_20240701T170109826.fits,2024-07-01 17:01:01.826000,2024-07-01 17:01:09.826000,-130.35,55.204,-130.371,53.8954,-128.831,53.8778,-128.762,55.1859,20,10,40,15,15,30,A
ch2_cla_l1_20240701T130245195_20240701T130253195.fits,2024-07-01 13:02:45.195000,2024-07-01 13:02:53.195000,-127.788,70.5041,-127.833,69.2343,-125.39,69.2073,-125.197,70.4756,20,10,40,15,15,30,A
ch2_cla_l1_20240701T191314911_20240701T191322911.fits,2024-07-01 19:13:14.911000,2024-07-01 19:13:22.911000,-132.113,8.4097,-132.129,7.0587,-131.17,7.0474,-131.151,8.3984,20,10,40,15,15,30,A
ch2_cla_l1_20240701T144945767_20240701T144953767.fits,2024-07-01 14:49:45.767000,2024-07-01 14:49:53.767000,43.9354,81.399,44.7529,80.2444,49.189,80.2943,48.9729,81.4556,20,10,40,15,15,30,A
ch2_cla_l1_20240701T170453826_20240701T170501826.fits,2024-07-01 17:04:53.826000,2024-07-01 17:05:01.826000,-130.554,43.5948,-130.57,42.2616,-129.309,42.2474,-129.267,43.5801,20,10,40,15,15,30,A
ch2_cla_l1_20240701T094035848_20240701T094043848.fits,2024-07-01 09:40:35.848000,2024-07-01 09:40:43.848000,-127.129,-22.5958,-127.151,-23.8963,-126.169,-23.9069,-126.155,-22.6063,20,10,40,15,15,30,A
ch2_cla_l1_20240701T153249767_20240701T153257767.fits,2024-07-01 15:32:49.767000,2024-07-01 15:32:57.767000,-130.558,-30.0121,-130.585,-31.2908,-129.561,-31.3024,-129.546,-30.0236,20,10,40,15,15,30,A
ch2_cla_l1_20240701T091707848_20240701T091715848.fits,2024-07-01 09:17:07.848000,2024-07-01 09:17:15.848000,-126.186,47.7194,-126.201,46.3849,-124.846,46.3704,-124.798,47.7046,20,10,40,15,15,30,A
ch2_cla_l1_20240701T194818911_20240701T194826911.fits,2024-07-01 19:48:18.911000,2024-07-01 19:48:26.911000,50.0804,-80.2616,50.3416,-81.2916,54.3757,-81.2437,53.6863,-80.2188,20,10,40,15,15,30,A
ch2_cla_l1_20240701T114656112_20240701T114704112.fits,2024-07-01 11:46:56.112000,2024-07-01 11:47:04.112000,-129.022,-52.2169,-129.076,-53.4166,-127.748,-53.4311,-127.727,-52.231,20,10,40,15,15,30,A
ch2_cla_l1_20240701T193954911_20240701T194002911.fits,2024-07-01 19:39:54.911000,2024-07-01 19:40:02.911000,-135.335,-72.5006,-135.57,-73.6257,-133.035,-73.6559,-132.952,-72.5289,20,10,40,15,15,30,A
ch2_cla_l1_20240701T112000112_20240701T112008112.fits,2024-07-01 11:20:00.112000,2024-07-01 11:20:08.112000,-127.518,28.9383,-127.531,27.5808,-126.449,27.569,-126.422,28.9264,20,10,40,15,15,30,A
ch2_cla_l1_20240701T150425767_20240701T150433767.fits,2024-07-01 15:04:25.767000,2024-07-01 15:04:33.767000,-129.282,55.2067,-129.303,53.8957,-127.759,53.8785,-127.689,55.1889,20,10,40,15,15,30,A
ch2_cla_l1_20240701T114128112_20240701T114136112.fits,2024-07-01 11:41:28.112000,2024-07-01 11:41:36.112000,-128.49,-35.5502,-128.52,-36.8104,-127.451,-36.8222,-127.436,-35.5618,20,10,40,15,15,30,A
ch2_cla_l1_20240701T185834911_20240701T185842911.fits,2024-07-01 18:58:34.911000,2024-07-01 18:58:42.911000,-131.471,52.3462,-131.491,51.0329,-130.041,51.0161,-129.98,52.3288,20,10,40,15,15,30,A
ch2_cla_l1_20240701T135053195_20240701T135101195.fits,2024-07-01 13:50:53.195000,2024-07-01 13:51:01.195000,-132.419,-74.8692,-132.715,-75.9792,-129.83,-76.0111,-129.734,-74.8989,20,10,40,15,15,30,A
ch2_cla_l1_20240701T192338911_20240701T192346911.fits,2024-07-01 19:23:38.911000,2024-07-01 19:23:46.911000,-132.603,-22.8401,-132.627,-24.1392,-131.645,-24.1509,-131.629,-22.8518,20,10,40,15,15,30,A
ch2_cla_l1_20240701T133021195_20240701T133029195.fits,2024-07-01 13:30:21.195000,2024-07-01 13:30:29.195000,-129.144,-12.2635,-129.163,-13.5886,-128.212,-13.5992,-128.198,-12.2741,20,10,40,15,15,30,A
ch2_cla_l1_20240701T192922911_20240701T192930911.fits,2024-07-01 19:29:22.911000,2024-07-01 19:29:30.911000,-133.011,-40.2103,-133.048,-41.4569,-131.926,-41.4704,-131.908,-40.2235,20,10,40,15,15,30,A
ch2_cla_l1_20240701T144737767_20240701T144745767.fits,2024-07-01 14:47:37.767000,2024-07-01 14:47:45.767000,46.9737,74.8449,47.246,73.7113,49.8274,73.7403,49.7493,74.8761,20,10,40,15,15,30,A
ch2_cla_l1_20240701T175013826_20240701T175021826.fits,2024-07-01 17:50:13.826000,2024-07-01 17:50:21.826000,52.9058,-84.8918,53.9011,-85.9336,62.5579,-85.8326,59.8435,-84.8112,20,10,40,15,15,30,A
ch2_cla_l1_20240701T150433767_20240701T150441767.fits,2024-07-01 15:04:33.767000,2024-07-01 15:04:41.767000,-129.29,54.8059,-129.31,53.4939,-127.779,53.4768,-127.711,54.7882,20,10,40,15,15,30,A
ch2_cla_l1_20240701T131021195_20240701T131029196.fits,2024-07-01 13:10:21.195000,2024-07-01 13:10:29.196000,-128.342,47.6333,-128.358,46.3032,-127.012,46.2884,-126.963,47.6182,20,10,40,15,15,30,A
ch2_cla_l1_20240701T112408112_20240701T112416112.fits,2024-07-01 11:24:08.112000,2024-07-01 11:24:16.112000,-127.669,16.5813,-127.683,15.2208,-126.686,15.2099,-126.665,16.5704,20,10,40,15,15,30,A
ch2_cla_l1_20240701T173317826_20240701T173325826.fits,2024-07-01 17:33:17.826000,2024-07-01 17:33:25.826000,-131.955,-41.7673,-131.993,-43.0082,-130.851,-43.0215,-130.834,-41.7804,20,10,40,15,15,30,A
ch2_cla_l1_20240701T114520112_20240701T114528112.fits,2024-07-01 11:45:20.112000,2024-07-01 11:45:28.112000,-128.831,-47.3241,-128.875,-48.5425,-127.649,-48.5558,-127.632,-47.3372,20,10,40,15,15,30,A
ch2_cla_l1_20240701T170941826_20240701T170949826.fits,2024-07-01 17:09:41.826000,2024-07-01 17:09:49.826000,-130.758,29.22,-130.772,27.8686,-129.695,27.8564,-129.667,29.2075,20,10,40,15,15,30,A
ch2_cla_l1_20240701T105936112_20240701T105944112.fits,2024-07-01 10:59:36.112000,2024-07-01 10:59:44.112000,-111.724,89.1561,-58.8296,88.9038,-16.2623,88.9099,-41.8127,89.7751,20,10,40,15,15,30,A
ch2_cla_l1_20240701T092459848_20240701T092507848.fits,2024-07-01 09:24:59.848000,2024-07-01 09:25:07.848000,-126.492,24.1864,-126.505,22.8245,-125.46,22.8132,-125.436,24.175,20,10,40,15,15,30,A
ch2_cla_l1_20240701T170509826_20240701T170517826.fits,2024-07-01 17:05:09.826000,2024-07-01 17:05:17.826000,-130.566,42.7953,-130.582,41.4609,-129.335,41.4467,-129.294,42.7809,20,10,40,15,15,30,A
ch2_cla_l1_20240701T111216112_20240701T111224112.fits,2024-07-01 11:12:16.112000,2024-07-01 11:12:24.112000,-127.194,52.0943,-127.211,50.7715,-125.752,50.7557,-125.693,52.0781,20,10,40,15,15,30,A
ch2_cla_l1_20240701T112840112_20240701T112848112.fits,2024-07-01 11:28:40.112000,2024-07-01 11:28:48.112000,-127.84,3.0162,-127.855,1.665,-126.903,1.6545,-126.886,3.0057,20,10,40,15,15,30,A
ch2_cla_l1_20240701T194442911_20240701T194450911.fits,2024-07-01 19:44:42.911000,2024-07-01 19:44:50.911000,-153.523,-87.2504,-166.124,-88.2038,-145.338,-88.4716,-139.834,-87.4179,20,10,40,15,15,30,A
ch2_cla_l1_20240701T164421826_20240701T164429826.fits,2024-07-01 16:44:21.826000,2024-07-01 16:44:29.826000,45.7338,75.2393,46.0238,74.106,48.6671,74.1363,48.5815,75.2719,20,10,40,15,15,30,A
ch2_cla_l1_20240701T153641767_20240701T153649767.fits,2024-07-01 15:36:41.767000,2024-07-01 15:36:49.767000,-130.853,-41.7517,-130.891,-42.9919,-129.75,-43.0048,-129.733,-41.7644,20,10,40,15,15,30,A
ch2_cla_l1_20240701T091123848_20240701T091131848.fits,2024-07-01 09:11:23.848000,2024-07-01 09:11:31.848000,-125.852,64.9449,-125.88,63.653,-123.876,63.6316,-123.754,64.9225,20,10,40,15,15,30,A
ch2_cla_l1_20240701T130413195_20240701T130421195.fits,2024-07-01 13:04:13.195000,2024-07-01 13:04:21.195000,-127.951,66.0761,-127.983,64.7925,-125.914,64.7697,-125.781,66.0523,20,10,40,15,15,30,A
ch2_cla_l1_20240701T192746911_20240701T192754911.fits,2024-07-01 19:27:46.911000,2024-07-01 19:27:54.911000,-132.878,-35.3497,-132.911,-36.6122,-131.841,-36.625,-131.825,-35.3623,20,10,40,15,15,30,A
ch2_cla_l1_20240701T090731848_20240701T090739848.fits,2024-07-01 09:07:31.848000,2024-07-01 09:07:39.848000,-125.338,76.6234,-125.417,75.369,-122.056,75.3331,-121.675,76.5842,20,10,40,15,15,30,A
ch2_cla_l1_20240701T172621826_20240701T172629826.fits,2024-07-01 17:26:21.826000,2024-07-01 17:26:29.826000,-131.471,-20.7614,-131.493,-22.0658,-130.52,-22.0771,-130.505,-20.7726,20,10,40,15,15,30,A
ch2_cla_l1_20240701T115016112_20240701T115024112.fits,2024-07-01 11:50:16.112000,2024-07-01 11:50:24.112000,-129.609,-62.4504,-129.703,-63.6096,-128.017,-63.628,-127.985,-62.468,20,10,40,15,15,30,A
ch2_cla_l1_20240701T184546911_20240701T184554911.fits,2024-07-01 18:45:46.911000,2024-07-01 18:45:54.911000,-58.7994,89.7078,4.6443,88.4683,34.3079,88.8611,26.7034,89.2496,20,10,40,15,15,30,A
ch2_cla_l1_20240701T145441767_20240701T145449767.fits,2024-07-01 14:54:41.767000,2024-07-01 14:54:49.767000,-126.824,84.6259,-127.304,83.4079,-120.289,83.3289,-118.283,84.5296,20,10,40,15,15,30,A
ch2_cla_l1_20240701T174709826_20240701T174717826.fits,2024-07-01 17:47:09.826000,2024-07-01 17:47:17.826000,-141.122,-84.3873,-143.523,-85.4462,-135.148,-85.5438,-134.307,-84.4664,20,10,40,15,15,30,A
ch2_cla_l1_20240701T130517195_20240701T130525196.fits,2024-07-01 13:05:17.195000,2024-07-01 13:05:25.196000,-128.042,62.8605,-128.069,61.5675,-126.198,61.5469,-126.091,62.8391,20,10,40,15,15,30,A
ch2_cla_l1_20240701T165933826_20240701T165941826.fits,2024-07-01 16:59:33.826000,2024-07-01 16:59:41.826000,-130.252,59.6175,-130.277,58.3202,-128.572,58.3008,-128.484,59.5973,20,10,40,15,15,30,A
ch2_cla_l1_20240701T113312112_20240701T113320112.fits,2024-07-01 11:33:12.112000,2024-07-01 11:33:20.112000,-128.028,-10.585,-128.046,-11.9143,-127.097,-11.9247,-127.082,-10.5954,20,10,40,15,15,30,A
ch2_cla_l1_20240701T094531848_20240701T094539848.fits,2024-07-01 09:45:31.848000,2024-07-01 09:45:39.848000,-127.442,-37.5377,-127.473,-38.7909,-126.385,-38.8026,-126.37,-37.5492,20,10,40,15,15,30,A
ch2_cla_l1_20240701T095323848_20240701T095331848.fits,2024-07-01 09:53:23.848000,2024-07-01 09:53:31.848000,-128.436,-61.5959,-128.523,-62.7569,-126.882,-62.7745,-126.852,-61.6128,20,10,40,15,15,30,A
ch2_cla_l1_20240701T140101195_20240701T140109195.fits,2024-07-01 14:01:01.195000,2024-07-01 14:01:09.195000,52.2095,-72.4154,52.2801,-73.4129,54.3054,-73.3905,54.1185,-72.3943,20,10,40,15,15,30,A
ch2_cla_l1_20240701T191050911_20240701T191058911.fits,2024-07-01 19:10:50.911000,2024-07-01 19:10:58.911000,-132.017,15.5947,-132.032,14.2406,-131.047,14.2291,-131.025,15.583,20,10,40,15,15,30,A
ch2_cla_l1_20240701T093027848_20240701T093035848.fits,2024-07-01 09:30:27.848000,2024-07-01 09:30:35.848000,-126.69,7.8417,-126.705,6.4841,-125.74,6.4737,-125.722,7.8313,20,10,40,15,15,30,A
ch2_cla_l1_20240701T190642911_20240701T190650911.fits,2024-07-01 19:06:42.911000,2024-07-01 19:06:50.911000,-131.852,27.9634,-131.867,26.6131,-130.803,26.6007,-130.775,27.9509,20,10,40,15,15,30,A
ch2_cla_l1_20240701T132517195_20240701T132525195.fits,2024-07-01 13:25:17.195000,2024-07-01 13:25:25.195000,-128.929,2.9433,-128.944,1.5935,-127.993,1.5828,-127.976,2.9327,20,10,40,15,15,30,A
ch2_cla_l1_20240701T154553767_20240701T154601767.fits,2024-07-01 15:45:53.767000,2024-07-01 15:46:01.767000,-132.633,-69.9616,-132.807,-71.0938,-130.581,-71.1189,-130.522,-69.9855,20,10,40,15,15,30,A
ch2_cla_l1_20240701T165117826_20240701T165125826.fits,2024-07-01 16:51:17.826000,2024-07-01 16:51:25.826000,-127.761,84.6328,-128.269,83.4171,-121.266,83.3367,-119.239,84.5348,20,10,40,15,15,30,A
ch2_cla_l1_20240701T151921767_20240701T151929767.fits,2024-07-01 15:19:21.767000,2024-07-01 15:19:29.767000,-129.917,10.4845,-129.932,9.1295,-128.964,9.1185,-128.945,10.4736,20,10,40,15,15,30,A
ch2_cla_l1_20240701T092851848_20240701T092859848.fits,2024-07-01 09:28:51.848000,2024-07-01 09:28:59.848000,-126.631,12.6279,-126.645,11.2671,-125.664,11.2565,-125.645,12.6172,20,10,40,15,15,30,A
ch2_cla_l1_20240701T190826911_20240701T190834911.fits,2024-07-01 19:08:26.911000,2024-07-01 19:08:34.911000,-131.921,22.7765,-131.936,21.4233,-130.911,21.4113,-130.887,22.7643,20,10,40,15,15,30,A
ch2_cla_l1_20240701T131309195_20240701T131317195.fits,2024-07-01 13:13:09.195000,2024-07-01 13:13:17.195000,-128.465,39.2435,-128.479,37.8994,-127.282,37.8862,-127.245,39.2301,20,10,40,15,15,30,A
ch2_cla_l1_20240701T115832112_20240701T115840112.fits,2024-07-01 11:58:32.112000,2024-07-01 11:58:40.112000,-154.251,-87.8902,-176.418,-88.7455,-147.623,-89.1198,-136.685,-88.0895,20,10,40,15,15,30,A
ch2_cla_l1_20240701T100147848_20240701T100155848.fits,2024-07-01 10:01:47.848000,2024-07-01 10:01:55.848000,-148.404,-87.4896,-162.83,-88.4233,-139.437,-88.6956,-133.654,-87.6516,20,10,40,15,15,30,A
ch2_cla_l1_20240701T145809767_20240701T145817767.fits,2024-07-01 14:58:09.767000,2024-07-01 14:58:17.767000,-128.65,74.1077,-128.717,72.8519,-125.83,72.8195,-125.548,74.073,20,10,40,15,15,30,A
ch2_cla_l1_20240701T110720112_20240701T110728112.fits,2024-07-01 11:07:20.112000,2024-07-01 11:07:28.112000,-126.86,66.9363,-126.893,65.6528,-124.757,65.6296,-124.615,66.912,20,10,40,15,15,30,A
ch2_cla_l1_20240701T125901196_20240701T125909195.fits,2024-07-01 12:59:01.196000,2024-07-01 12:59:09.195000,-126.749,81.813,-126.96,80.5819,-121.934,80.5264,-120.991,81.7494,20,10,40,15,15,30,A
ch2_cla_l1_20240701T152537767_20240701T152545767.fits,2024-07-01 15:25:37.767000,2024-07-01 15:25:45.767000,-130.175,-8.3017,-130.193,-9.6339,-129.248,-9.6447,-129.233,-8.3124,20,10,40,15,15,30,A
ch2_cla_l1_20240701T152305767_20240701T152313767.fits,2024-07-01 15:23:05.767000,2024-07-01 15:23:13.767000,-130.066,-0.6983,-130.083,-2.0427,-129.137,-2.0534,-129.121,-0.7091,20,10,40,15,15,30,A
ch2_cla_l1_20240701T125221195_20240701T125229195.fits,2024-07-01 12:52:21.195000,2024-07-01 12:52:29.195000,46.6386,78.9337,47.1373,77.7841,50.6493,77.8228,50.5185,78.9765,20,10,40,15,15,30,A
ch2_cla_l1_20240701T154633767_20240701T154641767.fits,2024-07-01 15:46:33.767000,2024-07-01 15:46:41.767000,-132.962,-72.0212,-133.176,-73.1448,-130.718,-73.1726,-130.646,-72.0473,20,10,40,15,15,30,A
ch2_cla_l1_20240701T171213826_20240701T171221826.fits,2024-07-01 17:12:13.826000,2024-07-01 17:12:21.826000,-130.857,21.6411,-130.871,20.2856,-129.852,20.2739,-129.828,21.6292,20,10,40,15,15,30,A
ch2_cla_l1_20240701T145625767_20240701T145633767.fits,2024-07-01 14:56:25.767000,2024-07-01 14:56:33.767000,-128.169,79.3613,-128.307,78.1235,-124.27,78.0782,-123.68,79.3109,20,10,40,15,15,30,A
ch2_cla_l1_20240701T133605196_20240701T133613196.fits,2024-07-01 13:36:05.196000,2024-07-01 13:36:13.196000,-129.452,-29.562,-129.479,-30.8418,-128.458,-30.8533,-128.443,-29.5733,20,10,40,15,15,30,A
ch2_cla_l1_20240701T090219848_20240701T090227848.fits,2024-07-01 09:02:19.848000,2024-07-01 09:02:27.848000,14.8071,88.4051,31.4952,87.3674,48.8351,87.5576,43.9649,88.7443,20,10,40,15,15,30,A
ch2_cla_l1_20240701T172445826_20240701T172453826.fits,2024-07-01 17:24:45.826000,2024-07-01 17:24:53.826000,-131.387,-15.9387,-131.407,-17.255,-130.449,-17.2661,-130.434,-15.9498,20,10,40,15,15,30,A
ch2_cla_l1_20240701T192810911_20240701T192818911.fits,2024-07-01 19:28:10.911000,2024-07-01 19:28:18.911000,-132.91,-36.5636,-132.943,-37.8224,-131.862,-37.8354,-131.845,-36.5764,20,10,40,15,15,30,A
ch2_cla_l1_20240701T113456112_20240701T113504112.fits,2024-07-01 11:34:56.112000,2024-07-01 11:35:04.112000,-128.108,-15.7998,-128.128,-17.1176,-127.169,-17.1281,-127.155,-15.8103,20,10,40,15,15,30,A
ch2_cla_l1_20240701T100515848_20240701T100523848.fits,2024-07-01 10:05:15.848000,2024-07-01 10:05:23.848000,55.193,-80.4454,55.4163,-81.4639,59.4518,-81.4208,58.795,-80.4069,20,10,40,15,15,30,A
ch2_cla_l1_20240701T132701195_20240701T132709195.fits,2024-07-01 13:27:01.195000,2024-07-01 13:27:09.195000,-128.999,-2.2523,-129.015,-3.5956,-128.07,-3.6061,-128.054,-2.2629,20,10,40,15,15,30,A
ch2_cla_l1_20240701T115200112_20240701T115208112.fits,2024-07-01 11:52:00.112000,2024-07-01 11:52:08.112000,-130.109,-67.7936,-130.249,-68.9311,-128.227,-68.9531,-128.182,-67.8145,20,10,40,15,15,30,A
ch2_cla_l1_20240701T113328112_20240701T113336112.fits,2024-07-01 11:33:28.112000,2024-07-01 11:33:36.112000,-128.04,-11.3868,-128.058,-12.7144,-127.108,-12.7249,-127.093,-11.3972,20,10,40,15,15,30,A
ch2_cla_l1_20240701T093155848_20240701T093203848.fits,2024-07-01 09:31:55.848000,2024-07-01 09:32:03.848000,-126.746,3.4513,-126.76,2.0983,-125.806,2.0879,-125.789,3.4409,20,10,40,15,15,30,A
ch2_cla_l1_20240701T095915848_20240701T095923848.fits,2024-07-01 09:59:15.848000,2024-07-01 09:59:23.848000,-131.845,-79.7275,-132.471,-80.8116,-128.246,-80.8567,-128.052,-79.768,20,10,40,15,15,30,A
ch2_cla_l1_20240701T132253195_20240701T132301195.fits,2024-07-01 13:22:53.195000,2024-07-01 13:23:01.195000,-128.836,10.129,-128.85,8.7728,-127.882,8.762,-127.863,10.1182,20,10,40,15,15,30,A
ch2_cla_l1_20240701T195138911_20240701T195146911.fits,2024-07-01 19:51:38.911000,2024-07-01 19:51:46.911000,48.9123,-69.8207,48.9741,-70.8175,50.7322,-70.7966,50.5831,-69.8009,20,10,40,15,15,30,A
ch2_cla_l1_20240701T130701195_20240701T130709196.fits,2024-07-01 13:07:01.195000,2024-07-01 13:07:09.196000,-128.163,57.6432,-128.184,56.3359,-126.55,56.318,-126.472,57.6246,20,10,40,15,15,30,A
ch2_cla_l1_20240701T165653826_20240701T165701826.fits,2024-07-01 16:56:53.826000,2024-07-01 16:57:01.826000,-130.011,67.6595,-130.051,66.3853,-127.877,66.3605,-127.723,67.6334,20,10,40,15,15,30,A
ch2_cla_l1_20240701T171229826_20240701T171237826.fits,2024-07-01 17:12:29.826000,2024-07-01 17:12:37.826000,-130.867,20.843,-130.882,19.4875,-129.867,19.4759,-129.844,20.8312,20,10,40,15,15,30,A
ch2_cla_l1_20240701T091355848_20240701T091403848.fits,2024-07-01 09:13:55.848000,2024-07-01 09:14:03.848000,-126.025,57.3222,-126.045,56.0093,-124.414,55.9919,-124.338,57.3042,20,10,40,15,15,30,A
ch2_cla_l1_20240701T090603848_20240701T090611848.fits,2024-07-01 09:06:03.848000,2024-07-01 09:06:11.848000,-124.849,81.0685,-125.013,79.83,-120.308,79.7796,-119.513,81.0114,20,10,40,15,15,30,A
ch2_cla_l1_20240701T091011848_20240701T091019848.fits,2024-07-01 09:10:11.848000,2024-07-01 09:10:19.848000,-125.742,68.5634,-125.777,67.2823,-123.505,67.258,-123.344,68.5377,20,10,40,15,15,30,A
ch2_cla_l1_20240701T110544112_20240701T110552112.fits,2024-07-01 11:05:44.112000,2024-07-01 11:05:52.112000,-126.676,71.7674,-126.724,70.4991,-124.135,70.471,-123.918,71.7375,20,10,40,15,15,30,A
ch2_cla_l1_20240701T154049767_20240701T154057767.fits,2024-07-01 15:40:49.767000,2024-07-01 15:40:57.767000,-131.334,-54.3754,-131.395,-55.5693,-130.006,-55.585,-129.982,-54.3908,20,10,40,15,15,30,A
ch2_cla_l1_20240701T165301826_20240701T165309826.fits,2024-07-01 16:53:01.826000,2024-07-01 16:53:09.826000,-129.182,79.3667,-129.328,78.1312,-125.301,78.0852,-124.705,79.3155,20,10,40,15,15,30,A
ch2_cla_l1_20240701T093235848_20240701T093243848.fits,2024-07-01 09:32:35.848000,2024-07-01 09:32:43.848000,-126.771,1.4545,-126.787,0.1038,-125.836,0.0935,-125.819,1.4442,20,10,40,15,15,30,A
ch2_cla_l1_20240701T154753767_20240701T154801767.fits,2024-07-01 15:47:53.767000,2024-07-01 15:48:01.767000,-133.903,-76.1446,-134.261,-77.2508,-131.108,-77.2865,-130.99,-76.1775,20,10,40,15,15,30,A
ch2_cla_l1_20240701T174925826_20240701T174933826.fits,2024-07-01 17:49:25.826000,2024-07-01 17:49:33.826000,56.5245,-87.3747,61.471,-88.4137,81.3597,-88.1668,69.6519,-87.2189,20,10,40,15,15,30,A
ch2_cla_l1_20240701T184114911_20240701T184122911.fits,2024-07-01 18:41:14.911000,2024-07-01 18:41:22.911000,44.334,76.0936,44.6643,74.9591,47.4603,74.9919,47.3605,76.1291,20,10,40,15,15,30,A
ch2_cla_l1_20240701T125045195_20240701T125053195.fits,2024-07-01 12:50:45.195000,2024-07-01 12:50:53.195000,48.3087,74.009,48.5514,72.8768,51.0045,72.9039,50.9362,74.038,20,10,40,15,15,30,A
ch2_cla_l1_20240701T124949195_20240701T124957195.fits,2024-07-01 12:49:49.195000,2024-07-01 12:49:57.195000,48.888,71.1265,49.0627,70.005,51.1395,70.0279,51.0882,71.1507,20,10,40,15,15,30,A
ch2_cla_l1_20240701T192314911_20240701T192322911.fits,2024-07-01 19:23:14.911000,2024-07-01 19:23:22.911000,-132.58,-21.6327,-132.604,-22.9348,-131.626,-22.9465,-131.611,-21.6443,20,10,40,15,15,30,A
ch2_cla_l1_20240701T185818911_20240701T185826911.fits,2024-07-01 18:58:18.911000,2024-07-01 18:58:26.911000,-131.455,53.1477,-131.476,51.8365,-130.003,51.8194,-129.939,53.1301,20,10,40,15,15,30,A
ch2_cla_l1_20240701T175029826_20240701T175037826.fits,2024-07-01 17:50:29.826000,2024-07-01 17:50:37.826000,52.3692,-84.0614,53.0824,-85.1011,60.2889,-85.0172,58.3337,-83.9921,20,10,40,15,15,30,A
ch2_cla_l1_20240701T131917196_20240701T131925196.fits,2024-07-01 13:19:17.196000,2024-07-01 13:19:25.196000,-128.701,20.8969,-128.715,19.5381,-127.696,19.5268,-127.673,20.8855,20,10,40,15,15,30,A
ch2_cla_l1_20240701T173101826_20240701T173109826.fits,2024-07-01 17:31:01.826000,2024-07-01 17:31:09.826000,-131.768,-34.8787,-131.798,-36.1425,-130.734,-36.1549,-130.718,-34.8909,20,10,40,15,15,30,A
ch2_cla_l1_20240701T092707848_20240701T092715848.fits,2024-07-01 09:27:07.848000,2024-07-01 09:27:15.848000,-126.568,17.8103,-126.582,16.4476,-125.577,16.4368,-125.556,17.7994,20,10,40,15,15,30,A
ch2_cla_l1_20240701T173453826_20240701T173501826.fits,2024-07-01 17:34:53.826000,2024-07-01 17:35:01.826000,-132.116,-46.6436,-132.161,-47.8672,-130.943,-47.8813,-130.924,-46.6575,20,10,40,15,15,30,A
ch2_cla_l1_20240701T125157196_20240701T125205196.fits,2024-07-01 12:51:57.196000,2024-07-01 12:52:05.196000,47.1787,77.705,47.5851,76.5596,50.7597,76.5946,50.6514,77.7433,20,10,40,15,15,30,A
ch2_cla_l1_20240701T150249767_20240701T150257767.fits,2024-07-01 15:02:49.767000,2024-07-01 15:02:57.767000,-129.178,60.0202,-129.203,58.7215,-127.476,58.7022,-127.386,60.0002,20,10,40,15,15,30,A
ch2_cla_l1_20240701T114744112_20240701T114752112.fits,2024-07-01 11:47:44.112000,2024-07-01 11:47:52.112000,-129.135,-54.6678,-129.195,-55.858,-127.802,-55.8732,-127.78,-54.6826,20,10,40,15,15,30,A
ch2_cla_l1_20240701T095211848_20240701T095219848.fits,2024-07-01 09:52:11.848000,2024-07-01 09:52:19.848000,-128.2,-57.906,-128.27,-59.0823,-126.778,-59.0982,-126.753,-57.9216,20,10,40,15,15,30,A
ch2_cla_l1_20240701T094403848_20240701T094411848.fits,2024-07-01 09:44:03.848000,2024-07-01 09:44:11.848000,-127.337,-33.0848,-127.364,-34.3531,-126.318,-34.3644,-126.303,-33.0959,20,10,40,15,15,30,A
ch2_cla_l1_20240701T194834911_20240701T194842911.fits,2024-07-01 19:48:34.911000,2024-07-01 19:48:42.911000,49.9085,-79.4286,50.1284,-80.456,53.7976,-80.4124,53.2192,-79.3893,20,10,40,15,15,30,A
ch2_cla_l1_20240701T144857767_20240701T144905767.fits,2024-07-01 14:48:57.767000,2024-07-01 14:49:05.767000,45.4904,78.9478,45.9949,77.8001,49.5027,77.8394,49.3658,78.9913,20,10,40,15,15,30,A
ch2_cla_l1_20240701T130429195_20240701T130437195.fits,2024-07-01 13:04:29.195000,2024-07-01 13:04:37.195000,-127.975,65.2719,-128.006,63.9858,-125.992,63.9636,-125.866,65.2487,20,10,40,15,15,30,A
ch2_cla_l1_20240701T094019848_20240701T094027848.fits,2024-07-01 09:40:19.848000,2024-07-01 09:40:27.848000,-127.115,-21.7907,-127.137,-23.0935,-126.158,-23.1041,-126.144,-21.8012,20,10,40,15,15,30,A
ch2_cla_l1_20240701T150953767_20240701T151001767.fits,2024-07-01 15:09:53.767000,2024-07-01 15:10:01.767000,-129.549,38.808,-129.564,37.4651,-128.376,37.4518,-128.339,38.7945,20,10,40,15,15,30,A
ch2_cla_l1_20240701T191338911_20240701T191346911.fits,2024-07-01 19:13:38.911000,2024-07-01 19:13:46.911000,-132.13,7.2118,-132.145,5.8616,-131.19,5.8503,-131.171,7.2005,20,10,40,15,15,30,A
ch2_cla_l1_20240701T105656112_20240701T105704112.fits,2024-07-01 10:56:56.112000,2024-07-01 10:57:04.112000,45.1659,82.5624,46.226,81.4017,51.3141,81.4571,51.0559,82.6265,20,10,40,15,15,30,A
ch2_cla_l1_20240701T125357196_20240701T125405195.fits,2024-07-01 12:53:57.196000,2024-07-01 12:54:05.195000,42.3699,83.8212,43.8824,82.6616,49.8655,82.7278,49.4878,83.8999,20,10,40,15,15,30,A
ch2_cla_l1_20240701T153425767_20240701T153433767.fits,2024-07-01 15:34:25.767000,2024-07-01 15:34:33.767000,-130.669,-34.8621,-130.699,-36.1255,-129.636,-36.1377,-129.62,-34.874,20,10,40,15,15,30,A
ch2_cla_l1_20240701T111000112_20240701T111008112.fits,2024-07-01 11:10:00.112000,2024-07-01 11:10:08.112000,-127.066,58.9046,-127.087,57.5982,-125.399,57.5799,-125.315,58.8856,20,10,40,15,15,30,A
ch2_cla_l1_20240701T164645826_20240701T164653826.fits,2024-07-01 16:46:45.826000,2024-07-01 16:46:53.826000,41.6138,82.6044,42.7148,81.4497,47.7914,81.508,47.4918,82.6719,20,10,40,15,15,30,A
ch2_cla_l1_20240701T132829195_20240701T132837195.fits,2024-07-01 13:28:29.195000,2024-07-01 13:28:37.195000,-129.061,-6.6536,-129.078,-7.9897,-128.133,-8.0002,-128.118,-6.6642,20,10,40,15,15,30,A
ch2_cla_l1_20240701T195002911_20240701T195010911.fits,2024-07-01 19:50:02.911000,2024-07-01 19:50:10.911000,49.2879,-74.8395,49.3944,-75.852,51.8238,-75.8232,51.5535,-74.8126,20,10,40,15,15,30,A
ch2_cla_l1_20240701T194610911_20240701T194618911.fits,2024-07-01 19:46:10.911000,2024-07-01 19:46:18.911000,54.6276,-86.9038,58.0424,-87.9471,74.2481,-87.7455,65.9245,-86.7669,20,10,40,15,15,30,A
ch2_cla_l1_20240701T134901195_20240701T134909195.fits,2024-07-01 13:49:01.195000,2024-07-01 13:49:09.195000,-131.389,-69.0986,-131.548,-70.2326,-129.41,-70.2562,-129.357,-69.1211,20,10,40,15,15,30,A
ch2_cla_l1_20240701T152201767_20240701T152209767.fits,2024-07-01 15:22:01.767000,2024-07-01 15:22:09.767000,-130.023,2.4991,-130.038,1.1508,-129.089,1.14,-129.072,2.4883,20,10,40,15,15,30,A
ch2_cla_l1_20240701T135805196_20240701T135813196.fits,2024-07-01 13:58:05.196000,2024-07-01 13:58:13.196000,53.3971,-81.6045,53.7087,-82.6319,58.4442,-82.5795,57.5515,-81.5585,20,10,40,15,15,30,A
ch2_cla_l1_20240701T193306911_20240701T193314911.fits,2024-07-01 19:33:06.911000,2024-07-01 19:33:14.911000,-133.423,-51.5962,-133.479,-52.8025,-132.158,-52.8183,-132.134,-51.6116,20,10,40,15,15,30,A
ch2_cla_l1_20240701T110624112_20240701T110632112.fits,2024-07-01 11:06:24.112000,2024-07-01 11:06:32.112000,-126.761,69.7533,-126.801,68.4785,-124.426,68.4528,-124.247,69.726,20,10,40,15,15,30,A
ch2_cla_l1_20240701T154329767_20240701T154337767.fits,2024-07-01 15:43:29.767000,2024-07-01 15:43:37.767000,-131.845,-62.5634,-131.942,-63.7253,-130.244,-63.7446,-130.209,-62.5819,20,10,40,15,15,30,A
ch2_cla_l1_20240701T184434911_20240701T184442911.fits,2024-07-01 18:44:34.911000,2024-07-01 18:44:42.911000,32.188,86.2517,36.0906,85.1112,45.1144,85.2179,43.9975,86.3922,20,10,40,15,15,30,A
ch2_cla_l1_20240701T154457767_20240701T154505767.fits,2024-07-01 15:44:57.767000,2024-07-01 15:45:05.767000,-132.269,-67.0815,-132.404,-68.2253,-130.428,-68.2477,-130.381,-67.1029,20,10,40,15,15,30,A
ch2_cla_l1_20240701T171149826_20240701T171157826.fits,2024-07-01 17:11:49.826000,2024-07-01 17:11:57.826000,-130.841,22.8374,-130.856,21.4825,-129.828,21.4707,-129.804,22.8256,20,10,40,15,15,30,A
ch2_cla_l1_20240701T093715848_20240701T093723848.fits,2024-07-01 09:37:15.848000,2024-07-01 09:37:23.848000,-126.966,-12.552,-126.984,-13.8778,-126.032,-13.8881,-126.017,-12.5623,20,10,40,15,15,30,A
ch2_cla_l1_20240701T151825767_20240701T151833767.fits,2024-07-01 15:18:25.767000,2024-07-01 15:18:33.767000,-129.882,13.2776,-129.896,11.921,-128.917,11.91,-128.897,13.2665,20,10,40,15,15,30,A
ch2_cla_l1_20240701T100035848_20240701T100043848.fits,2024-07-01 10:00:35.848000,2024-07-01 10:00:43.848000,-135.366,-83.8517,-137.208,-84.9096,-129.792,-84.9893,-129.207,-83.9176,20,10,40,15,15,30,A
ch2_cla_l1_20240701T113048112_20240701T113056112.fits,2024-07-01 11:30:48.112000,2024-07-01 11:30:56.112000,-127.925,-3.3785,-127.941,-4.721,-126.996,-4.7314,-126.98,-3.3888,20,10,40,15,15,30,A
ch2_cla_l1_20240701T090739848_20240701T090747848.fits,2024-07-01 09:07:39.848000,2024-07-01 09:07:47.848000,-125.368,76.2197,-125.442,74.964,-122.164,74.9289,-121.804,76.1815,20,10,40,15,15,30,A
ch2_cla_l1_20240701T113752112_20240701T113800112.fits,2024-07-01 11:37:52.112000,2024-07-01 11:38:00.112000,-128.26,-24.6473,-128.283,-25.9419,-127.292,-25.9528,-127.278,-24.6581,20,10,40,15,15,30,A
ch2_cla_l1_20240701T134549195_20240701T134557195.fits,2024-07-01 13:45:49.195000,2024-07-01 13:45:57.195000,-130.497,-59.242,-130.575,-60.4153,-129.027,-60.4325,-128.999,-59.2586,20,10,40,15,15,30,A
ch2_cla_l1_20240701T145545767_20240701T145553767.fits,2024-07-01 14:55:45.767000,2024-07-01 14:55:53.767000,-127.841,81.385,-128.044,80.1545,-123.237,80.1005,-122.37,81.3235,20,10,40,15,15,30,A
ch2_cla_l1_20240701T171853826_20240701T171901826.fits,2024-07-01 17:18:53.826000,2024-07-01 17:19:01.826000,-131.12,1.6839,-131.137,0.3374,-130.19,0.3265,-130.173,1.6729,20,10,40,15,15,30,A
ch2_cla_l1_20240701T172725826_20240701T172733826.fits,2024-07-01 17:27:25.826000,2024-07-01 17:27:33.826000,-131.531,-23.9808,-131.555,-25.277,-130.567,-25.2885,-130.552,-23.9923,20,10,40,15,15,30,A
ch2_cla_l1_20240701T094539848_20240701T094547848.fits,2024-07-01 09:45:39.848000,2024-07-01 09:45:47.848000,-127.452,-37.9431,-127.483,-39.1949,-126.391,-39.2066,-126.376,-37.9546,20,10,40,15,15,30,A
ch2_cla_l1_20240701T153745767_20240701T153753767.fits,2024-07-01 15:37:45.767000,2024-07-01 15:37:53.767000,-130.955,-45.0018,-130.997,-46.2304,-129.809,-46.2439,-129.79,-45.0151,20,10,40,15,15,30,A
ch2_cla_l1_20240701T164525826_20240701T164533826.fits,2024-07-01 16:45:25.826000,2024-07-01 16:45:33.826000,44.547,78.5223,45.0208,77.3779,48.396,77.4166,48.2622,78.5648,20,10,40,15,15,30,A
ch2_cla_l1_20240701T192554911_20240701T192602911.fits,2024-07-01 19:25:54.911000,2024-07-01 19:26:02.911000,-132.744,-29.692,-132.772,-30.972,-131.75,-30.9842,-131.734,-29.7041,20,10,40,15,15,30,A
ch2_cla_l1_20240701T112944112_20240701T112952112.fits,2024-07-01 11:29:44.112000,2024-07-01 11:29:52.112000,-127.882,-0.1801,-127.897,-1.5273,-126.95,-1.5377,-126.933,-0.1905,20,10,40,15,15,30,A
ch2_cla_l1_20240701T105248112_20240701T105256112.fits,2024-07-01 10:52:48.112000,2024-07-01 10:52:56.112000,50.2079,69.8478,50.3601,68.7297,52.3073,68.7508,52.2628,69.8701,20,10,40,15,15,30,A
ch2_cla_l1_20240701T191618911_20240701T191626911.fits,2024-07-01 19:16:18.911000,2024-07-01 19:16:26.911000,-132.241,-0.7803,-132.259,-2.1225,-131.316,-2.1336,-131.299,-0.7915,20,10,40,15,15,30,A
ch2_cla_l1_20240701T130749195_20240701T130757195.fits,2024-07-01 13:07:49.195000,2024-07-01 13:07:57.195000,-128.211,55.2519,-128.23,53.925,-126.682,53.9079,-126.612,55.2343,20,10,40,15,15,30,A
ch2_cla_l1_20240701T094907848_20240701T094915848.fits,2024-07-01 09:49:07.848000,2024-07-01 09:49:15.848000,-127.772,-48.5096,-127.817,-49.7225,-126.572,-49.7359,-126.553,-48.5227,20,10,40,15,15,30,A
ch2_cla_l1_20240701T170845826_20240701T170853826.fits,2024-07-01 17:08:45.826000,2024-07-01 17:08:53.826000,-130.72,32.0131,-130.735,30.6642,-129.631,30.6516,-129.601,32.0003,20,10,40,15,15,30,A
ch2_cla_l1_20240701T150129767_20240701T150137767.fits,2024-07-01 15:01:29.767000,2024-07-01 15:01:37.767000,-129.074,64.0373,-129.104,62.7499,-127.171,62.7283,-127.055,64.0147,20,10,40,15,15,30,A
ch2_cla_l1_20240701T114424112_20240701T114432112.fits,2024-07-01 11:44:24.112000,2024-07-01 11:44:32.112000,-128.736,-44.4757,-128.775,-45.7047,-127.598,-45.7176,-127.581,-44.4884,20,10,40,15,15,30,A
ch2_cla_l1_20240701T085515848_20240701T085523848.fits,2024-07-01 08:55:15.848000,2024-07-01 08:55:23.848000,51.6971,66.9549,51.8127,65.8466,53.5129,65.8648,53.4783,66.974,20,10,40,15,15,30,A
ch2_cla_l1_20240701T111856112_20240701T111904112.fits,2024-07-01 11:18:56.112000,2024-07-01 11:19:04.112000,-127.478,32.1276,-127.491,30.7727,-126.378,30.7606,-126.349,32.1154,20,10,40,15,15,30,A
ch2_cla_l1_20240701T192634911_20240701T192642911.fits,2024-07-01 19:26:34.911000,2024-07-01 19:26:42.911000,-132.79,-31.7111,-132.819,-32.985,-131.782,-32.9974,-131.766,-31.7234,20,10,40,15,15,30,A
ch2_cla_l1_20240701T190410911_20240701T190418911.fits,2024-07-01 19:04:10.911000,2024-07-01 19:04:18.911000,-131.746,35.5477,-131.762,34.2048,-130.621,34.1915,-130.587,35.5342,20,10,40,15,15,30,A
ch2_cla_l1_20240701T191202911_20240701T191210911.fits,2024-07-01 19:12:02.911000,2024-07-01 19:12:10.911000,-132.065,12.0028,-132.08,10.6498,-131.11,10.6383,-131.09,11.9913,20,10,40,15,15,30,A
ch2_cla_l1_20240701T185106911_20240701T185114911.fits,2024-07-01 18:51:06.911000,2024-07-01 18:51:14.911000,-130.661,74.8744,-130.743,73.6256,-127.751,73.5907,-127.436,74.8367,20,10,40,15,15,30,A
ch2_cla_l1_20240701T175349826_20240701T175357826.fits,2024-07-01 17:53:49.826000,2024-07-01 17:53:57.826000,50.2065,-73.6392,50.294,-74.6456,52.5129,-74.62,52.2873,-73.6152,20,10,40,15,15,30,A
ch2_cla_l1_20240701T134109196_20240701T134117196.fits,2024-07-01 13:41:09.196000,2024-07-01 13:41:17.196000,-129.852,-44.957,-129.893,-46.1849,-128.707,-46.1981,-128.689,-44.9699,20,10,40,15,15,30,A
ch2_cla_l1_20240701T150657767_20240701T150705767.fits,2024-07-01 15:06:57.767000,2024-07-01 15:07:05.767000,-129.417,47.5994,-129.434,46.2715,-128.092,46.2565,-128.043,47.584,20,10,40,15,15,30,A
ch2_cla_l1_20240701T173757826_20240701T173805826.fits,2024-07-01 17:37:57.826000,2024-07-01 17:38:05.826000,-132.53,-56.0233,-132.598,-57.212,-131.157,-57.2287,-131.131,-56.0396,20,10,40,15,15,30,A
ch2_cla_l1_20240701T133125195_20240701T133133195.fits,2024-07-01 13:31:25.195000,2024-07-01 13:31:33.195000,-129.195,-15.4734,-129.215,-16.7913,-128.258,-16.8021,-128.243,-15.4841,20,10,40,15,15,30,A
ch2_cla_l1_20240701T111736112_20240701T111744112.fits,2024-07-01 11:17:36.112000,2024-07-01 11:17:44.112000,-127.426,36.1158,-127.44,34.7651,-126.282,34.7525,-126.249,36.103,20,10,40,15,15,30,A
ch2_cla_l1_20240701T111104112_20240701T111112112.fits,2024-07-01 11:11:04.112000,2024-07-01 11:11:12.112000,-127.13,55.6979,-127.149,54.3835,-125.58,54.3665,-125.51,55.6804,20,10,40,15,15,30,A
ch2_cla_l1_20240701T164741826_20240701T164749826.fits,2024-07-01 16:47:41.826000,2024-07-01 16:47:49.826000,36.4912,85.4279,39.1809,84.2769,46.8752,84.3655,46.1474,85.5395,20,10,40,15,15,30,A
ch2_cla_l1_20240701T155409767_20240701T155417767.fits,2024-07-01 15:54:09.767000,2024-07-01 15:54:17.767000,52.933,-83.2347,53.4462,-84.2698,59.5849,-84.2002,58.1392,-83.1758,20,10,40,15,15,30,A
ch2_cla_l1_20240701T134357195_20240701T134405195.fits,2024-07-01 13:43:57.195000,2024-07-01 13:44:05.195000,-130.186,-53.5151,-130.243,-54.7107,-128.88,-54.7259,-128.858,-53.5299,20,10,40,15,15,30,A
ch2_cla_l1_20240701T135501196_20240701T135509195.fits,2024-07-01 13:55:01.196000,2024-07-01 13:55:09.195000,-151.921,-87.5663,-167.915,-88.4854,-143.533,-88.7853,-136.615,-87.7412,20,10,40,15,15,30,A
ch2_cla_l1_20240701T153521767_20240701T153529767.fits,2024-07-01 15:35:21.767000,2024-07-01 15:35:29.767000,-130.74,-37.6962,-130.773,-38.9504,-129.681,-38.9628,-129.665,-37.7085,20,10,40,15,15,30,A
ch2_cla_l1_20240701T091243848_20240701T091251848.fits,2024-07-01 09:12:43.848000,2024-07-01 09:12:51.848000,-125.951,60.9305,-125.973,59.6272,-124.19,59.6081,-124.097,60.9107,20,10,40,15,15,30,A
ch2_cla_l1_20240701T090451848_20240701T090459848.fits,2024-07-01 09:04:51.848000,2024-07-01 09:04:59.848000,-123.877,84.7116,-124.304,83.487,-117.144,83.4102,-115.122,84.6175,20,10,40,15,15,30,A
ch2_cla_l1_20240701T185258911_20240701T185306911.fits,2024-07-01 18:52:58.911000,2024-07-01 18:53:06.911000,-130.991,69.2241,-131.039,67.9571,-128.738,67.9303,-128.562,69.1958,20,10,40,15,15,30,A
ch2_cla_l1_20240701T192426911_20240701T192434911.fits,2024-07-01 19:24:26.911000,2024-07-01 19:24:34.911000,-132.651,-25.2564,-132.676,-26.5496,-131.682,-26.5613,-131.666,-25.2682,20,10,40,15,15,30,A
ch2_cla_l1_20240701T194722911_20240701T194730911.fits,2024-07-01 19:47:22.911000,2024-07-01 19:47:30.911000,50.9965,-83.1736,51.5498,-84.2129,57.6694,-84.1399,56.1931,-83.1117,20,10,40,15,15,30,A
ch2_cla_l1_20240701T134237195_20240701T134245196.fits,2024-07-01 13:42:37.195000,2024-07-01 13:42:45.196000,-130.012,-49.4351,-130.06,-50.6465,-128.792,-50.6606,-128.773,-49.4489,20,10,40,15,15,30,A
ch2_cla_l1_20240701T195130911_20240701T195138911.fits,2024-07-01 19:51:30.911000,2024-07-01 19:51:38.911000,48.9371,-70.2393,49.0012,-71.2375,50.8013,-71.2162,50.6458,-70.219,20,10,40,15,15,30,A
ch2_cla_l1_20240701T173557826_20240701T173605826.fits,2024-07-01 17:35:57.826000,2024-07-01 17:36:05.826000,-132.241,-49.9011,-132.292,-51.1128,-131.01,-51.1277,-130.99,-49.9156,20,10,40,15,15,30,A
ch2_cla_l1_20240701T150937767_20240701T150945767.fits,2024-07-01 15:09:37.767000,2024-07-01 15:09:45.767000,-129.538,39.6064,-129.553,38.2647,-128.353,38.2513,-128.316,39.5927,20,10,40,15,15,30,A
ch2_cla_l1_20240701T130133195_20240701T130141195.fits,2024-07-01 13:01:33.195000,2024-07-01 13:01:41.195000,-127.603,74.1332,-127.667,72.8751,-124.769,72.8431,-124.487,74.0989,20,10,40,15,15,30,A
ch2_cla_l1_20240701T105432112_20240701T105440112.fits,2024-07-01 10:54:32.112000,2024-07-01 10:54:40.112000,49.1293,75.2002,49.4096,74.0619,52.0647,74.0907,51.9896,75.2312,20,10,40,15,15,30,A
ch2_cla_l1_20240701T192754911_20240701T192802911.fits,2024-07-01 19:27:54.911000,2024-07-01 19:28:02.911000,-132.889,-35.7543,-132.921,-37.0155,-131.848,-37.0284,-131.832,-35.767,20,10,40,15,15,30,A
ch2_cla_l1_20240701T114640112_20240701T114648112.fits,2024-07-01 11:46:40.112000,2024-07-01 11:46:48.112000,-128.987,-51.4005,-129.039,-52.6034,-127.73,-52.6176,-127.71,-51.4144,20,10,40,15,15,30,A
ch2_cla_l1_20240701T173637826_20240701T173645826.fits,2024-07-01 17:36:37.826000,2024-07-01 17:36:45.826000,-132.328,-51.9396,-132.384,-53.1439,-131.056,-53.1593,-131.034,-51.9547,20,10,40,15,15,30,A
ch2_cla_l1_20240701T173005826_20240701T173013826.fits,2024-07-01 17:30:05.826000,2024-07-01 17:30:13.826000,-131.7,-32.0483,-131.729,-33.3212,-130.689,-33.3333,-130.673,-32.0603,20,10,40,15,15,30,A
ch2_cla_l1_20240701T194946911_20240701T194954911.fits,2024-07-01 19:49:46.911000,2024-07-01 19:49:54.911000,49.373,-75.6747,49.4925,-76.6898,52.0836,-76.6591,51.7788,-75.6461,20,10,40,15,15,30,A
ch2_cla_l1_20240701T155841767_20240701T155849767.fits,2024-07-01 15:58:41.767000,2024-07-01 15:58:49.767000,50.9595,-69.0334,51.0124,-70.023,52.681,-70.0042,52.5488,-69.0154,20,10,40,15,15,30,A
ch2_cla_l1_20240701T150113767_20240701T150121767.fits,2024-07-01 15:01:13.767000,2024-07-01 15:01:21.767000,-129.05,64.8415,-129.081,63.5565,-127.1,63.5343,-126.977,64.8183,20,10,40,15,15,30,A
ch2_cla_l1_20240701T133341195_20240701T133349195.fits,2024-07-01 13:33:41.195000,2024-07-01 13:33:49.195000,-129.312,-22.3068,-129.334,-23.6075,-128.354,-23.6185,-128.339,-22.3176,20,10,40,15,15,30,A
ch2_cla_l1_20240701T130917195_20240701T130925195.fits,2024-07-01 13:09:17.195000,2024-07-01 13:09:25.195000,-128.29,50.8334,-128.307,49.5101,-126.886,49.4944,-126.83,50.8173,20,10,40,15,15,30,A
ch2_cla_l1_20240701T184842911_20240701T184850911.fits,2024-07-01 18:48:42.911000,2024-07-01 18:48:50.911000,-129.628,82.1584,-129.898,80.9354,-124.733,80.8749,-123.687,82.0888,20,10,40,15,15,30,A
ch2_cla_l1_20240701T113552112_20240701T113600112.fits,2024-07-01 11:35:52.112000,2024-07-01 11:36:00.112000,-128.154,-18.6118,-128.174,-19.9225,-127.208,-19.9331,-127.194,-18.6223,20,10,40,15,15,30,A
ch2_cla_l1_20240701T090859848_20240701T090907848.fits,2024-07-01 09:08:59.848000,2024-07-01 09:09:07.848000,-125.599,72.1869,-125.646,70.9175,-123.0,70.8892,-122.774,72.1567,20,10,40,15,15,30,A
ch2_cla_l1_20240701T174821826_20240701T174829826.fits,2024-07-01 17:48:21.826000,2024-07-01 17:48:29.826000,-159.909,-87.9626,-156.055,-89.2081,-144.749,-88.5926,-141.592,-88.1863,20,10,40,15,15,30,A
ch2_cla_l1_20240701T100227848_20240701T100235848.fits,2024-07-01 10:02:27.848000,2024-07-01 10:02:35.848000,102.474,-88.7721,90.4203,-89.5131,-176.511,-89.6169,132.988,-89.0566,20,10,40,15,15,30,A
ch2_cla_l1_20240701T110440112_20240701T110448112.fits,2024-07-01 11:04:40.112000,2024-07-01 11:04:48.112000,-126.5,74.9936,-126.567,73.7361,-123.523,73.703,-123.213,74.9579,20,10,40,15,15,30,A
ch2_cla_l1_20240701T165205826_20240701T165213826.fits,2024-07-01 16:52:05.826000,2024-07-01 16:52:13.826000,-128.649,82.2012,-128.906,80.9759,-123.705,80.9163,-122.659,82.1325,20,10,40,15,15,30,A
ch2_cla_l1_20240701T165437826_20240701T165445826.fits,2024-07-01 16:54:37.826000,2024-07-01 16:54:45.826000,-129.661,74.5153,-129.735,73.2631,-126.793,73.2295,-126.494,74.4791,20,10,40,15,15,30,A
ch2_cla_l1_20240701T172909826_20240701T172917826.fits,2024-07-01 17:29:09.826000,2024-07-01 17:29:17.826000,-131.637,-29.2217,-131.664,-30.5029,-130.645,-30.5148,-130.63,-29.2335,20,10,40,15,15,30,A
ch2_cla_l1_20240701T171733826_20240701T171741826.fits,2024-07-01 17:17:33.826000,2024-07-01 17:17:41.826000,-131.066,5.6791,-131.082,4.3287,-130.128,4.3176,-130.11,5.668,20,10,40,15,15,30,A
ch2_cla_l1_20240701T154313767_20240701T154321767.fits,2024-07-01 15:43:13.767000,2024-07-01 15:43:21.767000,-131.782,-61.7433,-131.874,-62.9083,-130.215,-62.927,-130.183,-61.7614,20,10,40,15,15,30,A
ch2_cla_l1_20240701T132813195_20240701T132821195.fits,2024-07-01 13:28:13.195000,2024-07-01 13:28:21.195000,-129.049,-5.8532,-129.067,-7.1907,-128.122,-7.2012,-128.107,-5.8637,20,10,40,15,15,30,A
ch2_cla_l1_20240701T152017767_20240701T152025767.fits,2024-07-01 15:20:17.767000,2024-07-01 15:20:25.767000,-129.954,7.6907,-129.969,6.3374,-129.009,6.3265,-128.99,7.6799,20,10,40,15,15,30,A
ch2_cla_l1_20240701T093347848_20240701T093355848.fits,2024-07-01 09:33:47.848000,2024-07-01 09:33:55.848000,-126.819,-2.1421,-126.835,-3.4876,-125.887,-3.4979,-125.872,-2.1524,20,10,40,15,15,30,A
ch2_cla_l1_20240701T191330911_20240701T191338911.fits,2024-07-01 19:13:30.911000,2024-07-01 19:13:38.911000,-132.124,7.6112,-132.14,6.2606,-131.183,6.2494,-131.164,7.5999,20,10,40,15,15,30,A
ch2_cla_l1_20240701T190522911_20240701T190530911.fits,2024-07-01 19:05:22.911000,2024-07-01 19:05:30.911000,-131.797,31.9545,-131.812,30.6075,-130.711,30.5947,-130.68,31.9415,20,10,40,15,15,30,A
ch2_cla_l1_20240701T113632112_20240701T113640112.fits,2024-07-01 11:36:32.112000,2024-07-01 11:36:40.112000,-128.188,-20.6219,-128.209,-21.9275,-127.236,-21.9382,-127.221,-20.6325,20,10,40,15,15,30,A
ch2_cla_l1_20240701T094651848_20240701T094659848.fits,2024-07-01 09:46:51.848000,2024-07-01 09:46:59.848000,-127.55,-41.5942,-127.585,-42.833,-126.45,-42.8452,-126.434,-41.6062,20,10,40,15,15,30,A
ch2_cla_l1_20240701T095043848_20240701T095051848.fits,2024-07-01 09:50:43.848000,2024-07-01 09:50:51.848000,-127.971,-53.4064,-128.027,-54.5999,-126.671,-54.6145,-126.65,-53.4206,20,10,40,15,15,30,A
ch2_cla_l1_20240701T184954911_20240701T185002911.fits,2024-07-01 18:49:54.911000,2024-07-01 18:50:02.911000,-130.299,78.5136,-130.434,77.2776,-126.668,77.2335,-126.145,78.4651,20,10,40,15,15,30,A
ch2_cla_l1_20240701T151609767_20240701T151617767.fits,2024-07-01 15:16:09.767000,2024-07-01 15:16:17.767000,-129.795,20.0583,-129.809,18.7008,-128.798,18.6894,-128.775,20.0468,20,10,40,15,15,30,A
ch2_cla_l1_20240701T115304112_20240701T115312112.fits,2024-07-01 11:53:04.112000,2024-07-01 11:53:12.112000,-130.55,-71.0885,-130.739,-72.2125,-128.406,-72.2378,-128.345,-71.1125,20,10,40,15,15,30,A
ch2_cla_l1_20240701T115536112_20240701T115544112.fits,2024-07-01 11:55:36.112000,2024-07-01 11:55:44.112000,-132.615,-78.9299,-133.16,-80.0199,-129.236,-80.0626,-129.063,-78.9685,20,10,40,15,15,30,A
ch2_cla_l1_20240701T152833767_20240701T152841767.fits,2024-07-01 15:28:33.767000,2024-07-01 15:28:41.767000,-130.314,-17.1262,-130.335,-18.4399,-129.374,-18.4509,-129.359,-17.1371,20,10,40,15,15,30,A
ch2_cla_l1_20240701T135629196_20240701T135637196.fits,2024-07-01 13:56:29.196000,2024-07-01 13:56:37.196000,56.5592,-86.5918,58.9103,-87.6313,73.2013,-87.4684,66.7994,-86.4769,20,10,40,15,15,30,A
ch2_cla_l1_20240701T134333195_20240701T134341195.fits,2024-07-01 13:43:33.195000,2024-07-01 13:43:41.195000,-130.13,-52.2905,-130.185,-53.4905,-128.853,-53.5054,-128.832,-52.3049,20,10,40,15,15,30,A
ch2_cla_l1_20240701T172541826_20240701T172549826.fits,2024-07-01 17:25:41.826000,2024-07-01 17:25:49.826000,-131.435,-18.7509,-131.456,-20.0604,-130.49,-20.0716,-130.475,-18.7621,20,10,40,15,15,30,A
ch2_cla_l1_20240701T110808112_20240701T110816112.fits,2024-07-01 11:08:08.112000,2024-07-01 11:08:16.112000,-126.931,64.5243,-126.959,63.2336,-124.987,63.2122,-124.868,64.5019,20,10,40,15,15,30,A
ch2_cla_l1_20240701T184626911_20240701T184634911.fits,2024-07-01 18:46:26.911000,2024-07-01 18:46:34.911000,-115.012,89.0283,-124.146,87.8521,-104.895,87.6177,-82.6516,88.5845,20,10,40,15,15,30,A
ch2_cla_l1_20240701T193058911_20240701T193106911.fits,2024-07-01 19:30:58.911000,2024-07-01 19:31:06.911000,-133.166,-45.0822,-133.21,-46.3122,-132.017,-46.3264,-131.998,-45.0962,20,10,40,15,15,30,A
ch2_cla_l1_20240701T145721767_20240701T145729767.fits,2024-07-01 14:57:21.767000,2024-07-01 14:57:29.767000,-128.471,76.531,-128.561,75.2833,-125.246,75.2461,-124.863,76.4906,20,10,40,15,15,30,A
ch2_cla_l1_20240701T113624112_20240701T113632112.fits,2024-07-01 11:36:24.112000,2024-07-01 11:36:32.112000,-128.181,-20.2198,-128.202,-21.5263,-127.23,-21.5371,-127.216,-20.2304,20,10,40,15,15,30,A
ch2_cla_l1_20240701T151201767_20240701T151209767.fits,2024-07-01 15:12:01.767000,2024-07-01 15:12:09.767000,-129.636,32.4219,-129.65,31.0713,-128.54,31.0589,-128.509,32.4093,20,10,40,15,15,30,A
ch2_cla_l1_20240701T190306911_20240701T190314911.fits,2024-07-01 19:03:06.911000,2024-07-01 19:03:14.911000,-131.699,38.7434,-131.715,37.4048,-130.533,37.3911,-130.496,38.7294,20,10,40,15,15,30,A
ch2_cla_l1_20240701T145457767_20240701T145505767.fits,2024-07-01 14:54:57.767000,2024-07-01 14:55:05.767000,-127.175,83.8155,-127.548,82.5943,-121.263,82.5235,-119.695,83.7312,20,10,40,15,15,30,A
ch2_cla_l1_20240701T131829195_20240701T131837195.fits,2024-07-01 13:18:29.195000,2024-07-01 13:18:37.195000,-128.671,23.2892,-128.685,21.9307,-127.65,21.9193,-127.626,23.2777,20,10,40,15,15,30,A
ch2_cla_l1_20240701T172149826_20240701T172157826.fits,2024-07-01 17:21:49.826000,2024-07-01 17:21:57.826000,-131.247,-7.1169,-131.265,-8.4508,-130.322,-8.4617,-130.306,-7.1279,20,10,40,15,15,30,A
ch2_cla_l1_20240701T090715848_20240701T090723848.fits,2024-07-01 09:07:15.848000,2024-07-01 09:07:23.848000,-125.273,77.431,-125.361,76.1795,-121.82,76.1416,-121.393,77.3895,20,10,40,15,15,30,A
ch2_cla_l1_20240701T152825767_20240701T152833767.fits,2024-07-01 15:28:25.767000,2024-07-01 15:28:33.767000,-130.308,-16.7246,-130.328,-18.0393,-129.368,-18.0502,-129.353,-16.7354,20,10,40,15,15,30,A
ch2_cla_l1_20240701T145329767_20240701T145337767.fits,2024-07-01 14:53:29.767000,2024-07-01 14:53:37.767000,-121.217,88.2688,-124.564,87.0703,-109.672,86.8999,-98.0265,87.9943,20,10,40,15,15,30,A
ch2_cla_l1_20240701T184002911_20240701T184010911.fits,2024-07-01 18:40:02.911000,2024-07-01 18:40:10.911000,45.2786,72.3903,45.4862,71.2689,47.6982,71.2948,47.6324,72.4179,20,10,40,15,15,30,A
ch2_cla_l1_20240701T100019848_20240701T100027848.fits,2024-07-01 10:00:19.848000,2024-07-01 10:00:27.848000,-134.329,-83.0287,-135.736,-84.0935,-129.311,-84.1624,-128.868,-83.0871,20,10,40,15,15,30,A
ch2_cla_l1_20240701T185610911_20240701T185618911.fits,2024-07-01 18:56:10.911000,2024-07-01 18:56:18.911000,-131.311,59.5675,-131.338,58.2725,-129.639,58.2527,-129.551,59.547,20,10,40,15,15,30,A
ch2_cla_l1_20240701T134325195_20240701T134333195.fits,2024-07-01 13:43:25.195000,2024-07-01 13:43:33.195000,-130.112,-51.8821,-130.166,-53.0844,-128.844,-53.099,-128.823,-51.8965,20,10,40,15,15,30,A
ch2_cla_l1_20240701T110048112_20240701T110056112.fits,2024-07-01 11:00:48.112000,2024-07-01 11:00:56.112000,-123.346,86.7244,-124.393,85.5108,-114.256,85.3999,-109.72,86.5743,20,10,40,15,15,30,A
ch2_cla_l1_20240701T154545767_20240701T154553767.fits,2024-07-01 15:45:45.767000,2024-07-01 15:45:53.767000,-132.575,-69.5499,-132.743,-70.6838,-130.557,-70.7085,-130.5,-69.5734,20,10,40,15,15,30,A
ch2_cla_l1_20240701T093739848_20240701T093747848.fits,2024-07-01 09:37:39.848000,2024-07-01 09:37:47.848000,-126.984,-13.7553,-127.003,-15.0782,-126.048,-15.0886,-126.034,-13.7656,20,10,40,15,15,30,A
ch2_cla_l1_20240701T110752112_20240701T110800112.fits,2024-07-01 11:07:52.112000,2024-07-01 11:08:00.112000,-126.909,65.328,-126.938,64.0397,-124.915,64.0177,-124.789,65.305,20,10,40,15,15,30,A
ch2_cla_l1_20240701T125549195_20240701T125557195.fits,2024-07-01 12:55:49.195000,2024-07-01 12:55:57.195000,-18.6138,88.911,18.4886,88.1328,43.1062,88.4213,18.738,89.5641,20,10,40,15,15,30,A
ch2_cla_l1_20240701T174957826_20240701T175005826.fits,2024-07-01 17:49:57.826000,2024-07-01 17:50:05.826000,53.648,-85.7211,55.1371,-86.7645,65.9183,-86.6379,61.9142,-85.6247,20,10,40,15,15,30,A
ch2_cla_l1_20240701T100403848_20240701T100411848.fits,2024-07-01 10:04:03.848000,2024-07-01 10:04:11.848000,56.3574,-84.1955,57.0012,-85.2263,64.2896,-85.148,62.3676,-84.131,20,10,40,15,15,30,A
ch2_cla_l1_20240701T184418911_20240701T184426911.fits,2024-07-01 18:44:18.911000,2024-07-01 18:44:26.911000,35.1261,85.4598,37.8849,84.3115,45.6052,84.4026,44.8247,85.5746,20,10,40,15,15,30,A
ch2_cla_l1_20240701T172853826_20240701T172901826.fits,2024-07-01 17:28:53.826000,2024-07-01 17:29:01.826000,-131.62,-28.4147,-131.646,-29.6984,-130.633,-29.7102,-130.618,-28.4264,20,10,40,15,15,30,A
ch2_cla_l1_20240701T171725826_20240701T171733826.fits,2024-07-01 17:17:25.826000,2024-07-01 17:17:33.826000,-131.061,6.0782,-131.076,4.7278,-130.122,4.7167,-130.104,6.0672,20,10,40,15,15,30,A
ch2_cla_l1_20240701T095803848_20240701T095811848.fits,2024-07-01 09:58:03.848000,2024-07-01 09:58:11.848000,-130.445,-76.0094,-130.781,-77.1105,-127.687,-77.1436,-127.583,-76.0399,20,10,40,15,15,30,A
ch2_cla_l1_20240701T132413196_20240701T132421196.fits,2024-07-01 13:24:13.196000,2024-07-01 13:24:21.196000,-128.887,6.1379,-128.902,4.785,-127.945,4.7743,-127.927,6.1273,20,10,40,15,15,30,A
ch2_cla_l1_20240701T191554911_20240701T191602911.fits,2024-07-01 19:15:54.911000,2024-07-01 19:16:02.911000,-132.224,0.4193,-132.241,-0.9245,-131.297,-0.9356,-131.28,0.4081,20,10,40,15,15,30,A
ch2_cla_l1_20240701T085907848_20240701T085915848.fits,2024-07-01 08:59:07.848000,2024-07-01 08:59:15.848000,48.9288,78.8864,49.4161,77.7334,52.9309,77.7709,52.811,78.9279,20,10,40,15,15,30,A
ch2_cla_l1_20240701T150745767_20240701T150753767.fits,2024-07-01 15:07:45.767000,2024-07-01 15:07:53.767000,-129.455,45.2,-129.471,43.8677,-128.178,43.8532,-128.133,45.1852,20,10,40,15,15,30,A
ch2_cla_l1_20240701T114248112_20240701T114256112.fits,2024-07-01 11:42:48.112000,2024-07-01 11:42:56.112000,-128.593,-39.6024,-128.627,-40.8487,-127.515,-40.8609,-127.5,-39.6144,20,10,40,15,15,30,A
ch2_cla_l1_20240701T192618911_20240701T192626911.fits,2024-07-01 19:26:18.911000,2024-07-01 19:26:26.911000,-132.771,-30.9032,-132.8,-32.1797,-131.769,-32.192,-131.753,-30.9154,20,10,40,15,15,30,A
ch2_cla_l1_20240701T085539848_20240701T085547848.fits,2024-07-01 08:55:39.848000,2024-07-01 08:55:47.848000,51.5473,68.1941,51.6764,67.081,53.4764,67.1003,53.4385,68.2143,20,10,40,15,15,30,A
ch2_cla_l1_20240701T111944112_20240701T111952112.fits,2024-07-01 11:19:44.112000,2024-07-01 11:19:52.112000,-127.507,29.7356,-127.521,28.3785,-126.432,28.3666,-126.404,29.7236,20,10,40,15,15,30,A
ch2_cla_l1_20240701T193410911_20240701T193418911.fits,2024-07-01 19:34:10.911000,2024-07-01 19:34:18.911000,-133.581,-54.8609,-133.647,-56.0556,-132.239,-56.0723,-132.213,-54.8773,20,10,40,15,15,30,A
ch2_cla_l1_20240701T192202911_20240701T192210911.fits,2024-07-01 19:22:02.911000,2024-07-01 19:22:10.911000,-132.514,-18.0141,-132.536,-19.325,-131.573,-19.3365,-131.557,-18.0255,20,10,40,15,15,30,A
ch2_cla_l1_20240701T112856112_20240701T112904112.fits,2024-07-01 11:28:56.112000,2024-07-01 11:29:04.112000,-127.85,2.2173,-127.865,0.8671,-126.914,0.8566,-126.898,2.2069,20,10,40,15,15,30,A
ch2_cla_l1_20240701T191634911_20240701T191642911.fits,2024-07-01 19:16:34.911000,2024-07-01 19:16:42.911000,-132.253,-1.5802,-132.27,-2.9213,-131.328,-2.9324,-131.311,-1.5914,20,10,40,15,15,30,A
ch2_cla_l1_20240701T194106911_20240701T194114911.fits,2024-07-01 19:41:06.911000,2024-07-01 19:41:14.911000,-136.24,-76.2093,-136.617,-77.3187,-133.43,-77.3566,-133.299,-76.2443,20,10,40,15,15,30,A
ch2_cla_l1_20240701T164349826_20240701T164357826.fits,2024-07-01 16:43:49.826000,2024-07-01 16:43:57.826000,46.1526,73.5939,46.388,72.4665,48.7681,72.4937,48.6972,73.6231,20,10,40,15,15,30,A
ch2_cla_l1_20240701T155001767_20240701T155009767.fits,2024-07-01 15:50:01.767000,2024-07-01 15:50:09.767000,-137.594,-82.7432,-138.947,-83.8154,-132.736,-83.8858,-132.284,-82.8033,20,10,40,15,15,30,A
ch2_cla_l1_20240701T173845826_20240701T173853826.fits,2024-07-01 17:38:45.826000,2024-07-01 17:38:53.826000,-132.674,-58.4775,-132.751,-59.6568,-131.226,-59.6745,-131.197,-58.4947,20,10,40,15,15,30,A
ch2_cla_l1_20240701T153129767_20240701T153137767.fits,2024-07-01 15:31:29.767000,2024-07-01 15:31:37.767000,-130.475,-25.9781,-130.5,-27.2686,-129.501,-27.28,-129.486,-25.9893,20,10,40,15,15,30,A
ch2_cla_l1_20240701T130125195_20240701T130133195.fits,2024-07-01 13:01:25.195000,2024-07-01 13:01:33.195000,-127.578,74.5367,-127.644,73.2801,-124.684,73.2474,-124.388,74.5016,20,10,40,15,15,30,A
ch2_cla_l1_20240701T153657767_20240701T153705767.fits,2024-07-01 15:36:57.767000,2024-07-01 15:37:05.767000,-130.878,-42.5637,-130.916,-43.8011,-129.764,-43.8142,-129.747,-42.5766,20,10,40,15,15,30,A
ch2_cla_l1_20240701T170757826_20240701T170805826.fits,2024-07-01 17:07:57.826000,2024-07-01 17:08:05.826000,-130.687,34.4078,-130.702,33.0614,-129.572,33.0485,-129.54,34.3947,20,10,40,15,15,30,A
ch2_cla_l1_20240701T114952112_20240701T115000112.fits,2024-07-01 11:49:52.112000,2024-07-01 11:50:00.112000,-129.519,-61.2197,-129.605,-62.3839,-127.978,-62.4015,-127.948,-61.2367,20,10,40,15,15,30,A
ch2_cla_l1_20240701T105424112_20240701T105432112.fits,2024-07-01 10:54:24.112000,2024-07-01 10:54:32.112000,49.2382,74.7893,49.5038,73.6525,52.088,73.6805,52.0164,74.8194,20,10,40,15,15,30,A
ch2_cla_l1_20240701T094515848_20240701T094523848.fits,2024-07-01 09:45:15.848000,2024-07-01 09:45:23.848000,-127.422,-36.7275,-127.452,-37.9831,-126.373,-37.9948,-126.358,-36.7389,20,10,40,15,15,30,A
ch2_cla_l1_20240701T094147848_20240701T094155848.fits,2024-07-01 09:41:47.848000,2024-07-01 09:41:55.848000,-127.196,-26.221,-127.219,-27.5109,-126.22,-27.5217,-126.206,-26.2317,20,10,40,15,15,30,A
ch2_cla_l1_20240701T114432112_20240701T114440112.fits,2024-07-01 11:44:32.112000,2024-07-01 11:44:40.112000,-128.749,-44.8824,-128.789,-46.1099,-127.605,-46.1228,-127.588,-44.8951,20,10,40,15,15,30,A
ch2_cla_l1_20240701T150521767_20240701T150529767.fits,2024-07-01 15:05:21.767000,2024-07-01 15:05:29.767000,-129.335,52.4021,-129.354,51.0844,-127.895,51.0681,-127.834,52.3853,20,10,40,15,15,30,A
ch2_cla_l1_20240701T092243848_20240701T092251848.fits,2024-07-01 09:22:43.848000,2024-07-01 09:22:51.848000,-126.409,30.9611,-126.423,29.6027,-125.319,29.5909,-125.291,30.9491,20,10,40,15,15,30,A
ch2_cla_l1_20240701T093451848_20240701T093459848.fits,2024-07-01 09:34:51.848000,2024-07-01 09:34:59.848000,-126.862,-5.3417,-126.879,-6.682,-125.933,-6.6922,-125.917,-5.3519,20,10,40,15,15,30,A
ch2_cla_l1_20240701T191426911_20240701T191434911.fits,2024-07-01 19:14:26.911000,2024-07-01 19:14:34.911000,-132.163,4.8152,-132.179,3.4669,-131.228,3.4557,-131.21,4.8039,20,10,40,15,15,30,A
ch2_cla_l1_20240701T112736112_20240701T112744112.fits,2024-07-01 11:27:36.112000,2024-07-01 11:27:44.112000,-127.798,6.2103,-127.813,4.8558,-126.854,4.8452,-126.837,6.1998,20,10,40,15,15,30,A
ch2_cla_l1_20240701T112104112_20240701T112112112.fits,2024-07-01 11:21:04.112000,2024-07-01 11:21:12.112000,-127.557,25.7494,-127.57,24.3898,-126.516,24.3783,-126.49,25.7377,20,10,40,15,15,30,A
ch2_cla_l1_20240701T135405195_20240701T135413195.fits,2024-07-01 13:54:05.195000,2024-07-01 13:54:13.195000,-139.34,-84.7612,-142.033,-85.8124,-133.008,-85.9132,-132.106,-84.8417,20,10,40,15,15,30,A
ch2_cla_l1_20240701T135237195_20240701T135245195.fits,2024-07-01 13:52:37.195000,2024-07-01 13:52:45.195000,-134.436,-80.2352,-135.15,-81.3199,-130.665,-81.3697,-130.435,-80.2795,20,10,40,15,15,30,A
ch2_cla_l1_20240701T185722911_20240701T185730911.fits,2024-07-01 18:57:22.911000,2024-07-01 18:57:30.911000,-131.396,55.9548,-131.419,54.6504,-129.858,54.6323,-129.785,55.936,20,10,40,15,15,30,A
ch2_cla_l1_20240701T184130911_20240701T184138911.fits,2024-07-01 18:41:30.911000,2024-07-01 18:41:38.911000,44.0534,76.9149,44.4256,75.7776,47.3928,75.8124,47.2813,76.9528,20,10,40,15,15,30,A
ch2_cla_l1_20240701T133133195_20240701T133141195.fits,2024-07-01 13:31:33.195000,2024-07-01 13:31:41.195000,-129.202,-15.8748,-129.221,-17.192,-128.263,-17.2027,-128.249,-15.8855,20,10,40,15,15,30,A
ch2_cla_l1_20240701T170557826_20240701T170605826.fits,2024-07-01 17:05:57.826000,2024-07-01 17:06:05.826000,-130.602,40.3978,-130.618,39.0595,-129.409,39.0457,-129.371,40.3838,20,10,40,15,15,30,A
ch2_cla_l1_20240701T194258911_20240701T194306911.fits,2024-07-01 19:42:58.911000,2024-07-01 19:43:06.911000,-139.286,-81.9789,-140.427,-83.0597,-134.829,-83.1264,-134.427,-82.0368,20,10,40,15,15,30,A
ch2_cla_l1_20240701T153937767_20240701T153945767.fits,2024-07-01 15:39:37.767000,2024-07-01 15:39:45.767000,-131.167,-50.7024,-131.219,-51.9098,-129.922,-51.9246,-129.902,-50.7167,20,10,40,15,15,30,A
ch2_cla_l1_20240701T145953767_20240701T150001767.fits,2024-07-01 14:59:53.767000,2024-07-01 15:00:01.767000,-128.911,68.866,-128.953,67.5933,-126.672,67.5678,-126.504,68.839,20,10,40,15,15,30,A
ch2_cla_l1_20240701T100531848_20240701T100539848.fits,2024-07-01 10:05:31.848000,2024-07-01 10:05:39.848000,55.0447,-79.611,55.2327,-80.6266,58.8948,-80.5875,58.3452,-79.5758,20,10,40,15,15,30,A
ch2_cla_l1_20240701T164533826_20240701T164541826.fits,2024-07-01 16:45:33.826000,2024-07-01 16:45:41.826000,44.3501,78.9318,44.8585,77.786,48.3529,77.826,48.2099,78.9761,20,10,40,15,15,30,A
ch2_cla_l1_20240701T134949196_20240701T134957196.fits,2024-07-01 13:49:49.196000,2024-07-01 13:49:57.196000,-131.754,-71.5702,-131.955,-72.6939,-129.559,-72.7204,-129.493,-71.5952,20,10,40,15,15,30,A
ch2_cla_l1_20240701T185946911_20240701T185954911.fits,2024-07-01 18:59:46.911000,2024-07-01 18:59:54.911000,-131.538,48.7411,-131.557,47.4204,-130.196,47.4046,-130.144,48.7249,20,10,40,15,15,30,A
ch2_cla_l1_20240701T144841767_20240701T144849767.fits,2024-07-01 14:48:41.767000,2024-07-01 14:48:49.767000,45.8673,78.1288,46.3063,76.9836,49.5822,77.0205,49.462,78.1692,20,10,40,15,15,30,A
ch2_cla_l1_20240701T191754911_20240701T191802911.fits,2024-07-01 19:17:54.911000,2024-07-01 19:18:02.911000,-132.312,-5.5817,-132.331,-6.9172,-131.389,-6.9283,-131.372,-5.5929,20,10,40,15,15,30,A
ch2_cla_l1_20240701T135157195_20240701T135205195.fits,2024-07-01 13:51:57.195000,2024-07-01 13:52:05.195000,-133.446,-78.1712,-133.93,-79.2666,-130.25,-79.3073,-130.094,-78.2082,20,10,40,15,15,30,A
ch2_cla_l1_20240701T153113767_20240701T153121767.fits,2024-07-01 15:31:13.767000,2024-07-01 15:31:21.767000,-130.459,-25.1723,-130.484,-26.4652,-129.489,-26.4765,-129.475,-25.1835,20,10,40,15,15,30,A
ch2_cla_l1_20240701T095931848_20240701T095939848.fits,2024-07-01 09:59:31.848000,2024-07-01 09:59:39.848000,-132.306,-80.5541,-133.047,-81.6333,-128.435,-81.6827,-128.205,-80.5978,20,10,40,15,15,30,A
ch2_cla_l1_20240701T105640112_20240701T105648112.fits,2024-07-01 10:56:40.112000,2024-07-01 10:56:48.112000,45.9499,81.749,46.8206,80.5898,51.4514,80.6402,51.2374,81.8065,20,10,40,15,15,30,A
ch2_cla_l1_20240701T170637826_20240701T170645826.fits,2024-07-01 17:06:37.826000,2024-07-01 17:06:45.826000,-130.632,38.4006,-130.647,37.0593,-129.467,37.0459,-129.431,38.387,20,10,40,15,15,30,A
ch2_cla_l1_20240701T170005826_20240701T170013826.fits,2024-07-01 17:00:05.826000,2024-07-01 17:00:13.826000,-130.289,58.0118,-130.313,56.7105,-128.673,56.6918,-128.593,57.9925,20,10,40,15,15,30,A
ch2_cla_l1_20240701T155217767_20240701T155225767.fits,2024-07-01 15:52:17.767000,2024-07-01 15:52:25.767000,96.0134,-88.6543,82.0175,-89.3857,160.561,-89.6538,123.103,-88.9896,20,10,40,15,15,30,A
ch2_cla_l1_20240701T171909826_20240701T171917826.fits,2024-07-01 17:19:09.826000,2024-07-01 17:19:17.826000,-131.132,0.8845,-131.148,-0.461,-130.202,-0.4719,-130.185,0.8735,20,10,40,15,15,30,A
ch2_cla_l1_20240701T113440112_20240701T113448112.fits,2024-07-01 11:34:40.112000,2024-07-01 11:34:48.112000,-128.095,-14.9971,-128.115,-16.3167,-127.158,-16.3272,-127.144,-15.0075,20,10,40,15,15,30,A
ch2_cla_l1_20240701T110552112_20240701T110600112.fits,2024-07-01 11:05:52.112000,2024-07-01 11:06:00.112000,-126.694,71.3644,-126.74,70.0949,-124.198,70.0673,-123.989,71.3351,20,10,40,15,15,30,A
ch2_cla_l1_20240701T093859848_20240701T093907848.fits,2024-07-01 09:38:59.848000,2024-07-01 09:39:07.848000,-127.048,-17.7699,-127.068,-19.0833,-126.103,-19.0938,-126.089,-17.7803,20,10,40,15,15,30,A
ch2_cla_l1_20240701T145313767_20240701T145321767.fits,2024-07-01 14:53:13.767000,2024-07-01 14:53:21.767000,-114.057,89.0663,-122.679,87.8825,-102.988,87.6532,-80.2064,88.624,20,10,40,15,15,30,A
ch2_cla_l1_20240701T165821826_20240701T165829826.fits,2024-07-01 16:58:21.826000,2024-07-01 16:58:29.826000,-130.157,63.2333,-130.187,61.9461,-128.305,61.9247,-128.195,63.211,20,10,40,15,15,30,A
ch2_cla_l1_20240701T151017767_20240701T151025767.fits,2024-07-01 15:10:17.767000,2024-07-01 15:10:25.767000,-129.566,37.6101,-129.581,36.2657,-128.409,36.2526,-128.374,37.5967,20,10,40,15,15,30,A
ch2_cla_l1_20240701T174205826_20240701T174213826.fits,2024-07-01 17:42:05.826000,2024-07-01 17:42:13.826000,-133.595,-68.7361,-133.754,-69.875,-131.637,-69.8995,-131.582,-68.7594,20,10,40,15,15,30,A
ch2_cla_l1_20240701T174437826_20240701T174445826.fits,2024-07-01 17:44:37.826000,2024-07-01 17:44:45.826000,-135.185,-76.5635,-135.574,-77.67,-132.313,-77.7078,-132.181,-76.5983,20,10,40,15,15,30,A
ch2_cla_l1_20240701T131813195_20240701T131821195.fits,2024-07-01 13:18:13.195000,2024-07-01 13:18:21.195000,-128.661,24.0866,-128.675,22.7284,-127.635,22.7169,-127.61,24.075,20,10,40,15,15,30,A
ch2_cla_l1_20240701T134141195_20240701T134149195.fits,2024-07-01 13:41:41.195000,2024-07-01 13:41:49.195000,-129.907,-46.5842,-129.95,-47.8061,-128.737,-47.8196,-128.719,-46.5974,20,10,40,15,15,30,A
ch2_cla_l1_20240701T172733826_20240701T172741826.fits,2024-07-01 17:27:33.826000,2024-07-01 17:27:41.826000,-131.539,-24.3836,-131.563,-25.6789,-130.573,-25.6904,-130.558,-24.3951,20,10,40,15,15,30,A
ch2_cla_l1_20240701T120304112_20240701T120312112.fits,2024-07-01 12:03:04.112000,2024-07-01 12:03:12.112000,53.614,-76.6616,53.7309,-77.6702,56.4917,-77.6403,56.1632,-76.6339,20,10,40,15,15,30,A
ch2_cla_l1_20240701T152609767_20240701T152617767.fits,2024-07-01 15:26:09.767000,2024-07-01 15:26:17.767000,-130.199,-9.9043,-130.218,-11.2336,-129.271,-11.2444,-129.256,-9.915,20,10,40,15,15,30,A
ch2_cla_l1_20240701T134629196_20240701T134637195.fits,2024-07-01 13:46:29.196000,2024-07-01 13:46:37.195000,-130.636,-61.2918,-130.723,-62.4567,-129.089,-62.4748,-129.059,-61.3092,20,10,40,15,15,30,A
ch2_cla_l1_20240701T154721767_20240701T154729767.fits,2024-07-01 15:47:21.767000,2024-07-01 15:47:29.767000,-133.468,-74.4946,-133.754,-75.608,-130.928,-75.6399,-130.833,-74.5244,20,10,40,15,15,30,A
ch2_cla_l1_20240701T110632112_20240701T110640112.fits,2024-07-01 11:06:32.112000,2024-07-01 11:06:40.112000,-126.777,69.3507,-126.816,68.0747,-124.479,68.0493,-124.305,69.3239,20,10,40,15,15,30,A
ch2_cla_l1_20240701T090347848_20240701T090355848.fits,2024-07-01 09:03:47.848000,2024-07-01 09:03:55.848000,-120.18,87.9502,-122.384,86.7411,-108.703,86.5927,-99.5746,87.722,20,10,40,15,15,30,A
ch2_cla_l1_20240701T192330911_20240701T192338911.fits,2024-07-01 19:23:30.911000,2024-07-01 19:23:38.911000,-132.595,-22.4375,-132.619,-23.7376,-131.639,-23.7493,-131.623,-22.4492,20,10,40,15,15,30,A
ch2_cla_l1_20240701T193522911_20240701T193530911.fits,2024-07-01 19:35:22.911000,2024-07-01 19:35:30.911000,-133.795,-58.5407,-133.874,-59.7206,-132.344,-59.7389,-132.314,-58.5583,20,10,40,15,15,30,A
ch2_cla_l1_20240701T113808112_20240701T113816112.fits,2024-07-01 11:38:08.112000,2024-07-01 11:38:16.112000,-128.275,-25.4522,-128.299,-26.7454,-127.303,-26.7563,-127.288,-25.4632,20,10,40,15,15,30,A
ch2_cla_l1_20240701T085651848_20240701T085659848.fits,2024-07-01 08:56:51.848000,2024-07-01 08:56:59.848000,50.9816,71.9057,51.1684,70.7781,53.3456,70.8013,53.2944,71.9304,20,10,40,15,15,30,A
ch2_cla_l1_20240701T190058911_20240701T190106911.fits,2024-07-01 19:00:58.911000,2024-07-01 19:01:06.911000,-131.599,45.1394,-131.617,43.8115,-130.331,43.7966,-130.285,45.1242,20,10,40,15,15,30,A
ch2_cla_l1_20240701T115920112_20240701T115928112.fits,2024-07-01 11:59:20.112000,2024-07-01 11:59:28.112000,62.6863,-88.3084,78.6627,-89.315,109.128,-88.8783,81.7103,-88.0899,20,10,40,15,15,30,A
ch2_cla_l1_20240701T171541826_20240701T171549826.fits,2024-07-01 17:15:41.826000,2024-07-01 17:15:49.826000,-130.992,11.268,-131.007,9.914,-130.037,9.9028,-130.018,11.2567,20,10,40,15,15,30,A
ch2_cla_l1_20240701T151833767_20240701T151841767.fits,2024-07-01 15:18:33.767000,2024-07-01 15:18:41.767000,-129.887,12.8785,-129.901,11.5223,-128.924,11.5113,-128.904,12.8675,20,10,40,15,15,30,A
ch2_cla_l1_20240701T131605195_20240701T131613195.fits,2024-07-01 13:16:05.195000,2024-07-01 13:16:13.195000,-128.581,30.4659,-128.594,29.1118,-127.501,29.0997,-127.473,30.4537,20,10,40,15,15,30,A
ch2_cla_l1_20240701T173237826_20240701T173245826.fits,2024-07-01 17:32:37.826000,2024-07-01 17:32:45.826000,-131.896,-39.739,-131.931,-40.9866,-130.816,-40.9996,-130.798,-39.7517,20,10,40,15,15,30,A
ch2_cla_l1_20240701T173405826_20240701T173413826.fits,2024-07-01 17:34:05.826000,2024-07-01 17:34:13.826000,-132.032,-44.2041,-132.073,-45.4363,-130.896,-45.45,-130.878,-44.2175,20,10,40,15,15,30,A
ch2_cla_l1_20240701T105816112_20240701T105824112.fits,2024-07-01 10:58:16.112000,2024-07-01 10:58:24.112000,35.7282,86.574,40.1294,85.4275,49.9099,85.5345,48.836,86.7184,20,10,40,15,15,30,A
ch2_cla_l1_20240701T175133826_20240701T175141826.fits,2024-07-01 17:51:33.826000,2024-07-01 17:51:41.826000,51.1705,-80.7338,51.4459,-81.7632,55.7031,-81.7139,54.9531,-80.69,20,10,40,15,15,30,A
ch2_cla_l1_20240701T150513767_20240701T150521767.fits,2024-07-01 15:05:13.767000,2024-07-01 15:05:21.767000,-129.328,52.8026,-129.347,51.486,-127.876,51.4695,-127.815,52.7857,20,10,40,15,15,30,A
ch2_cla_l1_20240701T193850911_20240701T193858911.fits,2024-07-01 19:38:50.911000,2024-07-01 19:38:58.911000,-134.795,-69.2078,-134.964,-70.3463,-132.799,-70.372,-132.739,-69.2323,20,10,40,15,15,30,A
ch2_cla_l1_20240701T091827848_20240701T091835848.fits,2024-07-01 09:18:27.848000,2024-07-01 09:18:35.848000,-126.244,43.725,-126.258,42.383,-124.982,42.3694,-124.94,43.711,20,10,40,15,15,30,A
ch2_cla_l1_20240701T144617767_20240701T144625767.fits,2024-07-01 14:46:17.767000,2024-07-01 14:46:25.767000,47.8366,70.7269,48.0059,69.6086,50.0345,69.6313,49.9829,70.751,20,10,40,15,15,30,A
ch2_cla_l1_20240701T114240112_20240701T114248112.fits,2024-07-01 11:42:40.112000,2024-07-01 11:42:48.112000,-128.582,-39.1969,-128.616,-40.4447,-127.509,-40.4568,-127.493,-39.2088,20,10,40,15,15,30,A
ch2_cla_l1_20240701T171357826_20240701T171405826.fits,2024-07-01 17:13:57.826000,2024-07-01 17:14:05.826000,-130.924,16.4553,-130.939,15.0996,-129.948,15.0882,-129.926,16.4438,20,10,40,15,15,30,A
ch2_cla_l1_20240701T173157826_20240701T173205826.fits,2024-07-01 17:31:57.826000,2024-07-01 17:32:05.826000,-131.84,-37.7124,-131.874,-38.967,-130.781,-38.9797,-130.764,-37.7249,20,10,40,15,15,30,A
ch2_cla_l1_20240701T131029196_20240701T131037196.fits,2024-07-01 13:10:29.196000,2024-07-01 13:10:37.196000,-128.348,47.2334,-128.364,45.9025,-127.027,45.8878,-126.979,47.2183,20,10,40,15,15,30,A
ch2_cla_l1_20240701T085547848_20240701T085555848.fits,2024-07-01 08:55:47.848000,2024-07-01 08:55:55.848000,51.4939,68.6069,51.6277,67.4922,53.4634,67.5118,53.4246,68.6274,20,10,40,15,15,30,A
ch2_cla_l1_20240701T111336112_20240701T111344112.fits,2024-07-01 11:13:36.112000,2024-07-01 11:13:44.112000,-127.258,48.0949,-127.274,46.7633,-125.914,46.7485,-125.865,48.0798,20,10,40,15,15,30,A
ch2_cla_l1_20240701T111504112_20240701T111512112.fits,2024-07-01 11:15:04.112000,2024-07-01 11:15:12.112000,-127.323,43.6992,-127.338,42.3596,-126.066,42.3458,-126.024,43.6852,20,10,40,15,15,30,A
ch2_cla_l1_20240701T164341826_20240701T164349826.fits,2024-07-01 16:43:41.826000,2024-07-01 16:43:49.826000,46.2448,73.1822,46.469,72.0563,48.7909,72.0829,48.7229,73.2106,20,10,40,15,15,30,A
ch2_cla_l1_20240701T155009767_20240701T155017767.fits,2024-07-01 15:50:09.767000,2024-07-01 15:50:17.767000,-138.059,-83.1543,-139.592,-84.2235,-132.96,-84.2988,-132.445,-83.2178,20,10,40,15,15,30,A
ch2_cla_l1_20240701T090051848_20240701T090059848.fits,2024-07-01 09:00:51.848000,2024-07-01 09:00:59.848000,44.1263,84.1771,45.7921,83.0133,52.1226,83.0812,51.7357,84.2588,20,10,40,15,15,30,A
ch2_cla_l1_20240701T185658911_20240701T185706911.fits,2024-07-01 18:56:58.911000,2024-07-01 18:57:06.911000,-131.369,57.1586,-131.393,55.8572,-129.79,55.8386,-129.712,57.1393,20,10,40,15,15,30,A
ch2_cla_l1_20240701T192026911_20240701T192034911.fits,2024-07-01 19:20:26.911000,2024-07-01 19:20:34.911000,-132.432,-13.196,-132.452,-14.5174,-131.501,-14.5288,-131.486,-13.2073,20,10,40,15,15,30,A
ch2_cla_l1_20240701T153121767_20240701T153129767.fits,2024-07-01 15:31:21.767000,2024-07-01 15:31:29.767000,-130.467,-25.5753,-130.491,-26.8667,-129.495,-26.8781,-129.481,-25.5865,20,10,40,15,15,30,A
ch2_cla_l1_20240701T091643848_20240701T091651848.fits,2024-07-01 09:16:43.848000,2024-07-01 09:16:51.848000,-126.168,48.9184,-126.184,47.5863,-124.802,47.5715,-124.751,48.9032,20,10,40,15,15,30,A
ch2_cla_l1_20240701T194322911_20240701T194330911.fits,2024-07-01 19:43:22.911000,2024-07-01 19:43:30.911000,-140.606,-83.2116,-142.232,-84.2835,-135.49,-84.364,-134.911,-83.2795,20,10,40,15,15,30,A
ch2_cla_l1_20240701T100843848_20240701T100851848.fits,2024-07-01 10:08:43.848000,2024-07-01 10:08:51.848000,54.1717,-69.5659,54.2218,-70.5493,55.914,-70.5312,55.7814,-69.5487,20,10,40,15,15,30,A
ch2_cla_l1_20240701T132437195_20240701T132445195.fits,2024-07-01 13:24:37.195000,2024-07-01 13:24:45.195000,-128.902,4.9401,-128.918,3.5879,-127.963,3.5773,-127.946,4.9294,20,10,40,15,15,30,A
ch2_cla_l1_20240701T132205195_20240701T132213195.fits,2024-07-01 13:22:05.195000,2024-07-01 13:22:13.195000,-128.805,12.5227,-128.82,11.1651,-127.843,11.1543,-127.823,12.5118,20,10,40,15,15,30,A
ch2_cla_l1_20240701T125909195_20240701T125917195.fits,2024-07-01 12:59:09.195000,2024-07-01 12:59:17.195000,-126.829,81.4082,-127.023,80.1756,-122.192,80.1223,-121.328,81.3475,20,10,40,15,15,30,A
ch2_cla_l1_20240701T111352112_20240701T111400112.fits,2024-07-01 11:13:52.112000,2024-07-01 11:14:00.112000,-127.27,47.2952,-127.286,45.9621,-125.944,45.9476,-125.896,47.2803,20,10,40,15,15,30,A
ch2_cla_l1_20240701T172141826_20240701T172149826.fits,2024-07-01 17:21:41.826000,2024-07-01 17:21:49.826000,-131.241,-6.7165,-131.259,-8.0509,-130.316,-8.0619,-130.3,-6.7275,20,10,40,15,15,30,A
ch2_cla_l1_20240701T134733195_20240701T134741195.fits,2024-07-01 13:47:33.195000,2024-07-01 13:47:41.195000,-130.899,-64.5749,-131.009,-65.7271,-129.204,-65.7471,-129.167,-64.5941,20,10,40,15,15,30,A
ch2_cla_l1_20240701T145321767_20240701T145329767.fits,2024-07-01 14:53:21.767000,2024-07-01 14:53:29.767000,-118.709,88.67,-123.773,87.4767,-106.793,87.281,-90.7875,88.3289,20,10,40,15,15,30,A
ch2_cla_l1_20240701T154905767_20240701T154913767.fits,2024-07-01 15:49:05.767000,2024-07-01 15:49:13.767000,-135.393,-79.8584,-136.065,-80.9476,-131.739,-80.9965,-131.517,-79.9022,20,10,40,15,15,30,A
ch2_cla_l1_20240701T184226911_20240701T184234911.fits,2024-07-01 18:42:26.911000,2024-07-01 18:42:34.911000,42.7247,79.7831,43.3261,78.6367,47.0863,78.6809,46.9119,79.8322,20,10,40,15,15,30,A
ch2_cla_l1_20240701T193458911_20240701T193506911.fits,2024-07-01 19:34:58.911000,2024-07-01 19:35:06.911000,-133.719,-57.3133,-133.793,-58.4981,-132.307,-58.5158,-132.278,-57.3305,20,10,40,15,15,30,A
ch2_cla_l1_20240701T190122911_20240701T190130911.fits,2024-07-01 19:01:22.911000,2024-07-01 19:01:30.911000,-131.619,43.9396,-131.636,42.6094,-130.372,42.5948,-130.329,43.9246,20,10,40,15,15,30,A
ch2_cla_l1_20240701T093747848_20240701T093755848.fits,2024-07-01 09:37:47.848000,2024-07-01 09:37:55.848000,-126.99,-14.1564,-127.009,-15.4788,-126.054,-15.4891,-126.039,-14.1667,20,10,40,15,15,30,A
ch2_cla_l1_20240701T165813826_20240701T165821826.fits,2024-07-01 16:58:13.826000,2024-07-01 16:58:21.826000,-130.145,63.6355,-130.176,62.3492,-128.272,62.3276,-128.158,63.6128,20,10,40,15,15,30,A
ch2_cla_l1_20240701T191730911_20240701T191738911.fits,2024-07-01 19:17:30.911000,2024-07-01 19:17:38.911000,-132.294,-4.3808,-132.312,-5.7181,-131.37,-5.7293,-131.354,-4.392,20,10,40,15,15,30,A
ch2_cla_l1_20240701T131821195_20240701T131829195.fits,2024-07-01 13:18:21.195000,2024-07-01 13:18:29.195000,-128.666,23.6879,-128.68,22.3296,-127.643,22.3181,-127.618,23.6763,20,10,40,15,15,30,A
ch2_cla_l1_20240701T113232112_20240701T113240112.fits,2024-07-01 11:32:32.112000,2024-07-01 11:32:40.112000,-127.998,-8.5817,-128.016,-9.9151,-127.069,-9.9255,-127.054,-8.5921,20,10,40,15,15,30,A
ch2_cla_l1_20240701T095443848_20240701T095451848.fits,2024-07-01 09:54:43.848000,2024-07-01 09:54:51.848000,-128.775,-65.7039,-128.891,-66.8483,-127.025,-66.8682,-126.987,-65.723,20,10,40,15,15,30,A
ch2_cla_l1_20240701T094251848_20240701T094259848.fits,2024-07-01 09:42:51.848000,2024-07-01 09:42:59.848000,-127.259,-29.4483,-127.285,-30.7283,-126.265,-30.7394,-126.251,-29.4592,20,10,40,15,15,30,A
ch2_cla_l1_20240701T151209767_20240701T151217767.fits,2024-07-01 15:12:09.767000,2024-07-01 15:12:17.767000,-129.641,32.0229,-129.656,30.6721,-128.549,30.6597,-128.519,32.0104,20,10,40,15,15,30,A
ch2_cla_l1_20240701T115704112_20240701T115712112.fits,2024-07-01 11:57:04.112000,2024-07-01 11:57:12.112000,-136.041,-83.4669,-137.681,-84.5301,-130.738,-84.6059,-130.21,-83.5304,20,10,40,15,15,30,A
ch2_cla_l1_20240701T115136112_20240701T115144112.fits,2024-07-01 11:51:36.112000,2024-07-01 11:51:44.112000,-129.975,-66.5593,-130.1,-67.7018,-128.172,-67.7228,-128.13,-66.5793,20,10,40,15,15,30,A
ch2_cla_l1_20240701T154713767_20240701T154721767.fits,2024-07-01 15:47:13.767000,2024-07-01 15:47:21.767000,-133.372,-74.0822,-133.645,-75.1974,-130.888,-75.2285,-130.798,-74.1113,20,10,40,15,15,30,A
ch2_cla_l1_20240701T171333826_20240701T171341826.fits,2024-07-01 17:13:33.826000,2024-07-01 17:13:41.826000,-130.909,17.652,-130.923,16.2961,-129.926,16.2847,-129.905,17.6404,20,10,40,15,15,30,A
ch2_cla_l1_20240701T093923848_20240701T093931848.fits,2024-07-01 09:39:23.848000,2024-07-01 09:39:31.848000,-127.067,-18.9757,-127.088,-20.2858,-126.12,-20.2963,-126.106,-18.9861,20,10,40,15,15,30,A
ch2_cla_l1_20240701T152417767_20240701T152425767.fits,2024-07-01 15:24:17.767000,2024-07-01 15:24:25.767000,-130.117,-4.298,-130.134,-5.6372,-129.19,-5.6479,-129.174,-4.3087,20,10,40,15,15,30,A
ch2_cla_l1_20240701T125541195_20240701T125549195.fits,2024-07-01 12:55:41.195000,2024-07-01 12:55:49.195000,-1.1585,88.7155,24.2917,87.7816,44.8634,88.0179,34.6595,89.1901,20,10,40,15,15,30,A
ch2_cla_l1_20240701T115912112_20240701T115920112.fits,2024-07-01 11:59:12.112000,2024-07-01 11:59:20.112000,65.9962,-88.715,72.315,-89.1135,109.333,-89.6385,89.244,-88.438,20,10,40,15,15,30,A
ch2_cla_l1_20240701T113152112_20240701T113200112.fits,2024-07-01 11:31:52.112000,2024-07-01 11:32:00.112000,-127.97,-6.5794,-127.987,-7.9164,-127.041,-7.9268,-127.026,-6.5898,20,10,40,15,15,30,A
ch2_cla_l1_20240701T110040112_20240701T110048112.fits,2024-07-01 11:00:40.112000,2024-07-01 11:00:48.112000,-122.787,87.1293,-124.101,85.9176,-113.024,85.7962,-107.44,86.9595,20,10,40,15,15,30,A
ch2_cla_l1_20240701T165605826_20240701T165613826.fits,2024-07-01 16:56:05.826000,2024-07-01 16:56:13.826000,-129.91,70.077,-129.958,68.8103,-127.572,68.7831,-127.383,70.0481,20,10,40,15,15,30,A
ch2_cla_l1_20240701T165037826_20240701T165045826.fits,2024-07-01 16:50:37.826000,2024-07-01 16:50:45.826000,-126.051,86.6592,-127.228,85.4525,-117.311,85.3381,-112.819,86.5055,20,10,40,15,15,30,A
ch2_cla_l1_20240701T100627848_20240701T100635848.fits,2024-07-01 10:06:27.848000,2024-07-01 10:06:35.848000,54.6673,-76.6864,54.7809,-77.6925,57.5343,-77.6631,57.2097,-76.6593,20,10,40,15,15,30,A
ch2_cla_l1_20240701T134149195_20240701T134157195.fits,2024-07-01 13:41:49.195000,2024-07-01 13:41:57.195000,-129.921,-46.9912,-129.965,-48.2116,-128.744,-48.2252,-128.726,-47.0045,20,10,40,15,15,30,A
ch2_cla_l1_20240701T195018911_20240701T195026911.fits,2024-07-01 19:50:18.911000,2024-07-01 19:50:26.911000,49.2107,-74.0039,49.3066,-75.0137,51.5925,-74.9867,51.351,-73.9785,20,10,40,15,15,30,A
ch2_cla_l1_20240701T165829826_20240701T165837826.fits,2024-07-01 16:58:29.826000,2024-07-01 16:58:37.826000,-130.168,62.8314,-130.197,61.5431,-128.338,61.5219,-128.23,62.8094,20,10,40,15,15,30,A
ch2_cla_l1_20240701T145145767_20240701T145153767.fits,2024-07-01 14:51:45.767000,2024-07-01 14:51:53.767000,27.3753,87.3948,34.6356,86.2766,46.6484,86.4133,44.6542,87.5945,20,10,40,15,15,30,A
ch2_cla_l1_20240701T095835848_20240701T095843848.fits,2024-07-01 09:58:35.848000,2024-07-01 09:58:43.848000,-130.964,-77.6616,-131.395,-78.7556,-127.892,-78.793,-127.758,-77.6959,20,10,40,15,15,30,A
ch2_cla_l1_20240701T172325826_20240701T172333826.fits,2024-07-01 17:23:25.826000,2024-07-01 17:23:33.826000,-131.321,-11.9259,-131.34,-13.2508,-130.391,-13.2618,-130.376,-11.9369,20,10,40,15,15,30,A
ch2_cla_l1_20240701T125213196_20240701T125221195.fits,2024-07-01 12:52:13.196000,2024-07-01 12:52:21.195000,46.8315,78.5242,47.2958,77.3761,50.6881,77.4136,50.5659,78.5654,20,10,40,15,15,30,A
ch2_cla_l1_20240701T100435848_20240701T100443848.fits,2024-07-01 10:04:35.848000,2024-07-01 10:04:43.848000,55.6991,-82.5301,56.0729,-83.5556,61.4589,-83.4979,60.3459,-82.4804,20,10,40,15,15,30,A
ch2_cla_l1_20240701T171901826_20240701T171909826.fits,2024-07-01 17:19:01.826000,2024-07-01 17:19:09.826000,-131.126,1.2841,-131.143,-0.0617,-130.196,-0.0727,-130.179,1.2731,20,10,40,15,15,30,A
ch2_cla_l1_20240701T090339848_20240701T090347848.fits,2024-07-01 09:03:39.848000,2024-07-01 09:03:47.848000,-118.704,88.3535,-121.839,87.1477,-106.408,86.9795,-94.1929,88.0774,20,10,40,15,15,30,A
ch2_cla_l1_20240701T113448112_20240701T113456112.fits,2024-07-01 11:34:48.112000,2024-07-01 11:34:56.112000,-128.102,-15.3985,-128.121,-16.7171,-127.164,-16.7276,-127.149,-15.4089,20,10,40,15,15,30,A
ch2_cla_l1_20240701T134853195_20240701T134901195.fits,2024-07-01 13:48:53.195000,2024-07-01 13:49:01.195000,-131.337,-68.687,-131.489,-69.8225,-129.388,-69.8458,-129.337,-68.7091,20,10,40,15,15,30,A
ch2_cla_l1_20240701T184034911_20240701T184042911.fits,2024-07-01 18:40:34.911000,2024-07-01 18:40:42.911000,44.9115,74.0378,45.1634,72.9103,47.6037,72.939,47.5256,74.0684,20,10,40,15,15,30,A
ch2_cla_l1_20240701T154057767_20240701T154105767.fits,2024-07-01 15:40:57.767000,2024-07-01 15:41:05.767000,-131.355,-54.7842,-131.417,-55.9764,-130.016,-55.9923,-129.992,-54.7996,20,10,40,15,15,30,A
ch2_cla_l1_20240701T113800112_20240701T113808112.fits,2024-07-01 11:38:00.112000,2024-07-01 11:38:08.112000,-128.268,-25.0504,-128.291,-26.3425,-127.297,-26.3536,-127.284,-25.0612,20,10,40,15,15,30,A
ch2_cla_l1_20240701T130709196_20240701T130717196.fits,2024-07-01 13:07:09.196000,2024-07-01 13:07:17.196000,-128.171,57.2422,-128.192,55.9339,-126.573,55.9161,-126.497,57.2238,20,10,40,15,15,30,A
ch2_cla_l1_20240701T115928112_20240701T115936112.fits,2024-07-01 11:59:28.112000,2024-07-01 11:59:36.112000,60.6625,-87.8981,68.7798,-88.9249,94.6007,-88.6062,76.5576,-87.7191,20,10,40,15,15,30,A
ch2_cla_l1_20240701T171549826_20240701T171557826.fits,2024-07-01 17:15:49.826000,2024-07-01 17:15:57.826000,-130.997,10.869,-131.012,9.5149,-130.044,9.5038,-130.025,10.8578,20,10,40,15,15,30,A
ch2_cla_l1_20240701T093315848_20240701T093323848.fits,2024-07-01 09:33:15.848000,2024-07-01 09:33:23.848000,-126.798,-0.5433,-126.813,-1.8912,-125.865,-1.9014,-125.849,-0.5535,20,10,40,15,15,30,A
ch2_cla_l1_20240701T194210911_20240701T194218911.fits,2024-07-01 19:42:10.911000,2024-07-01 19:42:18.911000,-137.574,-79.5076,-138.228,-80.6021,-134.025,-80.6521,-133.796,-79.5525,20,10,40,15,15,30,A
ch2_cla_l1_20240701T133933196_20240701T133941196.fits,2024-07-01 13:39:33.196000,2024-07-01 13:39:41.196000,-129.705,-40.0829,-129.74,-41.3283,-128.622,-41.3407,-128.606,-40.0952,20,10,40,15,15,30,A
ch2_cla_l1_20240701T125725195_20240701T125733195.fits,2024-07-01 12:57:25.195000,2024-07-01 12:57:33.195000,-124.274,86.6756,-125.384,85.464,-115.383,85.3508,-110.897,86.5224,20,10,40,15,15,30,A
ch2_cla_l1_20240701T140157195_20240701T140205195.fits,2024-07-01 14:01:57.195000,2024-07-01 14:02:05.195000,52.0403,-69.4825,52.0933,-70.4709,53.7947,-70.4522,53.6589,-69.4646,20,10,40,15,15,30,A
ch2_cla_l1_20240701T193706911_20240701T193714911.fits,2024-07-01 19:37:06.911000,2024-07-01 19:37:14.911000,-134.199,-63.8675,-134.309,-65.0269,-132.533,-65.048,-132.492,-63.8878,20,10,40,15,15,30,A
ch2_cla_l1_20240701T152601767_20240701T152609767.fits,2024-07-01 15:26:01.767000,2024-07-01 15:26:09.767000,-130.193,-9.5035,-130.212,-10.8336,-129.265,-10.8444,-129.25,-9.5142,20,10,40,15,15,30,A
ch2_cla_l1_20240701T132957195_20240701T133005195.fits,2024-07-01 13:29:57.195000,2024-07-01 13:30:05.195000,-129.126,-11.0604,-129.144,-12.3882,-128.196,-12.3988,-128.181,-11.071,20,10,40,15,15,30,A
ch2_cla_l1_20240701T110224112_20240701T110232112.fits,2024-07-01 11:02:24.112000,2024-07-01 11:02:32.112000,-125.726,81.8643,-125.93,80.631,-120.865,80.576,-119.917,81.8011,20,10,40,15,15,30,A
ch2_cla_l1_20240701T154729767_20240701T154737767.fits,2024-07-01 15:47:29.767000,2024-07-01 15:47:37.767000,-133.568,-74.9071,-133.87,-76.0187,-130.969,-76.0514,-130.869,-74.9375,20,10,40,15,15,30,A
ch2_cla_l1_20240701T191954911_20240701T192002911.fits,2024-07-01 19:19:54.911000,2024-07-01 19:20:02.911000,-132.406,-11.5916,-132.426,-12.9163,-131.478,-12.9276,-131.462,-11.6028,20,10,40,15,15,30,A
ch2_cla_l1_20240701T185506911_20240701T185514911.fits,2024-07-01 18:55:06.911000,2024-07-01 18:55:14.911000,-131.224,62.7825,-131.255,61.4963,-129.403,61.4748,-129.295,62.7601,20,10,40,15,15,30,A
ch2_cla_l1_20240701T132421196_20240701T132429196.fits,2024-07-01 13:24:21.196000,2024-07-01 13:24:29.196000,-128.892,5.7391,-128.907,4.3858,-127.951,4.3752,-127.933,5.7283,20,10,40,15,15,30,A
ch2_cla_l1_20240701T190354911_20240701T190402911.fits,2024-07-01 19:03:54.911000,2024-07-01 19:04:02.911000,-131.734,36.3465,-131.75,35.0046,-130.6,34.9912,-130.565,36.3329,20,10,40,15,15,30,A
ch2_cla_l1_20240701T150257767_20240701T150305767.fits,2024-07-01 15:02:57.767000,2024-07-01 15:03:05.767000,-129.188,59.6187,-129.212,58.3191,-127.502,58.3,-127.415,59.5989,20,10,40,15,15,30,A
ch2_cla_l1_20240701T133525195_20240701T133533195.fits,2024-07-01 13:35:25.195000,2024-07-01 13:35:33.195000,-129.411,-27.5443,-129.436,-28.8304,-128.429,-28.8416,-128.414,-27.5555,20,10,40,15,15,30,A
ch2_cla_l1_20240701T150529767_20240701T150537767.fits,2024-07-01 15:05:29.767000,2024-07-01 15:05:37.767000,-129.343,52.0015,-129.361,50.6832,-127.913,50.667,-127.853,51.9849,20,10,40,15,15,30,A
ch2_cla_l1_20240701T114024112_20240701T114032112.fits,2024-07-01 11:40:24.112000,2024-07-01 11:40:32.112000,-128.415,-32.3141,-128.443,-33.5854,-127.403,-33.5967,-127.388,-32.3253,20,10,40,15,15,30,A
ch2_cla_l1_20240701T192234911_20240701T192242911.fits,2024-07-01 19:22:34.911000,2024-07-01 19:22:42.911000,-132.543,-19.6218,-132.566,-20.9289,-131.596,-20.9405,-131.581,-19.6333,20,10,40,15,15,30,A
ch2_cla_l1_20240701T185938911_20240701T185946911.fits,2024-07-01 18:59:38.911000,2024-07-01 18:59:46.911000,-131.531,49.1415,-131.55,47.8214,-130.18,47.8056,-130.127,49.1252,20,10,40,15,15,30,A
ch2_cla_l1_20240701T191602911_20240701T191610911.fits,2024-07-01 19:16:02.911000,2024-07-01 19:16:10.911000,-132.23,0.0194,-132.247,-1.3238,-131.303,-1.335,-131.286,0.0082,20,10,40,15,15,30,A
ch2_cla_l1_20240701T190010911_20240701T190018911.fits,2024-07-01 19:00:10.911000,2024-07-01 19:00:18.911000,-131.559,47.5403,-131.577,46.2169,-130.243,46.2014,-130.193,47.5244,20,10,40,15,15,30,A
ch2_cla_l1_20240701T105648112_20240701T105656112.fits,2024-07-01 10:56:48.112000,2024-07-01 10:56:56.112000,45.5782,82.156,46.5363,80.9958,51.3854,81.0486,51.1515,82.2166,20,10,40,15,15,30,A
ch2_cla_l1_20240701T093811848_20240701T093819848.fits,2024-07-01 09:38:11.848000,2024-07-01 09:38:19.848000,-127.009,-15.3605,-127.028,-16.6796,-126.07,-16.69,-126.056,-15.3708,20,10,40,15,15,30,A
ch2_cla_l1_20240701T135317196_20240701T135325195.fits,2024-07-01 13:53:17.196000,2024-07-01 13:53:25.195000,-135.953,-82.2971,-137.126,-83.3705,-131.334,-83.4348,-130.952,-82.3526,20,10,40,15,15,30,A
ch2_cla_l1_20240701T191218911_20240701T191226911.fits,2024-07-01 19:12:18.911000,2024-07-01 19:12:26.911000,-132.075,11.2045,-132.091,9.8518,-131.123,9.8404,-131.103,11.193,20,10,40,15,15,30,A
ch2_cla_l1_20240701T153345767_20240701T153353767.fits,2024-07-01 15:33:45.767000,2024-07-01 15:33:53.767000,-130.621,-32.84,-130.65,-34.1099,-129.604,-34.1218,-129.589,-32.8517,20,10,40,15,15,30,A
ch2_cla_l1_20240701T134941196_20240701T134949196.fits,2024-07-01 13:49:41.196000,2024-07-01 13:49:49.196000,-131.686,-71.158,-131.88,-72.2835,-129.532,-72.3095,-129.469,-71.1826,20,10,40,15,15,30,A
ch2_cla_l1_20240701T094139848_20240701T094147848.fits,2024-07-01 09:41:39.848000,2024-07-01 09:41:47.848000,-127.188,-25.8183,-127.212,-27.109,-126.214,-27.1198,-126.2,-25.8289,20,10,40,15,15,30,A
ch2_cla_l1_20240701T144849767_20240701T144857767.fits,2024-07-01 14:48:49.767000,2024-07-01 14:48:57.767000,45.6857,78.5383,46.1556,77.392,49.5437,77.4301,49.4156,78.5802,20,10,40,15,15,30,A
ch2_cla_l1_20240701T194914911_20240701T194922911.fits,2024-07-01 19:49:14.911000,2024-07-01 19:49:22.911000,49.5743,-77.3441,49.7271,-78.3646,52.7115,-78.3292,52.316,-77.3116,20,10,40,15,15,30,A
ch2_cla_l1_20240701T192154911_20240701T192202911.fits,2024-07-01 19:21:54.911000,2024-07-01 19:22:02.911000,-132.507,-17.6121,-132.529,-18.9242,-131.567,-18.9356,-131.551,-17.6236,20,10,40,15,15,30,A
ch2_cla_l1_20240701T135845195_20240701T135853195.fits,2024-07-01 13:58:45.195000,2024-07-01 13:58:53.195000,52.9562,-79.5203,53.1527,-80.5408,56.8116,-80.5004,56.2558,-79.4838,20,10,40,15,15,30,A
ch2_cla_l1_20240701T135557195_20240701T135605195.fits,2024-07-01 13:55:57.195000,2024-07-01 13:56:05.195000,61.5328,-88.2406,76.0696,-89.252,105.71,-88.8314,79.9825,-88.0253,20,10,40,15,15,30,A
ch2_cla_l1_20240701T190850911_20240701T190858911.fits,2024-07-01 19:08:50.911000,2024-07-01 19:08:58.911000,-131.937,21.5796,-131.952,20.2259,-130.935,20.2141,-130.911,21.5676,20,10,40,15,15,30,A
ch2_cla_l1_20240701T092827848_20240701T092835848.fits,2024-07-01 09:28:27.848000,2024-07-01 09:28:35.848000,-126.617,13.8242,-126.631,12.4626,-125.645,12.4519,-125.625,13.8135,20,10,40,15,15,30,A
ch2_cla_l1_20240701T130741195_20240701T130749195.fits,2024-07-01 13:07:41.195000,2024-07-01 13:07:49.195000,-128.203,55.6389,-128.223,54.3404,-126.66,54.3232,-126.59,55.6212,20,10,40,15,15,30,A
ch2_cla_l1_20240701T153513767_20240701T153521767.fits,2024-07-01 15:35:13.767000,2024-07-01 15:35:21.767000,-130.73,-37.2911,-130.762,-38.5466,-129.675,-38.5589,-129.659,-37.3033,20,10,40,15,15,30,A
ch2_cla_l1_20240701T155617767_20240701T155625767.fits,2024-07-01 15:56:17.767000,2024-07-01 15:56:25.767000,51.517,-76.5654,51.6406,-77.5787,54.4044,-77.5475,54.0698,-76.5366,20,10,40,15,15,30,A
ch2_cla_l1_20240701T105240112_20240701T105248112.fits,2024-07-01 10:52:40.112000,2024-07-01 10:52:48.112000,50.2684,69.4352,50.4144,68.3186,52.3217,68.3393,52.2788,69.457,20,10,40,15,15,30,A
ch2_cla_l1_20240701T170237826_20240701T170245826.fits,2024-07-01 17:02:37.826000,2024-07-01 17:02:45.826000,-130.441,50.3959,-130.46,49.0762,-129.057,49.0603,-129.001,50.3795,20,10,40,15,15,30,A
ch2_cla_l1_20240701T170405826_20240701T170413826.fits,2024-07-01 17:04:05.826000,2024-07-01 17:04:13.826000,-130.516,45.9939,-130.533,44.6654,-129.227,44.6505,-129.181,45.9787,20,10,40,15,15,30,A
ch2_cla_l1_20240701T172357826_20240701T172405826.fits,2024-07-01 17:23:57.826000,2024-07-01 17:24:05.826000,-131.347,-13.5304,-131.367,-14.8519,-130.415,-14.863,-130.399,-13.5414,20,10,40,15,15,30,A
ch2_cla_l1_20240701T100131848_20240701T100139848.fits,2024-07-01 10:01:31.848000,2024-07-01 10:01:39.848000,-143.044,-86.7014,-150.541,-87.7003,-134.395,-87.8787,-131.769,-86.8236,20,10,40,15,15,30,A
ch2_cla_l1_20240701T114816112_20240701T114824112.fits,2024-07-01 11:48:16.112000,2024-07-01 11:48:24.112000,-129.218,-56.3036,-129.283,-57.4873,-127.842,-57.5031,-127.818,-56.3188,20,10,40,15,15,30,A
ch2_cla_l1_20240701T135005195_20240701T135013195.fits,2024-07-01 13:50:05.195000,2024-07-01 13:50:13.195000,-131.897,-72.3945,-132.117,-73.5149,-129.618,-73.5425,-129.546,-72.4205,20,10,40,15,15,30,A
ch2_cla_l1_20240701T184530911_20240701T184538911.fits,2024-07-01 18:45:30.911000,2024-07-01 18:45:38.911000,-6.9096,88.7115,19.6119,87.8078,40.1927,88.0608,27.5264,89.2171,20,10,40,15,15,30,A
ch2_cla_l1_20240701T125005195_20240701T125013196.fits,2024-07-01 12:50:05.195000,2024-07-01 12:50:13.196000,48.7408,71.9507,48.9315,70.8262,51.1043,70.8501,51.049,71.9762,20,10,40,15,15,30,A
ch2_cla_l1_20240701T185322911_20240701T185330911.fits,2024-07-01 18:53:22.911000,2024-07-01 18:53:30.911000,-131.043,68.0151,-131.086,66.7444,-128.889,66.7188,-128.73,67.9882,20,10,40,15,15,30,A
ch2_cla_l1_20240701T175341826_20240701T175349826.fits,2024-07-01 17:53:41.826000,2024-07-01 17:53:49.826000,50.2409,-74.0573,50.333,-75.065,52.618,-75.0386,52.3799,-74.0326,20,10,40,15,15,30,A
ch2_cla_l1_20240701T133533195_20240701T133541195.fits,2024-07-01 13:35:33.195000,2024-07-01 13:35:41.195000,-129.419,-27.9478,-129.444,-29.2325,-128.434,-29.2438,-128.42,-27.959,20,10,40,15,15,30,A
ch2_cla_l1_20240701T194658911_20240701T194706911.fits,2024-07-01 19:46:58.911000,2024-07-01 19:47:06.911000,51.6736,-84.4193,52.5326,-85.4621,60.3281,-85.3688,58.0436,-84.3431,20,10,40,15,15,30,A
ch2_cla_l1_20240701T170157826_20240701T170205826.fits,2024-07-01 17:01:57.826000,2024-07-01 17:02:05.826000,-130.405,52.3984,-130.424,51.0831,-128.969,51.0666,-128.908,52.3814,20,10,40,15,15,30,A
ch2_cla_l1_20240701T094547848_20240701T094555848.fits,2024-07-01 09:45:47.848000,2024-07-01 09:45:55.848000,-127.462,-38.3486,-127.494,-39.5986,-126.398,-39.6104,-126.383,-38.3602,20,10,40,15,15,30,A
ch2_cla_l1_20240701T114032112_20240701T114040112.fits,2024-07-01 11:40:32.112000,2024-07-01 11:40:40.112000,-128.425,-32.7186,-128.452,-33.9882,-127.409,-33.9997,-127.394,-32.7299,20,10,40,15,15,30,A
ch2_cla_l1_20240701T093051848_20240701T093059848.fits,2024-07-01 09:30:51.848000,2024-07-01 09:30:59.848000,-126.705,6.6447,-126.72,5.2882,-125.758,5.2778,-125.741,6.6342,20,10,40,15,15,30,A
ch2_cla_l1_20240701T191026911_20240701T191034911.fits,2024-07-01 19:10:26.911000,2024-07-01 19:10:34.911000,-132.001,16.7917,-132.016,15.4377,-131.025,15.4261,-131.003,16.7801,20,10,40,15,15,30,A
ch2_cla_l1_20240701T150121767_20240701T150129767.fits,2024-07-01 15:01:21.767000,2024-07-01 15:01:29.767000,-129.062,64.4394,-129.093,63.1532,-127.136,63.1313,-127.017,64.4165,20,10,40,15,15,30,A
ch2_cla_l1_20240701T131533195_20240701T131541196.fits,2024-07-01 13:15:33.195000,2024-07-01 13:15:41.196000,-128.56,32.0613,-128.574,30.7084,-127.465,30.6961,-127.435,32.0489,20,10,40,15,15,30,A
ch2_cla_l1_20240701T092643848_20240701T092651848.fits,2024-07-01 09:26:43.848000,2024-07-01 09:26:51.848000,-126.554,19.006,-126.567,17.6433,-125.556,17.6324,-125.534,18.995,20,10,40,15,15,30,A
ch2_cla_l1_20240701T164917826_20240701T164925826.fits,2024-07-01 16:49:17.826000,2024-07-01 16:49:25.826000,-51.0656,89.7326,-63.9907,88.8551,-22.9828,88.9005,29.9663,89.2184,20,10,40,15,15,30,A
ch2_cla_l1_20240701T112336112_20240701T112344112.fits,2024-07-01 11:23:36.112000,2024-07-01 11:23:44.112000,-127.65,18.1761,-127.663,16.8151,-126.658,16.8041,-126.637,18.165,20,10,40,15,15,30,A
ch2_cla_l1_20240701T112504112_20240701T112512112.fits,2024-07-01 11:25:04.112000,2024-07-01 11:25:12.112000,-127.704,13.7902,-127.717,12.4304,-126.733,12.4196,-126.714,13.7794,20,10,40,15,15,30,A
ch2_cla_l1_20240701T190458911_20240701T190506911.fits,2024-07-01 19:04:58.911000,2024-07-01 19:05:06.911000,-131.78,33.152,-131.795,31.8064,-130.682,31.7934,-130.65,33.1388,20,10,40,15,15,30,A
ch2_cla_l1_20240701T112352112_20240701T112400112.fits,2024-07-01 11:23:52.112000,2024-07-01 11:24:00.112000,-127.659,17.3786,-127.673,16.018,-126.672,16.0071,-126.651,17.3676,20,10,40,15,15,30,A
ch2_cla_l1_20240701T131925196_20240701T131933195.fits,2024-07-01 13:19:25.196000,2024-07-01 13:19:33.195000,-128.706,20.4985,-128.72,19.1394,-127.703,19.1281,-127.68,20.4871,20,10,40,15,15,30,A
ch2_cla_l1_20240701T171141826_20240701T171149826.fits,2024-07-01 17:11:41.826000,2024-07-01 17:11:49.826000,-130.836,23.2364,-130.851,21.8815,-129.821,21.8697,-129.796,23.2245,20,10,40,15,15,30,A
ch2_cla_l1_20240701T174813826_20240701T174821826.fits,2024-07-01 17:48:13.826000,2024-07-01 17:48:21.826000,-155.128,-87.5899,-172.041,-88.499,-147.453,-88.8202,-139.586,-87.7762,20,10,40,15,15,30,A
ch2_cla_l1_20240701T131437195_20240701T131445195.fits,2024-07-01 13:14:37.195000,2024-07-01 13:14:45.195000,-128.524,34.8537,-128.538,33.5037,-127.397,33.4911,-127.365,34.8409,20,10,40,15,15,30,A
ch2_cla_l1_20240701T152209767_20240701T152217767.fits,2024-07-01 15:22:09.767000,2024-07-01 15:22:17.767000,-130.028,2.0996,-130.044,0.7517,-129.096,0.7409,-129.078,2.0888,20,10,40,15,15,30,A
ch2_cla_l1_20240701T125733195_20240701T125741195.fits,2024-07-01 12:57:33.195000,2024-07-01 12:57:41.195000,-124.727,86.2703,-125.626,85.0564,-116.398,84.9529,-112.684,86.1335,20,10,40,15,15,30,A
ch2_cla_l1_20240701T133925196_20240701T133933196.fits,2024-07-01 13:39:25.196000,2024-07-01 13:39:33.196000,-129.694,-39.6775,-129.728,-40.924,-128.615,-40.9365,-128.599,-39.6897,20,10,40,15,15,30,A
ch2_cla_l1_20240701T154321767_20240701T154329767.fits,2024-07-01 15:43:21.767000,2024-07-01 15:43:29.767000,-131.813,-62.1534,-131.908,-63.3166,-130.229,-63.3356,-130.196,-62.1717,20,10,40,15,15,30,A
ch2_cla_l1_20240701T145905767_20240701T145913767.fits,2024-07-01 14:59:05.767000,2024-07-01 14:59:13.767000,-128.806,71.2838,-128.857,70.0186,-126.337,69.9904,-126.127,71.2538,20,10,40,15,15,30,A
ch2_cla_l1_20240701T132821195_20240701T132829195.fits,2024-07-01 13:28:21.195000,2024-07-01 13:28:29.195000,-129.055,-6.2535,-129.072,-7.59,-128.128,-7.6006,-128.112,-6.264,20,10,40,15,15,30,A
ch2_cla_l1_20240701T110232112_20240701T110240112.fits,2024-07-01 11:02:32.112000,2024-07-01 11:02:40.112000,-125.804,81.4596,-125.991,80.225,-121.123,80.172,-120.255,81.3992,20,10,40,15,15,30,A
ch2_cla_l1_20240701T193122911_20240701T193130911.fits,2024-07-01 19:31:22.911000,2024-07-01 19:31:30.911000,-133.21,-46.302,-133.255,-47.5276,-132.042,-47.542,-132.022,-46.3162,20,10,40,15,15,30,A
ch2_cla_l1_20240701T134909195_20240701T134917195.fits,2024-07-01 13:49:09.195000,2024-07-01 13:49:17.195000,-131.444,-69.5104,-131.609,-70.6426,-129.432,-70.6667,-129.378,-69.5333,20,10,40,15,15,30,A
ch2_cla_l1_20240701T090747848_20240701T090755848.fits,2024-07-01 09:07:47.848000,2024-07-01 09:07:55.848000,-125.396,75.8161,-125.467,74.559,-122.267,74.5248,-121.925,75.779,20,10,40,15,15,30,A
ch2_cla_l1_20240701T192730911_20240701T192738911.fits,2024-07-01 19:27:30.911000,2024-07-01 19:27:38.911000,-132.858,-34.5405,-132.889,-35.8057,-131.828,-35.8184,-131.811,-34.5531,20,10,40,15,15,30,A
ch2_cla_l1_20240701T174605826_20240701T174613826.fits,2024-07-01 17:46:05.826000,2024-07-01 17:46:13.826000,-137.357,-81.1,-138.256,-82.1847,-133.27,-82.2424,-132.964,-81.1508,20,10,40,15,15,30,A
ch2_cla_l1_20240701T174037826_20240701T174045826.fits,2024-07-01 17:40:37.826000,2024-07-01 17:40:45.826000,-133.105,-64.2161,-133.215,-65.3728,-131.423,-65.3936,-131.384,-64.236,20,10,40,15,15,30,A
ch2_cla_l1_20240701T151417767_20240701T151425767.fits,2024-07-01 15:14:17.767000,2024-07-01 15:14:25.767000,-129.724,25.6411,-129.738,24.2855,-128.689,24.2737,-128.663,25.6292,20,10,40,15,15,30,A
ch2_cla_l1_20240701T135445196_20240701T135453196.fits,2024-07-01 13:54:45.196000,2024-07-01 13:54:53.196000,-146.103,-86.7838,-154.311,-87.779,-137.498,-87.9726,-134.466,-86.9148,20,10,40,15,15,30,A
ch2_cla_l1_20240701T090923848_20240701T090931848.fits,2024-07-01 09:09:23.848000,2024-07-01 09:09:31.848000,-125.651,70.9784,-125.694,69.7051,-123.187,69.6783,-122.987,70.9499,20,10,40,15,15,30,A
ch2_cla_l1_20240701T172333826_20240701T172341826.fits,2024-07-01 17:23:33.826000,2024-07-01 17:23:41.826000,-131.327,-12.3271,-131.347,-13.651,-130.397,-13.662,-130.382,-12.3381,20,10,40,15,15,30,A
ch2_cla_l1_20240701T134541195_20240701T134549195.fits,2024-07-01 13:45:41.195000,2024-07-01 13:45:49.195000,-130.471,-58.8324,-130.547,-60.0074,-129.015,-60.0244,-128.988,-58.8488,20,10,40,15,15,30,A
ch2_cla_l1_20240701T120136112_20240701T120144112.fits,2024-07-01 12:01:36.112000,2024-07-01 12:01:44.112000,54.3321,-81.2531,54.6081,-82.277,59.102,-82.2282,58.2975,-81.21,20,10,40,15,15,30,A
ch2_cla_l1_20240701T113040112_20240701T113048112.fits,2024-07-01 11:30:40.112000,2024-07-01 11:30:48.112000,-127.919,-2.9784,-127.936,-4.3216,-126.99,-4.332,-126.974,-2.9888,20,10,40,15,15,30,A
ch2_cla_l1_20240701T110152112_20240701T110200112.fits,2024-07-01 11:01:52.112000,2024-07-01 11:02:00.112000,-125.322,83.4839,-125.628,82.2567,-119.567,82.1907,-118.157,83.4058,20,10,40,15,15,30,A
ch2_cla_l1_20240701T145713767_20240701T145721767.fits,2024-07-01 14:57:13.767000,2024-07-01 14:57:21.767000,-128.435,76.9351,-128.53,75.6888,-125.13,75.6507,-124.725,76.8935,20,10,40,15,15,30,A
ch2_cla_l1_20240701T171325826_20240701T171333826.fits,2024-07-01 17:13:25.826000,2024-07-01 17:13:33.826000,-130.904,18.051,-130.918,16.6951,-129.919,16.6836,-129.897,18.0394,20,10,40,15,15,30,A
ch2_cla_l1_20240701T140213195_20240701T140219992.fits,2024-07-01 14:02:13.195000,2024-07-01 14:02:19.992000,52.0022,-68.7068,52.0485,-69.6296,53.6749,-69.6116,53.5578,-68.6896,20,10,40,15,15,30,A
ch2_cla_l1_20240701T093339848_20240701T093347848.fits,2024-07-01 09:33:39.848000,2024-07-01 09:33:47.848000,-126.813,-1.7424,-126.829,-3.0884,-125.882,-3.0987,-125.866,-1.7527,20,10,40,15,15,30,A
ch2_cla_l1_20240701T174829826_20240701T174837826.fits,2024-07-01 17:48:29.826000,2024-07-01 17:48:37.826000,175.09,-88.781,-179.074,-89.5475,-150.468,-88.9919,-166.741,-88.3148,20,10,40,15,15,30,A
ch2_cla_l1_20240701T110448112_20240701T110456112.fits,2024-07-01 11:04:48.112000,2024-07-01 11:04:56.112000,-126.525,74.5901,-126.59,73.3311,-123.612,73.2988,-123.316,74.5552,20,10,40,15,15,30,A
ch2_cla_l1_20240701T154145767_20240701T154153767.fits,2024-07-01 15:41:45.767000,2024-07-01 15:41:53.767000,-131.486,-57.2375,-131.557,-58.4201,-130.079,-58.4368,-130.053,-57.2537,20,10,40,15,15,30,A
ch2_cla_l1_20240701T172901826_20240701T172909826.fits,2024-07-01 17:29:01.826000,2024-07-01 17:29:09.826000,-131.629,-28.8182,-131.655,-30.1006,-130.639,-30.1125,-130.624,-28.8299,20,10,40,15,15,30,A
ch2_cla_l1_20240701T100003848_20240701T100011848.fits,2024-07-01 10:00:03.848000,2024-07-01 10:00:11.848000,-133.512,-82.2045,-134.622,-83.2748,-128.948,-83.3355,-128.6,-82.2571,20,10,40,15,15,30,A
ch2_cla_l1_20240701T184018911_20240701T184026911.fits,2024-07-01 18:40:18.911000,2024-07-01 18:40:26.911000,45.1039,73.2143,45.332,72.0899,47.6529,72.1171,47.5814,73.2434,20,10,40,15,15,30,A
ch2_cla_l1_20240701T135621196_20240701T135629196.fits,2024-07-01 13:56:21.196000,2024-07-01 13:56:29.196000,57.2906,-87.0054,60.5291,-88.0441,77.3903,-87.8493,68.8654,-86.875,20,10,40,15,15,30,A
ch2_cla_l1_20240701T172549826_20240701T172557826.fits,2024-07-01 17:25:49.826000,2024-07-01 17:25:57.826000,-131.442,-19.1527,-131.464,-20.4615,-130.496,-20.4728,-130.481,-19.164,20,10,40,15,15,30,A
ch2_cla_l1_20240701T090315848_20240701T090323848.fits,2024-07-01 09:03:15.848000,2024-07-01 09:03:23.848000,-98.8211,89.5342,-118.586,88.3649,-94.0492,88.0883,-58.2979,88.9062,20,10,40,15,15,30,A
ch2_cla_l1_20240701T110800112_20240701T110808112.fits,2024-07-01 11:08:00.112000,2024-07-01 11:08:08.112000,-126.92,64.9261,-126.949,63.6366,-124.951,63.6149,-124.829,64.9034,20,10,40,15,15,30,A
ch2_cla_l1_20240701T145729767_20240701T145737767.fits,2024-07-01 14:57:29.767000,2024-07-01 14:57:37.767000,-128.505,76.1269,-128.59,74.8779,-125.356,74.8416,-124.994,76.0876,20,10,40,15,15,30,A
ch2_cla_l1_20240701T185210911_20240701T185218911.fits,2024-07-01 18:52:10.911000,2024-07-01 18:52:18.911000,-130.871,71.6441,-130.93,70.3847,-128.383,70.355,-128.161,71.6125,20,10,40,15,15,30,A
ch2_cla_l1_20240701T184402911_20240701T184410911.fits,2024-07-01 18:44:02.911000,2024-07-01 18:44:10.911000,37.1903,84.6592,39.2385,83.5073,45.9738,83.5866,45.3964,84.756,20,10,40,15,15,30,A
ch2_cla_l1_20240701T100419848_20240701T100427848.fits,2024-07-01 10:04:19.848000,2024-07-01 10:04:27.848000,55.9883,-83.363,56.4697,-84.3912,62.6701,-84.3247,61.2332,-83.3068,20,10,40,15,15,30,A
ch2_cla_l1_20240701T134725195_20240701T134733195.fits,2024-07-01 13:47:25.195000,2024-07-01 13:47:33.195000,-130.863,-64.1643,-130.969,-65.318,-129.189,-65.3377,-129.152,-64.1832,20,10,40,15,15,30,A
ch2_cla_l1_20240701T132933196_20240701T132941195.fits,2024-07-01 13:29:33.196000,2024-07-01 13:29:41.195000,-129.108,-9.8582,-129.126,-11.1881,-128.179,-11.1987,-128.164,-9.8687,20,10,40,15,15,30,A
ch2_cla_l1_20240701T095819848_20240701T095827848.fits,2024-07-01 09:58:19.848000,2024-07-01 09:58:27.848000,-130.688,-76.8354,-131.067,-77.9331,-127.783,-77.9682,-127.665,-76.8677,20,10,40,15,15,30,A
ch2_cla_l1_20240701T113224112_20240701T113232112.fits,2024-07-01 11:32:24.112000,2024-07-01 11:32:32.112000,-127.993,-8.1812,-128.01,-9.5153,-127.063,-9.5257,-127.048,-8.1916,20,10,40,15,15,30,A
ch2_cla_l1_20240701T190706911_20240701T190714911.fits,2024-07-01 19:07:06.911000,2024-07-01 19:07:14.911000,-131.868,26.7662,-131.883,25.4151,-130.829,25.4028,-130.802,26.7538,20,10,40,15,15,30,A
ch2_cla_l1_20240701T151601767_20240701T151609767.fits,2024-07-01 15:16:01.767000,2024-07-01 15:16:09.767000,-129.79,20.4571,-129.804,19.0997,-128.79,19.0883,-128.767,20.4455,20,10,40,15,15,30,A
ch2_cla_l1_20240701T195034911_20240701T195042911.fits,2024-07-01 19:50:34.911000,2024-07-01 19:50:42.911000,49.1406,-73.1679,49.2276,-74.1751,51.3854,-74.1496,51.1681,-73.1439,20,10,40,15,15,30,A
ch2_cla_l1_20240701T145057767_20240701T145105767.fits,2024-07-01 14:50:57.767000,2024-07-01 14:51:05.767000,38.7638,85.0435,41.0606,83.8882,48.2709,83.9695,47.675,85.1443,20,10,40,15,15,30,A
ch2_cla_l1_20240701T153257767_20240701T153305767.fits,2024-07-01 15:32:57.767000,2024-07-01 15:33:05.767000,-130.567,-30.4159,-130.594,-31.6933,-129.567,-31.705,-129.552,-30.4274,20,10,40,15,15,30,A
ch2_cla_l1_20240701T194938911_20240701T194946911.fits,2024-07-01 19:49:38.911000,2024-07-01 19:49:46.911000,49.4192,-76.0922,49.5455,-77.1087,52.2253,-77.0769,51.9014,-76.0627,20,10,40,15,15,30,A
ch2_cla_l1_20240701T193354911_20240701T193402911.fits,2024-07-01 19:33:54.911000,2024-07-01 19:34:02.911000,-133.539,-54.0442,-133.602,-55.2414,-132.218,-55.258,-132.193,-54.0603,20,10,40,15,15,30,A
ch2_cla_l1_20240701T094115848_20240701T094123848.fits,2024-07-01 09:41:15.848000,2024-07-01 09:41:23.848000,-127.166,-24.6091,-127.188,-25.9036,-126.197,-25.9144,-126.183,-24.6197,20,10,40,15,15,30,A
ch2_cla_l1_20240701T192602911_20240701T192610911.fits,2024-07-01 19:26:02.911000,2024-07-01 19:26:10.911000,-132.753,-30.0957,-132.781,-31.3745,-131.756,-31.3868,-131.74,-30.1078,20,10,40,15,15,30,A
ch2_cla_l1_20240701T193010911_20240701T193018911.fits,2024-07-01 19:30:10.911000,2024-07-01 19:30:18.911000,-133.086,-42.6449,-133.126,-43.8832,-131.97,-43.8971,-131.952,-42.6585,20,10,40,15,15,30,A
ch2_cla_l1_20240701T191234911_20240701T191242911.fits,2024-07-01 19:12:34.911000,2024-07-01 19:12:42.911000,-132.086,10.4061,-132.102,9.0538,-131.137,9.0425,-131.117,10.3946,20,10,40,15,15,30,A
ch2_cla_l1_20240701T164749826_20240701T164757826.fits,2024-07-01 16:47:49.826000,2024-07-01 16:47:57.826000,35.1992,85.8257,38.3723,84.6776,46.6646,84.7732,45.8029,85.9484,20,10,40,15,15,30,A
ch2_cla_l1_20240701T155401767_20240701T155409767.fits,2024-07-01 15:54:01.767000,2024-07-01 15:54:09.767000,53.1161,-83.6506,53.7056,-84.6867,60.3282,-84.6115,58.6692,-83.5877,20,10,40,15,15,30,A
ch2_cla_l1_20240701T194506911_20240701T194514911.fits,2024-07-01 19:45:06.911000,2024-07-01 19:45:14.911000,171.208,-88.7981,151.632,-88.9663,172.539,-89.5697,-169.518,-88.3483,20,10,40,15,15,30,A
ch2_cla_l1_20240701T153529767_20240701T153537767.fits,2024-07-01 15:35:29.767000,2024-07-01 15:35:37.767000,-130.751,-38.1015,-130.784,-39.3541,-129.688,-39.3665,-129.672,-38.1138,20,10,40,15,15,30,A
ch2_cla_l1_20240701T185914911_20240701T185922911.fits,2024-07-01 18:59:14.911000,2024-07-01 18:59:22.911000,-131.509,50.343,-131.528,49.0253,-130.13,49.0091,-130.074,50.3263,20,10,40,15,15,30,A
ch2_cla_l1_20240701T133349195_20240701T133357195.fits,2024-07-01 13:33:49.195000,2024-07-01 13:33:57.195000,-129.319,-22.7092,-129.341,-24.0091,-128.359,-24.02,-128.345,-22.7201,20,10,40,15,15,30,A
ch2_cla_l1_20240701T192218911_20240701T192226911.fits,2024-07-01 19:22:18.911000,2024-07-01 19:22:26.911000,-132.529,-18.8178,-132.551,-20.1269,-131.585,-20.1384,-131.569,-18.8293,20,10,40,15,15,30,A
ch2_cla_l1_20240701T090811848_20240701T090819848.fits,2024-07-01 09:08:11.848000,2024-07-01 09:08:19.848000,-125.473,74.6057,-125.534,73.3445,-122.546,73.3125,-122.251,74.5712,20,10,40,15,15,30,A
ch2_cla_l1_20240701T175125826_20240701T175133826.fits,2024-07-01 17:51:25.826000,2024-07-01 17:51:33.826000,51.2723,-81.1502,51.5756,-82.1809,56.0668,-82.1289,55.2393,-81.1043,20,10,40,15,15,30,A
ch2_cla_l1_20240701T131349195_20240701T131357196.fits,2024-07-01 13:13:49.195000,2024-07-01 13:13:57.196000,-128.492,37.2479,-128.506,35.9007,-127.336,35.8878,-127.302,37.2348,20,10,40,15,15,30,A
ch2_cla_l1_20240701T115952112_20240701T120000112.fits,2024-07-01 11:59:52.112000,2024-07-01 12:00:00.112000,57.5801,-86.659,59.9602,-87.6967,74.5817,-87.533,67.985,-86.5443,20,10,40,15,15,30,A
ch2_cla_l1_20240701T191154911_20240701T191202911.fits,2024-07-01 19:11:54.911000,2024-07-01 19:12:02.911000,-132.059,12.4018,-132.075,11.0489,-131.103,11.0374,-131.083,12.3903,20,10,40,15,15,30,A
ch2_cla_l1_20240701T150345767_20240701T150353767.fits,2024-07-01 15:03:45.767000,2024-07-01 15:03:53.767000,-129.241,57.2113,-129.263,55.9054,-127.65,55.8874,-127.573,57.1927,20,10,40,15,15,30,A
ch2_cla_l1_20240701T114648112_20240701T114656112.fits,2024-07-01 11:46:48.112000,2024-07-01 11:46:56.112000,-129.005,-51.8086,-129.057,-53.01,-127.739,-53.0243,-127.719,-51.8226,20,10,40,15,15,30,A
ch2_cla_l1_20240701T095459848_20240701T095507848.fits,2024-07-01 09:54:59.848000,2024-07-01 09:55:07.848000,-128.856,-66.5266,-128.98,-67.6676,-127.058,-67.6882,-127.018,-66.5462,20,10,40,15,15,30,A
ch2_cla_l1_20240701T110112112_20240701T110120112.fits,2024-07-01 11:01:12.112000,2024-07-01 11:01:20.112000,-124.418,85.5093,-125.018,84.2901,-116.934,84.2019,-114.242,85.398,20,10,40,15,15,30,A
ch2_cla_l1_20240701T115840112_20240701T115848112.fits,2024-07-01 11:58:40.112000,2024-07-01 11:58:48.112000,-160.359,-88.2533,-163.825,-89.4895,-143.631,-88.9044,-139.217,-88.4994,20,10,40,15,15,30,A
ch2_cla_l1_20240701T171421826_20240701T171429826.fits,2024-07-01 17:14:21.826000,2024-07-01 17:14:29.826000,-130.94,15.2583,-130.954,13.9028,-129.969,13.8915,-129.948,15.2469,20,10,40,15,15,30,A
ch2_cla_l1_20240701T125413195_20240701T125421195.fits,2024-07-01 12:54:13.195000,2024-07-01 12:54:21.195000,40.9116,84.6277,42.8743,83.4689,49.6252,83.5436,49.1353,84.7189,20,10,40,15,15,30,A
ch2_cla_l1_20240701T085731848_20240701T085739848.fits,2024-07-01 08:57:31.848000,2024-07-01 08:57:39.848000,50.5589,73.9633,50.7966,72.8279,53.2542,72.8542,53.1911,73.9915,20,10,40,15,15,30,A
ch2_cla_l1_20240701T090227848_20240701T090235848.fits,2024-07-01 09:02:27.848000,2024-07-01 09:02:35.848000,3.3697,88.6955,27.5318,87.7377,47.8313,87.9626,39.2614,89.1439,20,10,40,15,15,30,A
ch2_cla_l1_20240701T192250911_20240701T192258911.fits,2024-07-01 19:22:50.911000,2024-07-01 19:22:58.911000,-132.558,-20.426,-132.581,-21.7311,-131.608,-21.7427,-131.593,-20.4376,20,10,40,15,15,30,A
ch2_cla_l1_20240701T193442911_20240701T193450911.fits,2024-07-01 19:34:42.911000,2024-07-01 19:34:50.911000,-133.671,-56.4955,-133.742,-57.6834,-132.283,-57.7008,-132.256,-56.5124,20,10,40,15,15,30,A
ch2_cla_l1_20240701T165509826_20240701T165517826.fits,2024-07-01 16:55:09.826000,2024-07-01 16:55:17.826000,-129.764,72.9005,-129.827,71.6429,-127.118,71.612,-126.869,72.8675,20,10,40,15,15,30,A
ch2_cla_l1_20240701T154641767_20240701T154649767.fits,2024-07-01 15:46:41.767000,2024-07-01 15:46:49.767000,-133.036,-72.4332,-133.261,-73.5552,-130.749,-73.5836,-130.674,-72.4599,20,10,40,15,15,30,A
ch2_cla_l1_20240701T172837826_20240701T172845826.fits,2024-07-01 17:28:37.826000,2024-07-01 17:28:45.826000,-131.603,-27.608,-131.629,-28.8939,-130.621,-28.9057,-130.606,-27.6197,20,10,40,15,15,30,A
ch2_cla_l1_20240701T100859848_20240701T100907848.fits,2024-07-01 10:08:59.848000,2024-07-01 10:09:07.848000,54.1325,-68.7265,54.1792,-69.7074,55.7963,-69.6901,55.6742,-68.7101,20,10,40,15,15,30,A
ch2_cla_l1_20240701T145433767_20240701T145441767.fits,2024-07-01 14:54:33.767000,2024-07-01 14:54:41.767000,-126.604,85.0313,-127.158,83.8147,-119.708,83.7308,-117.41,84.9274,20,10,40,15,15,30,A
ch2_cla_l1_20240701T132109195_20240701T132117195.fits,2024-07-01 13:21:09.195000,2024-07-01 13:21:17.195000,-128.77,15.3148,-128.785,13.9561,-127.796,13.9451,-127.775,15.3038,20,10,40,15,15,30,A
ch2_cla_l1_20240701T134021195_20240701T134029195.fits,2024-07-01 13:40:21.195000,2024-07-01 13:40:29.195000,-129.776,-42.5185,-129.813,-43.7552,-128.663,-43.768,-128.646,-42.5311,20,10,40,15,15,30,A
ch2_cla_l1_20240701T135125196_20240701T135133196.fits,2024-07-01 13:51:25.196000,2024-07-01 13:51:33.196000,-132.87,-76.5198,-133.242,-77.6228,-130.013,-77.6585,-129.893,-76.5528,20,10,40,15,15,30,A
ch2_cla_l1_20240701T165941826_20240701T165949826.fits,2024-07-01 16:59:41.826000,2024-07-01 16:59:49.826000,-130.261,59.216,-130.286,57.9175,-128.598,57.8983,-128.512,59.1961,20,10,40,15,15,30,A
ch2_cla_l1_20240701T110936112_20240701T110944112.fits,2024-07-01 11:09:36.112000,2024-07-01 11:09:44.112000,-127.04,60.108,-127.062,58.8048,-125.322,58.7859,-125.233,60.0884,20,10,40,15,15,30,A
ch2_cla_l1_20240701T120216112_20240701T120224112.fits,2024-07-01 12:02:16.112000,2024-07-01 12:02:24.112000,53.934,-79.1677,54.1116,-80.1846,57.6176,-80.1465,57.1075,-79.1333,20,10,40,15,15,30,A
ch2_cla_l1_20240701T172013826_20240701T172021826.fits,2024-07-01 17:20:13.826000,2024-07-01 17:20:21.826000,-131.177,-2.3144,-131.194,-3.6557,-130.251,-3.6666,-130.234,-2.3254,20,10,40,15,15,30,A
ch2_cla_l1_20240701T113520112_20240701T113528112.fits,2024-07-01 11:35:20.112000,2024-07-01 11:35:28.112000,-128.128,-17.0046,-128.148,-18.3193,-127.186,-18.3299,-127.171,-17.0151,20,10,40,15,15,30,A
ch2_cla_l1_20240701T174317826_20240701T174325826.fits,2024-07-01 17:43:17.826000,2024-07-01 17:43:25.826000,-134.176,-72.4412,-134.406,-73.5651,-131.885,-73.5943,-131.807,-72.4687,20,10,40,15,15,30,A
ch2_cla_l1_20240701T151105767_20240701T151113767.fits,2024-07-01 15:11:05.767000,2024-07-01 15:11:13.767000,-129.599,35.2151,-129.613,33.8675,-128.471,33.8548,-128.439,35.2021,20,10,40,15,15,30,A
ch2_cla_l1_20240701T151737767_20240701T151745767.fits,2024-07-01 15:17:37.767000,2024-07-01 15:17:45.767000,-129.851,15.6711,-129.865,14.3141,-128.876,14.3029,-128.855,15.6599,20,10,40,15,15,30,A
ch2_cla_l1_20240701T115408112_20240701T115416112.fits,2024-07-01 11:54:08.112000,2024-07-01 11:54:16.112000,-131.171,-74.3881,-131.445,-75.4981,-128.654,-75.5285,-128.567,-74.4164,20,10,40,15,15,30,A
ch2_cla_l1_20240701T105720112_20240701T105728112.fits,2024-07-01 10:57:20.112000,2024-07-01 10:57:28.112000,43.6097,83.7784,45.0919,82.6167,51.0535,82.6815,50.6961,83.8555,20,10,40,15,15,30,A
ch2_cla_l1_20240701T150809767_20240701T150817767.fits,2024-07-01 15:08:09.767000,2024-07-01 15:08:17.767000,-129.474,44.0009,-129.49,42.6663,-128.218,42.6521,-128.175,43.9864,20,10,40,15,15,30,A
ch2_cla_l1_20240701T095851848_20240701T095859848.fits,2024-07-01 09:58:51.848000,2024-07-01 09:58:59.848000,-131.279,-78.4879,-131.775,-79.5781,-128.018,-79.6182,-127.864,-78.5244,20,10,40,15,15,30,A
ch2_cla_l1_20240701T112832112_20240701T112840112.fits,2024-07-01 11:28:32.112000,2024-07-01 11:28:40.112000,-127.834,3.4156,-127.85,2.0637,-126.897,2.0533,-126.88,3.4051,20,10,40,15,15,30,A
ch2_cla_l1_20240701T164213826_20240701T164221826.fits,2024-07-01 16:42:13.826000,2024-07-01 16:42:21.826000,47.0314,68.6451,47.171,67.5363,48.9941,67.5572,48.9489,68.667,20,10,40,15,15,30,A
ch2_cla_l1_20240701T185826911_20240701T185834911.fits,2024-07-01 18:58:26.911000,2024-07-01 18:58:34.911000,-131.463,52.7468,-131.484,51.4348,-130.022,51.4179,-129.96,52.7294,20,10,40,15,15,30,A
ch2_cla_l1_20240701T111608112_20240701T111616112.fits,2024-07-01 11:16:08.112000,2024-07-01 11:16:16.112000,-127.368,40.5052,-127.382,39.1603,-126.163,39.1471,-126.125,40.4917,20,10,40,15,15,30,A
ch2_cla_l1_20240701T155537767_20240701T155545767.fits,2024-07-01 15:55:37.767000,2024-07-01 15:55:45.767000,51.788,-78.6524,51.9614,-79.6726,55.315,-79.6348,54.8372,-78.618,20,10,40,15,15,30,A
ch2_cla_l1_20240701T155305767_20240701T155313767.fits,2024-07-01 15:53:05.767000,2024-07-01 15:53:13.767000,55.6074,-86.5552,57.9891,-87.5968,72.1249,-87.4323,65.7743,-86.4388,20,10,40,15,15,30,A
ch2_cla_l1_20240701T170117826_20240701T170125826.fits,2024-07-01 17:01:17.826000,2024-07-01 17:01:25.826000,-130.366,54.4022,-130.387,53.0916,-128.872,53.0744,-128.805,54.3844,20,10,40,15,15,30,A
ch2_cla_l1_20240701T144921767_20240701T144929767.fits,2024-07-01 14:49:21.767000,2024-07-01 14:49:29.767000,44.8086,80.1747,45.442,79.0232,49.3623,79.0673,49.1927,80.224,20,10,40,15,15,30,A
ch2_cla_l1_20240701T132221195_20240701T132229196.fits,2024-07-01 13:22:21.195000,2024-07-01 13:22:29.196000,-128.816,11.7249,-128.83,10.3676,-127.856,10.3568,-127.837,11.7141,20,10,40,15,15,30,A
ch2_cla_l1_20240701T153633767_20240701T153641767.fits,2024-07-01 15:36:33.767000,2024-07-01 15:36:41.767000,-130.842,-41.3458,-130.878,-42.5873,-129.743,-42.6002,-129.726,-41.3585,20,10,40,15,15,30,A
ch2_cla_l1_20240701T100451848_20240701T100459848.fits,2024-07-01 10:04:51.848000,2024-07-01 10:04:59.848000,55.4674,-81.6966,55.7657,-82.7193,60.5202,-82.6684,59.6342,-81.652,20,10,40,15,15,30,A
ch2_cla_l1_20240701T173709826_20240701T173717826.fits,2024-07-01 17:37:09.826000,2024-07-01 17:37:17.826000,-132.404,-53.5663,-132.464,-54.7676,-131.095,-54.7835,-131.071,-53.5818,20,10,40,15,15,30,A
ch2_cla_l1_20240701T112016112_20240701T112024112.fits,2024-07-01 11:20:16.112000,2024-07-01 11:20:24.112000,-127.527,28.141,-127.541,26.7828,-126.466,26.7711,-126.439,28.1291,20,10,40,15,15,30,A
ch2_cla_l1_20240701T132549196_20240701T132557196.fits,2024-07-01 13:25:49.196000,2024-07-01 13:25:57.196000,-128.95,1.3453,-128.966,-0.0029,-128.017,-0.0135,-128.001,1.3346,20,10,40,15,15,30,A
ch2_cla_l1_20240701T185642911_20240701T185650911.fits,2024-07-01 18:56:42.911000,2024-07-01 18:56:50.911000,-131.35,57.9614,-131.375,56.6622,-129.742,56.6432,-129.661,57.9417,20,10,40,15,15,30,A
ch2_cla_l1_20240701T114312112_20240701T114320112.fits,2024-07-01 11:43:12.112000,2024-07-01 11:43:20.112000,-128.627,-40.8196,-128.662,-42.0618,-127.535,-42.0741,-127.519,-40.8318,20,10,40,15,15,30,A
ch2_cla_l1_20240701T091659848_20240701T091707848.fits,2024-07-01 09:16:59.848000,2024-07-01 09:17:07.848000,-126.18,48.1192,-126.196,46.7852,-124.832,46.7707,-124.782,48.1043,20,10,40,15,15,30,A
ch2_cla_l1_20240701T184050911_20240701T184058911.fits,2024-07-01 18:40:50.911000,2024-07-01 18:40:58.911000,44.6985,74.8605,44.9783,73.7303,47.5501,73.7605,47.4641,74.893,20,10,40,15,15,30,A
ch2_cla_l1_20240701T150441767_20240701T150449767.fits,2024-07-01 15:04:41.767000,2024-07-01 15:04:49.767000,-129.298,54.4051,-129.318,53.0922,-127.799,53.0752,-127.733,54.3876,20,10,40,15,15,30,A
ch2_cla_l1_20240701T092323848_20240701T092331848.fits,2024-07-01 09:23:23.848000,2024-07-01 09:23:31.848000,-126.434,28.9685,-126.447,27.6087,-125.363,27.5971,-125.336,28.9567,20,10,40,15,15,30,A
ch2_cla_l1_20240701T093531848_20240701T093539848.fits,2024-07-01 09:35:31.848000,2024-07-01 09:35:39.848000,-126.89,-7.343,-126.907,-8.6795,-125.96,-8.6897,-125.945,-7.3532,20,10,40,15,15,30,A
ch2_cla_l1_20240701T130549196_20240701T130557195.fits,2024-07-01 13:05:49.196000,2024-07-01 13:05:57.195000,-128.082,61.2542,-128.107,59.9566,-126.318,59.9369,-126.222,61.2338,20,10,40,15,15,30,A
ch2_cla_l1_20240701T191546911_20240701T191554911.fits,2024-07-01 19:15:46.911000,2024-07-01 19:15:54.911000,-132.219,0.8191,-132.236,-0.5251,-131.291,-0.5363,-131.274,0.8079,20,10,40,15,15,30,A
ch2_cla_l1_20240701T170933826_20240701T170941826.fits,2024-07-01 17:09:33.826000,2024-07-01 17:09:41.826000,-130.752,29.619,-130.767,28.2679,-129.686,28.2555,-129.658,29.6065,20,10,40,15,15,30,A
ch2_cla_l1_20240701T153553767_20240701T153601767.fits,2024-07-01 15:35:53.767000,2024-07-01 15:36:01.767000,-130.784,-39.3175,-130.818,-40.566,-129.708,-40.5787,-129.692,-39.3299,20,10,40,15,15,30,A
ch2_cla_l1_20240701T135517195_20240701T135525195.fits,2024-07-01 13:55:17.195000,2024-07-01 13:55:25.195000,179.73,-88.7793,-170.836,-89.5354,-146.249,-88.9639,-162.987,-88.301,20,10,40,15,15,30,A
ch2_cla_l1_20240701T094027848_20240701T094035848.fits,2024-07-01 09:40:27.848000,2024-07-01 09:40:35.848000,-127.122,-22.1933,-127.144,-23.4948,-126.164,-23.5054,-126.15,-22.2038,20,10,40,15,15,30,A
ch2_cla_l1_20240701T091939848_20240701T091947848.fits,2024-07-01 09:19:39.848000,2024-07-01 09:19:47.848000,-126.293,40.1328,-126.306,38.7852,-125.09,38.7721,-125.053,40.1195,20,10,40,15,15,30,A
ch2_cla_l1_20240701T085603848_20240701T085611848.fits,2024-07-01 08:56:03.848000,2024-07-01 08:56:11.848000,51.3805,69.4324,51.5254,68.3143,53.4367,68.3347,53.3952,69.4539,20,10,40,15,15,30,A
ch2_cla_l1_20240701T105544112_20240701T105552112.fits,2024-07-01 10:55:44.112000,2024-07-01 10:55:52.112000,47.7953,78.8909,48.2864,77.7397,51.7939,77.7777,51.6693,78.933,20,10,40,15,15,30,A
ch2_cla_l1_20240701T170301826_20240701T170309826.fits,2024-07-01 17:03:01.826000,2024-07-01 17:03:09.826000,-130.463,49.1948,-130.481,47.8727,-129.107,47.8571,-129.053,49.1788,20,10,40,15,15,30,A
ch2_cla_l1_20240701T191114911_20240701T191122911.fits,2024-07-01 19:11:14.911000,2024-07-01 19:11:22.911000,-132.033,14.3974,-132.048,13.0436,-131.068,13.0321,-131.047,14.3858,20,10,40,15,15,30,A
ch2_cla_l1_20240701T170653826_20240701T170701826.fits,2024-07-01 17:06:53.826000,2024-07-01 17:07:01.826000,-130.643,37.6018,-130.658,36.2595,-129.489,36.2462,-129.453,37.5882,20,10,40,15,15,30,A
ch2_cla_l1_20240701T173925826_20240701T173933826.fits,2024-07-01 17:39:25.826000,2024-07-01 17:39:33.826000,-132.81,-60.5251,-132.897,-61.6964,-131.29,-61.715,-131.258,-60.5431,20,10,40,15,15,30,A
ch2_cla_l1_20240701T153753767_20240701T153801767.fits,2024-07-01 15:37:53.767000,2024-07-01 15:38:01.767000,-130.969,-45.4085,-131.011,-46.6356,-129.816,-46.6492,-129.798,-45.4218,20,10,40,15,15,30,A
ch2_cla_l1_20240701T094235848_20240701T094243848.fits,2024-07-01 09:42:35.848000,2024-07-01 09:42:43.848000,-127.243,-28.6412,-127.268,-29.9234,-126.254,-29.9345,-126.24,-28.652,20,10,40,15,15,30,A
ch2_cla_l1_20240701T153049767_20240701T153057767.fits,2024-07-01 15:30:49.767000,2024-07-01 15:30:57.767000,-130.436,-23.9636,-130.46,-25.26,-129.472,-25.2712,-129.457,-23.9748,20,10,40,15,15,30,A
ch2_cla_l1_20240701T164229826_20240701T164237826.fits,2024-07-01 16:42:29.826000,2024-07-01 16:42:37.826000,46.9132,69.4712,47.0642,68.359,48.9622,68.3807,48.914,69.4941,20,10,40,15,15,30,A
ch2_cla_l1_20240701T091507848_20240701T091515848.fits,2024-07-01 09:15:07.848000,2024-07-01 09:15:15.848000,-126.09,53.7181,-126.108,52.3964,-124.598,52.3803,-124.535,53.7015,20,10,40,15,15,30,A
ch2_cla_l1_20240701T111824112_20240701T111832112.fits,2024-07-01 11:18:24.112000,2024-07-01 11:18:32.112000,-127.457,33.7228,-127.471,32.3693,-126.341,32.357,-126.31,33.7103,20,10,40,15,15,30,A
ch2_cla_l1_20240701T175445826_20240701T175453826.fits,2024-07-01 17:54:45.826000,2024-07-01 17:54:53.826000,50.0026,-70.7102,50.0656,-71.7079,51.9075,-71.6868,51.7484,-70.6901,20,10,40,15,15,30,A
ch2_cla_l1_20240701T135701195_20240701T135709195.fits,2024-07-01 13:57:01.195000,2024-07-01 13:57:09.195000,54.8236,-84.9327,55.7572,-85.9701,64.4341,-85.8731,61.7667,-84.8555,20,10,40,15,15,30,A
ch2_cla_l1_20240701T114456112_20240701T114504112.fits,2024-07-01 11:44:56.112000,2024-07-01 11:45:04.112000,-128.789,-46.1029,-128.831,-47.3258,-127.627,-47.3389,-127.609,-46.1158,20,10,40,15,15,30,A
ch2_cla_l1_20240701T133629195_20240701T133637195.fits,2024-07-01 13:36:29.195000,2024-07-01 13:36:37.195000,-129.478,-30.7734,-129.505,-32.0495,-128.476,-32.061,-128.461,-30.7847,20,10,40,15,15,30,A
ch2_cla_l1_20240701T092915848_20240701T092923848.fits,2024-07-01 09:29:15.848000,2024-07-01 09:29:23.848000,-126.646,11.4316,-126.66,10.0715,-125.684,10.0609,-125.665,11.4211,20,10,40,15,15,30,A
ch2_cla_l1_20240701T094155848_20240701T094203848.fits,2024-07-01 09:41:55.848000,2024-07-01 09:42:03.848000,-127.203,-26.6242,-127.227,-27.9128,-126.225,-27.9236,-126.211,-26.6349,20,10,40,15,15,30,A
ch2_cla_l1_20240701T150625767_20240701T150633767.fits,2024-07-01 15:06:25.767000,2024-07-01 15:06:33.767000,-129.391,49.1995,-129.409,47.8752,-128.031,47.8598,-127.978,49.1837,20,10,40,15,15,30,A
ch2_cla_l1_20240701T114328112_20240701T114336112.fits,2024-07-01 11:43:28.112000,2024-07-01 11:43:36.112000,-128.65,-41.6317,-128.686,-42.8707,-127.549,-42.8832,-127.533,-41.6439,20,10,40,15,15,30,A
ch2_cla_l1_20240701T112200112_20240701T112208112.fits,2024-07-01 11:22:00.112000,2024-07-01 11:22:08.112000,-127.591,22.9592,-127.604,21.5988,-126.57,21.5875,-126.547,22.9478,20,10,40,15,15,30,A
ch2_cla_l1_20240701T192138911_20240701T192146911.fits,2024-07-01 19:21:38.911000,2024-07-01 19:21:46.911000,-132.493,-16.8089,-132.515,-18.1226,-131.555,-18.134,-131.539,-16.8203,20,10,40,15,15,30,A
ch2_cla_l1_20240701T184338911_20240701T184346911.fits,2024-07-01 18:43:38.911000,2024-07-01 18:43:46.911000,39.3387,83.4486,40.7396,82.2955,46.381,82.3618,45.9853,83.5269,20,10,40,15,15,30,A
ch2_cla_l1_20240701T110656112_20240701T110704112.fits,2024-07-01 11:06:56.112000,2024-07-01 11:07:04.112000,-126.82,68.1433,-126.856,66.8635,-124.624,66.8392,-124.468,68.1178,20,10,40,15,15,30,A
ch2_cla_l1_20240701T193834911_20240701T193842911.fits,2024-07-01 19:38:34.911000,2024-07-01 19:38:42.911000,-134.685,-68.3854,-134.842,-69.5271,-132.751,-69.552,-132.695,-68.4091,20,10,40,15,15,30,A
ch2_cla_l1_20240701T131501195_20240701T131509195.fits,2024-07-01 13:15:01.195000,2024-07-01 13:15:09.195000,-128.54,33.657,-128.553,32.3056,-127.427,32.2932,-127.396,33.6444,20,10,40,15,15,30,A
ch2_cla_l1_20240701T093019848_20240701T093027848.fits,2024-07-01 09:30:19.848000,2024-07-01 09:30:27.848000,-126.685,8.2407,-126.7,6.8828,-125.734,6.8724,-125.716,8.2302,20,10,40,15,15,30,A
ch2_cla_l1_20240701T171645826_20240701T171653826.fits,2024-07-01 17:16:45.826000,2024-07-01 17:16:53.826000,-131.034,8.0748,-131.049,6.7224,-130.09,6.7114,-130.071,8.0636,20,10,40,15,15,30,A
ch2_cla_l1_20240701T135429195_20240701T135437196.fits,2024-07-01 13:54:29.195000,2024-07-01 13:54:37.196000,-142.583,-85.9815,-147.471,-87.0091,-134.926,-87.1508,-133.224,-86.0861,20,10,40,15,15,30,A
ch2_cla_l1_20240701T125429195_20240701T125437195.fits,2024-07-01 12:54:29.195000,2024-07-01 12:54:37.195000,38.9441,85.4292,41.5836,84.2734,49.3168,84.3591,48.6573,85.5372,20,10,40,15,15,30,A
ch2_cla_l1_20240701T151857767_20240701T151905767.fits,2024-07-01 15:18:57.767000,2024-07-01 15:19:05.767000,-129.902,11.6817,-129.917,10.3259,-128.944,10.3149,-128.925,11.6706,20,10,40,15,15,30,A
ch2_cla_l1_20240701T110128112_20240701T110136112.fits,2024-07-01 11:01:28.112000,2024-07-01 11:01:36.112000,-124.861,84.6989,-125.307,83.4767,-118.18,83.399,-116.154,84.6039,20,10,40,15,15,30,A
ch2_cla_l1_20240701T154425767_20240701T154433767.fits,2024-07-01 15:44:25.767000,2024-07-01 15:44:33.767000,-132.098,-65.4375,-132.217,-66.5877,-130.354,-66.6087,-130.313,-65.4577,20,10,40,15,15,30,A
ch2_cla_l1_20240701T120000112_20240701T120008112.fits,2024-07-01 12:00:00.112000,2024-07-01 12:00:08.112000,57.0036,-86.2446,58.8004,-87.2822,71.3883,-87.1424,66.3,-86.1425,20,10,40,15,15,30,A
ch2_cla_l1_20240701T174101826_20240701T174109826.fits,2024-07-01 17:41:01.826000,2024-07-01 17:41:09.826000,-133.221,-65.4476,-133.343,-66.5996,-131.475,-66.6212,-131.432,-65.4684,20,10,40,15,15,30,A
ch2_cla_l1_20240701T145249767_20240701T145257767.fits,2024-07-01 14:52:49.767000,2024-07-01 14:52:57.767000,-113.583,89.0874,-63.6723,88.8609,-22.189,88.9142,-58.7531,89.7377,20,10,40,15,15,30,A
ch2_cla_l1_20240701T172029826_20240701T172037826.fits,2024-07-01 17:20:29.826000,2024-07-01 17:20:37.826000,-131.188,-3.1144,-131.205,-4.4546,-130.263,-4.4655,-130.246,-3.1254,20,10,40,15,15,30,A
ch2_cla_l1_20240701T152945767_20240701T152953767.fits,2024-07-01 15:29:45.767000,2024-07-01 15:29:53.767000,-130.377,-20.744,-130.399,-22.0486,-129.425,-22.0597,-129.411,-20.755,20,10,40,15,15,30,A
ch2_cla_l1_20240701T131949195_20240701T131957195.fits,2024-07-01 13:19:49.195000,2024-07-01 13:19:57.195000,-128.721,19.3023,-128.735,17.9431,-127.725,17.9319,-127.703,19.2911,20,10,40,15,15,30,A
ch2_cla_l1_20240701T095707848_20240701T095715848.fits,2024-07-01 09:57:07.848000,2024-07-01 09:57:15.848000,-129.778,-73.1195,-130.009,-74.2331,-127.425,-74.2607,-127.353,-73.1453,20,10,40,15,15,30,A
ch2_cla_l1_20240701T100739848_20240701T100747848.fits,2024-07-01 10:07:39.848000,2024-07-01 10:07:47.848000,54.3595,-72.9199,54.4295,-73.9137,56.5025,-73.8916,56.31,-72.8991,20,10,40,15,15,30,A
ch2_cla_l1_20240701T190818911_20240701T190826911.fits,2024-07-01 19:08:18.911000,2024-07-01 19:08:26.911000,-131.916,23.1755,-131.931,21.8224,-130.903,21.8104,-130.879,23.1633,20,10,40,15,15,30,A
ch2_cla_l1_20240701T093403848_20240701T093411848.fits,2024-07-01 09:34:03.848000,2024-07-01 09:34:11.848000,-126.829,-2.9418,-126.845,-4.286,-125.899,-4.2963,-125.883,-2.9521,20,10,40,15,15,30,A
ch2_cla_l1_20240701T092211848_20240701T092219848.fits,2024-07-01 09:22:11.848000,2024-07-01 09:22:19.848000,-126.39,32.5555,-126.403,31.1987,-125.283,31.1867,-125.253,32.5433,20,10,40,15,15,30,A
ch2_cla_l1_20240701T113744112_20240701T113752112.fits,2024-07-01 11:37:44.112000,2024-07-01 11:37:52.112000,-128.253,-24.2444,-128.276,-25.5401,-127.286,-25.5509,-127.272,-24.2552,20,10,40,15,15,30,A
ch2_cla_l1_20240701T090035848_20240701T090043848.fits,2024-07-01 09:00:35.848000,2024-07-01 09:00:43.848000,45.358,83.3687,46.6648,82.2048,52.3151,82.2654,52.0101,83.4401,20,10,40,15,15,30,A
ch2_cla_l1_20240701T174453826_20240701T174501826.fits,2024-07-01 17:44:53.826000,2024-07-01 17:45:01.826000,-135.465,-77.3886,-135.906,-78.4915,-132.433,-78.5316,-132.284,-77.4254,20,10,40,15,15,30,A
ch2_cla_l1_20240701T115216112_20240701T115224112.fits,2024-07-01 11:52:16.112000,2024-07-01 11:52:24.112000,-130.207,-68.6168,-130.357,-69.751,-128.267,-69.7737,-128.219,-68.6384,20,10,40,15,15,30,A
ch2_cla_l1_20240701T184746911_20240701T184754911.fits,2024-07-01 18:47:46.911000,2024-07-01 18:47:54.911000,-128.455,84.9963,-129.068,83.7841,-121.698,83.6975,-119.384,84.8894,20,10,40,15,15,30,A
ch2_cla_l1_20240701T174509826_20240701T174517826.fits,2024-07-01 17:45:09.826000,2024-07-01 17:45:17.826000,-135.784,-78.2135,-136.289,-79.3126,-132.57,-79.3556,-132.399,-78.2527,20,10,40,15,15,30,A
ch2_cla_l1_20240701T145641767_20240701T145649767.fits,2024-07-01 14:56:41.767000,2024-07-01 14:56:49.767000,-128.27,78.5522,-128.39,77.3118,-124.593,77.2691,-124.077,78.5052,20,10,40,15,15,30,A
ch2_cla_l1_20240701T172421826_20240701T172429826.fits,2024-07-01 17:24:21.826000,2024-07-01 17:24:29.826000,-131.367,-14.7344,-131.387,-16.0533,-130.432,-16.0644,-130.417,-14.7455,20,10,40,15,15,30,A
ch2_cla_l1_20240701T113112112_20240701T113120112.fits,2024-07-01 11:31:12.112000,2024-07-01 11:31:20.112000,-127.941,-4.5785,-127.958,-5.919,-127.013,-5.9294,-126.997,-4.5889,20,10,40,15,15,30,A
ch2_cla_l1_20240701T120408112_20240701T120416112.fits,2024-07-01 12:04:08.112000,2024-07-01 12:04:16.112000,53.327,-73.3152,53.4025,-74.3129,55.5419,-74.2897,55.3366,-73.2934,20,10,40,15,15,30,A
ch2_cla_l1_20240701T171837826_20240701T171845826.fits,2024-07-01 17:18:37.826000,2024-07-01 17:18:45.826000,-131.109,2.4832,-131.126,1.1358,-130.178,1.1249,-130.161,2.4722,20,10,40,15,15,30,A
ch2_cla_l1_20240701T134413195_20240701T134421195.fits,2024-07-01 13:44:13.195000,2024-07-01 13:44:21.195000,-130.225,-54.3322,-130.285,-55.5248,-128.899,-55.5402,-128.876,-54.3472,20,10,40,15,15,30,A
ch2_cla_l1_20240701T094731848_20240701T094739848.fits,2024-07-01 09:47:31.848000,2024-07-01 09:47:39.848000,-127.609,-43.6258,-127.647,-44.8569,-126.484,-44.8694,-126.467,-43.638,20,10,40,15,15,30,A
ch2_cla_l1_20240701T095123848_20240701T095131848.fits,2024-07-01 09:51:23.848000,2024-07-01 09:51:31.848000,-128.068,-55.4504,-128.13,-56.6361,-126.717,-56.6512,-126.695,-55.4651,20,10,40,15,15,30,A
ch2_cla_l1_20240701T093227848_20240701T093235848.fits,2024-07-01 09:32:27.848000,2024-07-01 09:32:35.848000,-126.766,1.8541,-126.781,0.5028,-125.83,0.4925,-125.813,1.8437,20,10,40,15,15,30,A
ch2_cla_l1_20240701T191250911_20240701T191258911.fits,2024-07-01 19:12:50.911000,2024-07-01 19:12:58.911000,-132.097,9.6077,-132.113,8.2558,-131.15,8.2444,-131.131,9.5963,20,10,40,15,15,30,A
ch2_cla_l1_20240701T190442911_20240701T190450911.fits,2024-07-01 19:04:42.911000,2024-07-01 19:04:50.911000,-131.769,33.9505,-131.784,32.6057,-130.662,32.5927,-130.63,33.9373,20,10,40,15,15,30,A
ch2_cla_l1_20240701T132717195_20240701T132725195.fits,2024-07-01 13:27:17.195000,2024-07-01 13:27:25.195000,-129.01,-3.0523,-129.027,-4.3943,-128.082,-4.4048,-128.066,-3.0628,20,10,40,15,15,30,A
ch2_cla_l1_20240701T105952112_20240701T110000112.fits,2024-07-01 10:59:52.112000,2024-07-01 11:00:00.112000,-99.4089,89.5199,-119.362,88.355,-95.0727,88.0767,-59.7438,88.8947,20,10,40,15,15,30,A
ch2_cla_l1_20240701T113936112_20240701T113944112.fits,2024-07-01 11:39:36.112000,2024-07-01 11:39:44.112000,-128.364,-29.8903,-128.389,-31.169,-127.367,-31.1802,-127.353,-29.9014,20,10,40,15,15,30,A
ch2_cla_l1_20240701T165317826_20240701T165325826.fits,2024-07-01 16:53:17.826000,2024-07-01 16:53:25.826000,-129.288,78.5575,-129.416,77.3191,-125.627,77.2758,-125.106,78.5096,20,10,40,15,15,30,A
ch2_cla_l1_20240701T131109195_20240701T131117195.fits,2024-07-01 13:11:09.195000,2024-07-01 13:11:17.195000,-128.379,45.2347,-128.394,43.9002,-127.097,43.8859,-127.052,45.2201,20,10,40,15,15,30,A
ch2_cla_l1_20240701T152105767_20240701T152113767.fits,2024-07-01 15:21:05.767000,2024-07-01 15:21:13.767000,-129.985,5.2953,-130.001,3.9436,-129.046,3.9329,-129.029,5.2844,20,10,40,15,15,30,A
ch2_cla_l1_20240701T152737767_20240701T152745767.fits,2024-07-01 15:27:37.767000,2024-07-01 15:27:45.767000,-130.268,-14.3158,-130.288,-15.6359,-129.334,-15.6468,-129.319,-14.3266,20,10,40,15,15,30,A
ch2_cla_l1_20240701T134125196_20240701T134133195.fits,2024-07-01 13:41:25.196000,2024-07-01 13:41:33.195000,-129.879,-45.7705,-129.921,-46.9953,-128.722,-47.0086,-128.704,-45.7835,20,10,40,15,15,30,A
ch2_cla_l1_20240701T174941826_20240701T174949826.fits,2024-07-01 17:49:41.826000,2024-07-01 17:49:49.826000,54.7431,-86.5491,57.2242,-87.5924,71.3573,-87.4238,64.9214,-86.4298,20,10,40,15,15,30,A
ch2_cla_l1_20240701T100347848_20240701T100355848.fits,2024-07-01 10:03:47.848000,2024-07-01 10:03:55.848000,56.8475,-85.0272,57.7562,-86.0603,66.5662,-85.9653,63.8691,-84.9518,20,10,40,15,15,30,A
ch2_cla_l1_20240701T110520112_20240701T110528112.fits,2024-07-01 11:05:20.112000,2024-07-01 11:05:28.112000,-126.617,72.9769,-126.671,71.7124,-123.93,71.6827,-123.684,72.9451,20,10,40,15,15,30,A
ch2_cla_l1_20240701T154433767_20240701T154441767.fits,2024-07-01 15:44:33.767000,2024-07-01 15:44:41.767000,-132.139,-65.8482,-132.261,-66.997,-130.372,-67.0184,-130.329,-65.8686,20,10,40,15,15,30,A
ch2_cla_l1_20240701T184922911_20240701T184930911.fits,2024-07-01 18:49:22.911000,2024-07-01 18:49:30.911000,-130.06,80.1329,-130.238,78.9024,-125.963,78.8524,-125.273,80.0769,20,10,40,15,15,30,A
ch2_cla_l1_20240701T171013826_20240701T171021826.fits,2024-07-01 17:10:13.826000,2024-07-01 17:10:21.826000,-130.779,27.6241,-130.793,26.2715,-129.73,26.2594,-129.703,27.6118,20,10,40,15,15,30,A
ch2_cla_l1_20240701T111832112_20240701T111840112.fits,2024-07-01 11:18:32.112000,2024-07-01 11:18:40.112000,-127.462,33.3239,-127.476,31.9701,-126.35,31.9579,-126.32,33.3115,20,10,40,15,15,30,A
ch2_cla_l1_20240701T133221195_20240701T133229195.fits,2024-07-01 13:32:21.195000,2024-07-01 13:32:29.195000,-129.241,-18.285,-129.262,-19.5964,-128.297,-19.6071,-128.282,-18.2958,20,10,40,15,15,30,A
ch2_cla_l1_20240701T144537767_20240701T144545767.fits,2024-07-01 14:45:37.767000,2024-07-01 14:45:45.767000,48.1471,68.6631,48.2854,67.5528,50.114,67.5733,50.0705,68.6847,20,10,40,15,15,30,A
ch2_cla_l1_20240701T135829196_20240701T135837195.fits,2024-07-01 13:58:29.196000,2024-07-01 13:58:37.195000,53.1107,-80.3543,53.3444,-81.3775,57.372,-81.3328,56.7082,-80.3145,20,10,40,15,15,30,A
ch2_cla_l1_20240701T194826911_20240701T194834911.fits,2024-07-01 19:48:26.911000,2024-07-01 19:48:34.911000,49.9909,-79.8452,50.2305,-80.8738,54.0739,-80.8282,53.4432,-79.8043,20,10,40,15,15,30,A
ch2_cla_l1_20240701T153809767_20240701T153817767.fits,2024-07-01 15:38:09.767000,2024-07-01 15:38:17.767000,-130.997,-46.2219,-131.04,-47.446,-129.831,-47.4598,-129.813,-46.2354,20,10,40,15,15,30,A
ch2_cla_l1_20240701T130805195_20240701T130813195.fits,2024-07-01 13:08:05.195000,2024-07-01 13:08:13.195000,-128.226,54.4369,-128.245,53.1217,-126.722,53.105,-126.656,54.4196,20,10,40,15,15,30,A
ch2_cla_l1_20240701T175213826_20240701T175221826.fits,2024-07-01 17:52:13.826000,2024-07-01 17:52:21.826000,50.7698,-78.6501,50.951,-79.6726,54.3186,-79.6337,53.8316,-78.6147,20,10,40,15,15,30,A
ch2_cla_l1_20240701T150633767_20240701T150641767.fits,2024-07-01 15:06:33.767000,2024-07-01 15:06:41.767000,-129.398,48.7996,-129.415,47.4743,-128.047,47.459,-127.995,48.7839,20,10,40,15,15,30,A
ch2_cla_l1_20240701T114720112_20240701T114728112.fits,2024-07-01 11:47:20.112000,2024-07-01 11:47:28.112000,-129.077,-53.4419,-129.134,-54.6366,-127.774,-54.6515,-127.753,-53.4563,20,10,40,15,15,30,A
ch2_cla_l1_20240701T131901196_20240701T131909196.fits,2024-07-01 13:19:01.196000,2024-07-01 13:19:09.196000,-128.691,21.6947,-128.705,20.3357,-127.681,20.3243,-127.658,21.6832,20,10,40,15,15,30,A
ch2_cla_l1_20240701T112608112_20240701T112616112.fits,2024-07-01 11:26:08.112000,2024-07-01 11:26:16.112000,-127.743,10.5996,-127.757,9.2415,-126.786,9.2308,-126.767,10.5889,20,10,40,15,15,30,A
ch2_cla_l1_20240701T173117826_20240701T173125826.fits,2024-07-01 17:31:17.826000,2024-07-01 17:31:25.826000,-131.787,-35.6876,-131.819,-36.949,-130.747,-36.9615,-130.731,-35.7,20,10,40,15,15,30,A
ch2_cla_l1_20240701T092659848_20240701T092707848.fits,2024-07-01 09:26:59.848000,2024-07-01 09:27:07.848000,-126.564,18.209,-126.577,16.8462,-125.57,16.8353,-125.549,18.198,20,10,40,15,15,30,A
ch2_cla_l1_20240701T131549196_20240701T131557196.fits,2024-07-01 13:15:49.196000,2024-07-01 13:15:57.196000,-128.57,31.2637,-128.584,29.9101,-127.483,29.8979,-127.454,31.2514,20,10,40,15,15,30,A
ch2_cla_l1_20240701T170709826_20240701T170717826.fits,2024-07-01 17:07:09.826000,2024-07-01 17:07:17.826000,-130.654,36.8031,-130.669,35.4598,-129.51,35.4465,-129.476,36.7897,20,10,40,15,15,30,A
ch2_cla_l1_20240701T111016112_20240701T111024112.fits,2024-07-01 11:10:16.112000,2024-07-01 11:10:24.112000,-127.082,58.1026,-127.103,56.7943,-125.447,56.7763,-125.367,58.084,20,10,40,15,15,30,A
ch2_cla_l1_20240701T105312112_20240701T105320112.fits,2024-07-01 10:53:12.112000,2024-07-01 10:53:20.112000,50.0115,71.0848,50.1839,69.962,52.2607,69.9845,52.2114,71.1086,20,10,40,15,15,30,A
ch2_cla_l1_20240701T194642911_20240701T194650911.fits,2024-07-01 19:46:42.911000,2024-07-01 19:46:50.911000,52.3166,-85.249,53.5513,-86.2934,63.0431,-86.1792,59.7945,-85.1596,20,10,40,15,15,30,A
ch2_cla_l1_20240701T195050911_20240701T195058911.fits,2024-07-01 19:50:50.911000,2024-07-01 19:50:58.911000,49.0765,-72.3316,49.1557,-73.3362,51.1982,-73.312,51.0019,-72.3088,20,10,40,15,15,30,A
ch2_cla_l1_20240701T165957826_20240701T170005826.fits,2024-07-01 16:59:57.826000,2024-07-01 17:00:05.826000,-130.28,58.4131,-130.304,57.1126,-128.649,57.0938,-128.566,58.3936,20,10,40,15,15,30,A
ch2_cla_l1_20240701T173933826_20240701T173941826.fits,2024-07-01 17:39:33.826000,2024-07-01 17:39:41.826000,-132.839,-60.9348,-132.928,-62.1045,-131.303,-62.1234,-131.27,-60.953,20,10,40,15,15,30,A
ch2_cla_l1_20240701T150553767_20240701T150601767.fits,2024-07-01 15:05:53.767000,2024-07-01 15:06:01.767000,-129.364,50.8006,-129.382,49.4794,-127.965,49.4636,-127.909,50.7843,20,10,40,15,15,30,A
ch2_cla_l1_20240701T153441767_20240701T153449767.fits,2024-07-01 15:34:41.767000,2024-07-01 15:34:49.767000,-130.688,-35.671,-130.719,-36.932,-129.648,-36.9442,-129.633,-35.6831,20,10,40,15,15,30,A
ch2_cla_l1_20240701T091323848_20240701T091331848.fits,2024-07-01 09:13:23.848000,2024-07-01 09:13:31.848000,-125.993,58.9253,-126.014,57.6166,-124.32,57.5985,-124.237,58.9066,20,10,40,15,15,30,A
ch2_cla_l1_20240701T090531848_20240701T090539848.fits,2024-07-01 09:05:31.848000,2024-07-01 09:05:39.848000,-124.533,82.6871,-124.77,81.4546,-119.23,81.3952,-118.089,82.618,20,10,40,15,15,30,A
ch2_cla_l1_20240701T130613195_20240701T130621195.fits,2024-07-01 13:06:13.195000,2024-07-01 13:06:21.195000,-128.111,60.0502,-128.134,58.7492,-126.401,58.7301,-126.312,60.0304,20,10,40,15,15,30,A
ch2_cla_l1_20240701T192546911_20240701T192554911.fits,2024-07-01 19:25:46.911000,2024-07-01 19:25:54.911000,-132.735,-29.2884,-132.763,-30.5695,-131.743,-30.5818,-131.728,-29.3005,20,10,40,15,15,30,A
ch2_cla_l1_20240701T164621826_20240701T164629826.fits,2024-07-01 16:46:21.826000,2024-07-01 16:46:29.826000,42.7823,81.3835,43.6057,80.231,48.0234,80.2816,47.7974,81.441,20,10,40,15,15,30,A
ch2_cla_l1_20240701T095355848_20240701T095403848.fits,2024-07-01 09:53:55.848000,2024-07-01 09:54:03.848000,-128.56,-63.2387,-128.656,-64.3923,-126.935,-64.4108,-126.903,-63.2562,20,10,40,15,15,30,A
ch2_cla_l1_20240701T192114911_20240701T192122911.fits,2024-07-01 19:21:14.911000,2024-07-01 19:21:22.911000,-132.472,-15.604,-132.493,-16.9204,-131.537,-16.9318,-131.521,-15.6154,20,10,40,15,15,30,A
ch2_cla_l1_20240701T173301826_20240701T173309826.fits,2024-07-01 17:33:01.826000,2024-07-01 17:33:09.826000,-131.931,-40.9556,-131.968,-42.1994,-130.837,-42.2125,-130.819,-40.9686,20,10,40,15,15,30,A
ch2_cla_l1_20240701T175229826_20240701T175237826.fits,2024-07-01 17:52:29.826000,2024-07-01 17:52:37.826000,50.6463,-77.8158,50.803,-78.8357,53.9074,-78.7999,53.4884,-77.783,20,10,40,15,15,30,A
ch2_cla_l1_20240701T092939848_20240701T092947848.fits,2024-07-01 09:29:39.848000,2024-07-01 09:29:47.848000,-126.661,10.2352,-126.675,8.8759,-125.703,8.8654,-125.684,10.2247,20,10,40,15,15,30,A
ch2_cla_l1_20240701T092507848_20240701T092515848.fits,2024-07-01 09:25:07.848000,2024-07-01 09:25:15.848000,-126.496,23.788,-126.51,22.4258,-125.467,22.4145,-125.443,23.7766,20,10,40,15,15,30,A
ch2_cla_l1_20240701T095011848_20240701T095019848.fits,2024-07-01 09:50:11.848000,2024-07-01 09:50:19.848000,-127.9,-51.7727,-127.952,-52.9727,-126.636,-52.9869,-126.617,-51.7864,20,10,40,15,15,30,A
ch2_cla_l1_20240701T094603848_20240701T094611848.fits,2024-07-01 09:46:03.848000,2024-07-01 09:46:11.848000,-127.483,-39.1593,-127.516,-40.4067,-126.41,-40.4186,-126.395,-39.171,20,10,40,15,15,30,A
ch2_cla_l1_20240701T173653826_20240701T173701826.fits,2024-07-01 17:36:53.826000,2024-07-01 17:37:01.826000,-132.365,-52.7465,-132.422,-53.9467,-131.075,-53.9623,-131.051,-52.7618,20,10,40,15,15,30,A
ch2_cla_l1_20240701T170925826_20240701T170933826.fits,2024-07-01 17:09:25.826000,2024-07-01 17:09:33.826000,-130.747,30.0179,-130.762,28.6673,-129.677,28.6549,-129.648,30.0054,20,10,40,15,15,30,A
ch2_cla_l1_20240701T150753767_20240701T150801767.fits,2024-07-01 15:07:53.767000,2024-07-01 15:08:01.767000,-129.462,44.8003,-129.477,43.4672,-128.192,43.4529,-128.147,44.7856,20,10,40,15,15,30,A
ch2_cla_l1_20240701T150049767_20240701T150057767.fits,2024-07-01 15:00:49.767000,2024-07-01 15:00:57.767000,-129.012,66.0481,-129.046,64.7667,-126.985,64.7436,-126.851,66.024,20,10,40,15,15,30,A
ch2_cla_l1_20240701T114544112_20240701T114552112.fits,2024-07-01 11:45:44.112000,2024-07-01 11:45:52.112000,-128.875,-48.5459,-128.921,-49.7597,-127.673,-49.7734,-127.654,-48.5592,20,10,40,15,15,30,A
ch2_cla_l1_20240701T130629195_20240701T130637195.fits,2024-07-01 13:06:29.195000,2024-07-01 13:06:37.195000,-128.128,59.2477,-128.151,57.9446,-126.453,57.9259,-126.368,59.2283,20,10,40,15,15,30,A
ch2_cla_l1_20240701T105328112_20240701T105336112.fits,2024-07-01 10:53:28.112000,2024-07-01 10:53:36.112000,49.866,71.9089,50.0545,70.783,52.2271,70.8066,52.1739,71.9339,20,10,40,15,15,30,A
ch2_cla_l1_20240701T112824112_20240701T112832112.fits,2024-07-01 11:28:24.112000,2024-07-01 11:28:32.112000,-127.829,3.8148,-127.844,2.4627,-126.891,2.4522,-126.874,3.8043,20,10,40,15,15,30,A
ch2_cla_l1_20240701T094219848_20240701T094227848.fits,2024-07-01 09:42:19.848000,2024-07-01 09:42:27.848000,-127.227,-27.8342,-127.251,-29.1192,-126.242,-29.1301,-126.228,-27.845,20,10,40,15,15,30,A
ch2_cla_l1_20240701T105456112_20240701T105504112.fits,2024-07-01 10:54:56.112000,2024-07-01 10:55:04.112000,48.7638,76.432,49.0962,75.2892,51.988,75.3206,51.9006,76.466,20,10,40,15,15,30,A
ch2_cla_l1_20240701T191138911_20240701T191146911.fits,2024-07-01 19:11:38.911000,2024-07-01 19:11:46.911000,-132.049,13.2002,-132.064,11.8467,-131.089,11.8352,-131.068,13.1887,20,10,40,15,15,30,A
ch2_cla_l1_20240701T184810911_20240701T184818911.fits,2024-07-01 18:48:10.911000,2024-07-01 18:48:18.911000,-129.086,83.7798,-129.499,82.563,-123.277,82.49,-121.695,83.693,20,10,40,15,15,30,A
ch2_cla_l1_20240701T111200112_20240701T111208112.fits,2024-07-01 11:12:00.112000,2024-07-01 11:12:08.112000,-127.18,52.8949,-127.198,51.5738,-125.716,51.5577,-125.655,52.8784,20,10,40,15,15,30,A
ch2_cla_l1_20240701T164445826_20240701T164453826.fits,2024-07-01 16:44:45.826000,2024-07-01 16:44:53.826000,45.3549,76.4718,45.6989,75.3341,48.5783,75.3671,48.4786,76.5075,20,10,40,15,15,30,A
ch2_cla_l1_20240701T091915848_20240701T091923848.fits,2024-07-01 09:19:15.848000,2024-07-01 09:19:23.848000,-126.277,41.3299,-126.29,39.9843,-125.055,39.971,-125.017,41.3164,20,10,40,15,15,30,A
ch2_cla_l1_20240701T153625767_20240701T153633767.fits,2024-07-01 15:36:25.767000,2024-07-01 15:36:33.767000,-130.829,-40.94,-130.866,-42.183,-129.736,-42.1958,-129.719,-40.9526,20,10,40,15,15,30,A
ch2_cla_l1_20240701T090019848_20240701T090027848.fits,2024-07-01 09:00:19.848000,2024-07-01 09:00:27.848000,46.3236,82.5574,47.3748,81.3945,52.4724,81.4491,52.2253,82.6207,20,10,40,15,15,30,A
ch2_cla_l1_20240701T172645826_20240701T172653826.fits,2024-07-01 17:26:45.826000,2024-07-01 17:26:53.826000,-131.493,-21.968,-131.516,-23.2698,-130.537,-23.2811,-130.522,-21.9794,20,10,40,15,15,30,A
ch2_cla_l1_20240701T145425767_20240701T145433767.fits,2024-07-01 14:54:25.767000,2024-07-01 14:54:33.767000,-126.348,85.4367,-126.992,84.2218,-119.048,84.1322,-116.39,85.3241,20,10,40,15,15,30,A
ch2_cla_l1_20240701T140117195_20240701T140125195.fits,2024-07-01 14:01:17.195000,2024-07-01 14:01:25.195000,52.1566,-71.5778,52.2212,-72.5726,54.1426,-72.5514,53.973,-71.5577,20,10,40,15,15,30,A
ch2_cla_l1_20240701T154953767_20240701T155001767.fits,2024-07-01 15:49:53.767000,2024-07-01 15:50:01.767000,-137.178,-82.3316,-138.383,-83.4069,-132.542,-83.473,-132.139,-82.3886,20,10,40,15,15,30,A
ch2_cla_l1_20240701T133237196_20240701T133245196.fits,2024-07-01 13:32:37.196000,2024-07-01 13:32:45.196000,-129.255,-19.0889,-129.276,-20.3981,-128.308,-20.409,-128.294,-19.0997,20,10,40,15,15,30,A
ch2_cla_l1_20240701T100715848_20240701T100723848.fits,2024-07-01 10:07:15.848000,2024-07-01 10:07:23.848000,54.4475,-74.1762,54.5287,-75.174,56.7897,-75.1499,56.5637,-74.1536,20,10,40,15,15,30,A
ch2_cla_l1_20240701T113656112_20240701T113704112.fits,2024-07-01 11:36:56.112000,2024-07-01 11:37:04.112000,-128.209,-21.829,-128.231,-23.1314,-127.253,-23.1421,-127.238,-21.8397,20,10,40,15,15,30,A
ch2_cla_l1_20240701T190834911_20240701T190842911.fits,2024-07-01 19:08:34.911000,2024-07-01 19:08:42.911000,-131.927,22.3775,-131.942,21.0241,-130.919,21.0121,-130.895,22.3654,20,10,40,15,15,30,A
ch2_cla_l1_20240701T132501195_20240701T132509195.fits,2024-07-01 13:25:01.195000,2024-07-01 13:25:09.195000,-128.918,3.7422,-128.934,2.3914,-127.981,2.3807,-127.964,3.7316,20,10,40,15,15,30,A
ch2_cla_l1_20240701T135133196_20240701T135141196.fits,2024-07-01 13:51:33.196000,2024-07-01 13:51:41.196000,-133.001,-76.9328,-133.397,-78.0338,-130.067,-78.0707,-129.939,-76.9667,20,10,40,15,15,30,A
ch2_cla_l1_20240701T113128112_20240701T113136112.fits,2024-07-01 11:31:28.112000,2024-07-01 11:31:36.112000,-127.953,-5.3788,-127.969,-6.7181,-127.024,-6.7285,-127.009,-5.3892,20,10,40,15,15,30,A
ch2_cla_l1_20240701T115000112_20240701T115008112.fits,2024-07-01 11:50:00.112000,2024-07-01 11:50:08.112000,-129.548,-61.6299,-129.637,-62.7922,-127.991,-62.8101,-127.96,-61.6472,20,10,40,15,15,30,A
ch2_cla_l1_20240701T131237196_20240701T131245195.fits,2024-07-01 13:12:37.196000,2024-07-01 13:12:45.195000,-128.443,40.8406,-128.457,39.4986,-127.236,39.4852,-127.198,40.8269,20,10,40,15,15,30,A
ch2_cla_l1_20240701T131357196_20240701T131405196.fits,2024-07-01 13:13:57.196000,2024-07-01 13:14:05.196000,-128.497,36.8487,-128.511,35.5011,-127.346,35.4883,-127.313,36.8357,20,10,40,15,15,30,A
ch2_cla_l1_20240701T152857767_20240701T152905767.fits,2024-07-01 15:28:57.767000,2024-07-01 15:29:05.767000,-130.335,-18.3316,-130.356,-19.6424,-129.391,-19.6534,-129.376,-18.3425,20,10,40,15,15,30,A
ch2_cla_l1_20240701T171029826_20240701T171037826.fits,2024-07-01 17:10:29.826000,2024-07-01 17:10:37.826000,-130.789,26.8263,-130.804,25.4733,-129.747,25.4612,-129.72,26.8141,20,10,40,15,15,30,A
ch2_cla_l1_20240701T151945767_20240701T151953767.fits,2024-07-01 15:19:45.767000,2024-07-01 15:19:53.767000,-129.933,9.2874,-129.948,7.9329,-128.983,7.922,-128.964,9.2764,20,10,40,15,15,30,A
ch2_cla_l1_20240701T165453826_20240701T165501826.fits,2024-07-01 16:54:53.826000,2024-07-01 16:55:01.826000,-129.715,73.7077,-129.783,72.4528,-126.963,72.4207,-126.691,73.6731,20,10,40,15,15,30,A
ch2_cla_l1_20240701T110744112_20240701T110752112.fits,2024-07-01 11:07:44.112000,2024-07-01 11:07:52.112000,-126.897,65.73,-126.927,64.4428,-124.877,64.4206,-124.748,65.7067,20,10,40,15,15,30,A
ch2_cla_l1_20240701T165101826_20240701T165109826.fits,2024-07-01 16:51:01.826000,2024-07-01 16:51:09.826000,-127.257,85.4437,-127.939,84.2312,-120.008,84.14,-117.32,85.3291,20,10,40,15,15,30,A
ch2_cla_l1_20240701T154249767_20240701T154257767.fits,2024-07-01 15:42:49.767000,2024-07-01 15:42:57.767000,-131.693,-60.5134,-131.778,-61.6833,-130.175,-61.7014,-130.145,-60.5309,20,10,40,15,15,30,A
ch2_cla_l1_20240701T093035848_20240701T093043848.fits,2024-07-01 09:30:35.848000,2024-07-01 09:30:43.848000,-126.695,7.4427,-126.71,6.0855,-125.746,6.0751,-125.728,7.4323,20,10,40,15,15,30,A
ch2_cla_l1_20240701T090403848_20240701T090411848.fits,2024-07-01 09:04:03.848000,2024-07-01 09:04:11.848000,-121.886,87.1415,-123.148,85.9274,-112.009,85.8072,-106.42,86.973,20,10,40,15,15,30,A
ch2_cla_l1_20240701T091211848_20240701T091219848.fits,2024-07-01 09:12:11.848000,2024-07-01 09:12:19.848000,-125.913,62.5357,-125.938,61.2367,-124.074,61.2167,-123.971,62.5149,20,10,40,15,15,30,A
ch2_cla_l1_20240701T125245195_20240701T125253195.fits,2024-07-01 12:52:45.195000,2024-07-01 12:52:53.195000,45.9654,80.1604,46.5914,79.0071,50.5159,79.0504,50.354,80.2089,20,10,40,15,15,30,A
ch2_cla_l1_20240701T193818911_20240701T193826911.fits,2024-07-01 19:38:18.911000,2024-07-01 19:38:26.911000,-134.583,-67.5632,-134.729,-68.7082,-132.706,-68.7323,-132.653,-67.5862,20,10,40,15,15,30,A
ch2_cla_l1_20240701T132949195_20240701T132957195.fits,2024-07-01 13:29:49.195000,2024-07-01 13:29:57.195000,-129.12,-10.6597,-129.138,-11.988,-128.19,-11.9986,-128.175,-10.6703,20,10,40,15,15,30,A
ch2_cla_l1_20240701T184314911_20240701T184322911.fits,2024-07-01 18:43:14.911000,2024-07-01 18:43:22.911000,40.8189,82.231,41.8346,81.0789,46.6783,81.1359,46.3896,82.2965,20,10,40,15,15,30,A
ch2_cla_l1_20240701T150225767_20240701T150233767.fits,2024-07-01 15:02:25.767000,2024-07-01 15:02:33.767000,-129.149,61.2247,-129.175,59.9293,-127.393,59.9094,-127.296,61.204,20,10,40,15,15,30,A
ch2_cla_l1_20240701T114728112_20240701T114736112.fits,2024-07-01 11:47:28.112000,2024-07-01 11:47:36.112000,-129.096,-53.8503,-129.154,-55.0437,-127.784,-55.0586,-127.762,-53.8648,20,10,40,15,15,30,A
ch2_cla_l1_20240701T094555848_20240701T094603848.fits,2024-07-01 09:45:55.848000,2024-07-01 09:46:03.848000,-127.473,-38.7538,-127.505,-40.0026,-126.404,-40.0144,-126.389,-38.7654,20,10,40,15,15,30,A
ch2_cla_l1_20240701T131909196_20240701T131917196.fits,2024-07-01 13:19:09.196000,2024-07-01 13:19:17.196000,-128.696,21.2959,-128.71,19.9366,-127.688,19.9253,-127.665,21.2845,20,10,40,15,15,30,A
ch2_cla_l1_20240701T112600112_20240701T112608112.fits,2024-07-01 11:26:00.112000,2024-07-01 11:26:08.112000,-127.738,10.9986,-127.752,9.6401,-126.779,9.6294,-126.76,10.9879,20,10,40,15,15,30,A
ch2_cla_l1_20240701T085619848_20240701T085627848.fits,2024-07-01 08:56:19.848000,2024-07-01 08:56:27.848000,51.2581,70.2573,51.4155,69.1361,53.4084,69.1574,53.3638,70.2798,20,10,40,15,15,30,A
ch2_cla_l1_20240701T125653195_20240701T125701196.fits,2024-07-01 12:56:53.195000,2024-07-01 12:57:01.196000,-120.434,88.2911,-123.682,87.09,-108.641,86.9209,-96.8724,88.0173,20,10,40,15,15,30,A
ch2_cla_l1_20240701T192538911_20240701T192546911.fits,2024-07-01 19:25:38.911000,2024-07-01 19:25:46.911000,-132.727,-28.8851,-132.754,-30.1672,-131.737,-30.1794,-131.721,-28.8971,20,10,40,15,15,30,A
ch2_cla_l1_20240701T130733196_20240701T130741195.fits,2024-07-01 13:07:33.196000,2024-07-01 13:07:41.195000,-128.195,56.0396,-128.215,54.7284,-126.639,54.7111,-126.568,56.0217,20,10,40,15,15,30,A
ch2_cla_l1_20240701T135653195_20240701T135701195.fits,2024-07-01 13:56:53.195000,2024-07-01 13:57:01.195000,55.1429,-85.3478,56.2739,-86.3864,65.9201,-86.2784,62.7025,-85.2636,20,10,40,15,15,30,A
ch2_cla_l1_20240701T175045826_20240701T175053826.fits,2024-07-01 17:50:45.826000,2024-07-01 17:50:53.826000,51.9616,-83.2304,52.4973,-84.2677,58.6562,-84.1962,57.1847,-83.1699,20,10,40,15,15,30,A
ch2_cla_l1_20240701T192906911_20240701T192914911.fits,2024-07-01 19:29:06.911000,2024-07-01 19:29:14.911000,-132.988,-39.3995,-133.024,-40.6489,-131.911,-40.6622,-131.894,-39.4126,20,10,40,15,15,30,A
ch2_cla_l1_20240701T134437196_20240701T134445196.fits,2024-07-01 13:44:37.196000,2024-07-01 13:44:45.196000,-130.286,-55.5587,-130.35,-56.7463,-128.929,-56.7621,-128.905,-55.574,20,10,40,15,15,30,A
ch2_cla_l1_20240701T153801767_20240701T153809767.fits,2024-07-01 15:38:01.767000,2024-07-01 15:38:09.767000,-130.983,-45.8152,-131.026,-47.0408,-129.824,-47.0544,-129.805,-45.8286,20,10,40,15,15,30,A
ch2_cla_l1_20240701T124925195_20240701T124933195.fits,2024-07-01 12:49:25.195000,2024-07-01 12:49:33.195000,49.087,69.8892,49.2413,68.7725,51.1882,68.794,51.1418,69.9118,20,10,40,15,15,30,A
ch2_cla_l1_20240701T114056112_20240701T114104112.fits,2024-07-01 11:40:56.112000,2024-07-01 11:41:04.112000,-128.452,-33.9317,-128.481,-35.1975,-127.427,-35.209,-127.412,-33.9431,20,10,40,15,15,30,A
ch2_cla_l1_20240701T132733196_20240701T132741196.fits,2024-07-01 13:27:33.196000,2024-07-01 13:27:41.196000,-129.021,-3.8524,-129.038,-5.1931,-128.093,-5.2037,-128.077,-3.8629,20,10,40,15,15,30,A
ch2_cla_l1_20240701T134925195_20240701T134933196.fits,2024-07-01 13:49:25.195000,2024-07-01 13:49:33.196000,-131.56,-70.3341,-131.738,-71.463,-129.48,-71.488,-129.422,-70.3577,20,10,40,15,15,30,A
ch2_cla_l1_20240701T153449767_20240701T153457767.fits,2024-07-01 15:34:49.767000,2024-07-01 15:34:57.767000,-130.699,-36.0761,-130.73,-37.3356,-129.655,-37.3478,-129.639,-36.0881,20,10,40,15,15,30,A
ch2_cla_l1_20240701T170253826_20240701T170301826.fits,2024-07-01 17:02:53.826000,2024-07-01 17:03:01.826000,-130.456,49.5952,-130.474,48.2737,-129.09,48.258,-129.036,49.5791,20,10,40,15,15,30,A
ch2_cla_l1_20240701T094635848_20240701T094643848.fits,2024-07-01 09:46:35.848000,2024-07-01 09:46:43.848000,-127.527,-40.7823,-127.561,-42.0239,-126.437,-42.036,-126.421,-40.7942,20,10,40,15,15,30,A
ch2_cla_l1_20240701T164629826_20240701T164637826.fits,2024-07-01 16:46:29.826000,2024-07-01 16:46:37.826000,42.4308,81.7908,43.3343,80.6375,47.9526,80.6905,47.7051,81.8514,20,10,40,15,15,30,A
ch2_cla_l1_20240701T091107848_20240701T091115848.fits,2024-07-01 09:11:07.848000,2024-07-01 09:11:15.848000,-125.83,65.7486,-125.859,64.4591,-123.802,64.4371,-123.673,65.7255,20,10,40,15,15,30,A
ch2_cla_l1_20240701T131541196_20240701T131549196.fits,2024-07-01 13:15:41.196000,2024-07-01 13:15:49.196000,-128.565,31.6625,-128.579,30.3092,-127.474,30.297,-127.445,31.6501,20,10,40,15,15,30,A
ch2_cla_l1_20240701T170701826_20240701T170709826.fits,2024-07-01 17:07:01.826000,2024-07-01 17:07:09.826000,-130.648,37.2026,-130.664,35.8595,-129.499,35.8463,-129.465,37.1891,20,10,40,15,15,30,A
ch2_cla_l1_20240701T191514911_20240701T191522911.fits,2024-07-01 19:15:14.911000,2024-07-01 19:15:22.911000,-132.196,2.418,-132.213,1.0721,-131.266,1.0609,-131.249,2.4068,20,10,40,15,15,30,A
ch2_cla_l1_20240701T130445195_20240701T130453195.fits,2024-07-01 13:04:45.195000,2024-07-01 13:04:53.195000,-127.998,64.4679,-128.028,63.1795,-126.064,63.1578,-125.945,64.4453,20,10,40,15,15,30,A
ch2_cla_l1_20240701T095307848_20240701T095315848.fits,2024-07-01 09:53:07.848000,2024-07-01 09:53:15.848000,-128.378,-60.7753,-128.461,-61.9398,-126.857,-61.957,-126.829,-60.7919,20,10,40,15,15,30,A
ch2_cla_l1_20240701T100339848_20240701T100347848.fits,2024-07-01 10:03:39.848000,2024-07-01 10:03:47.848000,57.1588,-85.4427,58.2663,-86.4769,68.0866,-86.3707,64.8182,-85.3603,20,10,40,15,15,30,A
ch2_cla_l1_20240701T092611848_20240701T092619848.fits,2024-07-01 09:26:11.848000,2024-07-01 09:26:19.848000,-126.535,20.5998,-126.548,19.2371,-125.527,19.2262,-125.505,20.5887,20,10,40,15,15,30,A
ch2_cla_l1_20240701T093003848_20240701T093011848.fits,2024-07-01 09:30:03.848000,2024-07-01 09:30:11.848000,-126.675,9.0388,-126.69,7.6799,-125.721,7.6695,-125.703,9.0282,20,10,40,15,15,30,A
ch2_cla_l1_20240701T090435848_20240701T090443848.fits,2024-07-01 09:04:35.848000,2024-07-01 09:04:43.848000,-123.451,85.5218,-124.027,84.3004,-115.905,84.2131,-113.214,85.4115,20,10,40,15,15,30,A
ch2_cla_l1_20240701T174053826_20240701T174101826.fits,2024-07-01 17:40:53.826000,2024-07-01 17:41:01.826000,-133.181,-65.0371,-133.299,-66.1905,-131.457,-66.2119,-131.415,-65.0575,20,10,40,15,15,30,A
ch2_cla_l1_20240701T113344112_20240701T113352112.fits,2024-07-01 11:33:44.112000,2024-07-01 11:33:52.112000,-128.052,-12.1887,-128.07,-13.5145,-127.119,-13.525,-127.104,-12.1992,20,10,40,15,15,30,A
ch2_cla_l1_20240701T134645195_20240701T134653195.fits,2024-07-01 13:46:45.195000,2024-07-01 13:46:53.195000,-130.696,-62.1117,-130.788,-63.2738,-129.116,-63.2923,-129.084,-62.1296,20,10,40,15,15,30,A
ch2_cla_l1_20240701T120400112_20240701T120408112.fits,2024-07-01 12:04:00.112000,2024-07-01 12:04:08.112000,53.3571,-73.7338,53.4365,-74.7329,55.6385,-74.709,55.4219,-73.7114,20,10,40,15,15,30,A
ch2_cla_l1_20240701T174501826_20240701T174509826.fits,2024-07-01 17:45:01.826000,2024-07-01 17:45:09.826000,-135.619,-77.8011,-136.09,-78.902,-132.499,-78.9435,-132.34,-77.8391,20,10,40,15,15,30,A
ch2_cla_l1_20240701T145649767_20240701T145657767.fits,2024-07-01 14:56:49.767000,2024-07-01 14:56:57.767000,-128.315,78.148,-128.428,76.9058,-124.74,76.8645,-124.255,78.1024,20,10,40,15,15,30,A
ch2_cla_l1_20240701T172429826_20240701T172437826.fits,2024-07-01 17:24:29.826000,2024-07-01 17:24:37.826000,-131.373,-15.1359,-131.393,-16.4537,-130.438,-16.4649,-130.423,-15.1469,20,10,40,15,15,30,A
ch2_cla_l1_20240701T131453195_20240701T131501195.fits,2024-07-01 13:14:53.195000,2024-07-01 13:15:01.195000,-128.534,34.0558,-128.548,32.7049,-127.417,32.6925,-127.386,34.0431,20,10,40,15,15,30,A
ch2_cla_l1_20240701T174949826_20240701T174957826.fits,2024-07-01 17:49:49.826000,2024-07-01 17:49:57.826000,54.1368,-86.1354,56.0282,-87.179,68.2782,-87.0342,63.2655,-86.0288,20,10,40,15,15,30,A
ch2_cla_l1_20240701T110528112_20240701T110536112.fits,2024-07-01 11:05:28.112000,2024-07-01 11:05:36.112000,-126.637,72.5736,-126.689,71.3079,-124.001,71.2787,-123.765,72.5424,20,10,40,15,15,30,A
ch2_cla_l1_20240701T154025767_20240701T154033767.fits,2024-07-01 15:40:25.767000,2024-07-01 15:40:33.767000,-131.275,-53.1505,-131.333,-54.3487,-129.977,-54.3641,-129.955,-53.1654,20,10,40,15,15,30,A
ch2_cla_l1_20240701T190802911_20240701T190810911.fits,2024-07-01 19:08:02.911000,2024-07-01 19:08:10.911000,-131.905,23.9733,-131.92,22.6207,-130.887,22.6087,-130.862,23.9611,20,10,40,15,15,30,A
ch2_cla_l1_20240701T184738911_20240701T184746911.fits,2024-07-01 18:47:38.911000,2024-07-01 18:47:46.911000,-128.171,85.4017,-128.884,84.1914,-121.028,84.0989,-118.354,85.2858,20,10,40,15,15,30,A
ch2_cla_l1_20240701T131101195_20240701T131109195.fits,2024-07-01 13:11:01.195000,2024-07-01 13:11:09.195000,-128.373,45.6343,-128.388,44.3005,-127.084,44.2862,-127.038,45.6197,20,10,40,15,15,30,A
ch2_cla_l1_20240701T110256112_20240701T110304112.fits,2024-07-01 11:02:56.112000,2024-07-01 11:03:04.112000,-126.0,80.2458,-126.146,79.0066,-121.784,78.9592,-121.103,80.1926,20,10,40,15,15,30,A
ch2_cla_l1_20240701T093419848_20240701T093427848.fits,2024-07-01 09:34:19.848000,2024-07-01 09:34:27.848000,-126.84,-3.7417,-126.856,-5.0758,-125.91,-5.086,-125.895,-3.7519,20,10,40,15,15,30,A
ch2_cla_l1_20240701T171245826_20240701T171253826.fits,2024-07-01 17:12:45.826000,2024-07-01 17:12:53.826000,-130.878,20.0454,-130.892,18.6896,-129.882,18.678,-129.859,20.0337,20,10,40,15,15,30,A
ch2_cla_l1_20240701T172413826_20240701T172421826.fits,2024-07-01 17:24:13.826000,2024-07-01 17:24:21.826000,-131.36,-14.3331,-131.38,-15.6527,-130.426,-15.6638,-130.411,-14.3442,20,10,40,15,15,30,A
ch2_cla_l1_20240701T113120112_20240701T113128112.fits,2024-07-01 11:31:20.112000,2024-07-01 11:31:28.112000,-127.947,-4.9786,-127.964,-6.3185,-127.018,-6.3289,-127.003,-4.989,20,10,40,15,15,30,A
ch2_cla_l1_20240701T151505767_20240701T151513767.fits,2024-07-01 15:15:05.767000,2024-07-01 15:15:13.767000,-129.755,23.2484,-129.769,21.8918,-128.736,21.8802,-128.712,23.2367,20,10,40,15,15,30,A
ch2_cla_l1_20240701T151337767_20240701T151345767.fits,2024-07-01 15:13:37.767000,2024-07-01 15:13:45.767000,-129.699,27.6353,-129.713,26.2808,-128.647,26.2688,-128.62,27.6232,20,10,40,15,15,30,A
ch2_cla_l1_20240701T115008112_20240701T115016112.fits,2024-07-01 11:50:08.112000,2024-07-01 11:50:16.112000,-129.578,-62.04,-129.669,-63.2008,-128.004,-63.219,-127.973,-62.0575,20,10,40,15,15,30,A
ch2_cla_l1_20240701T174717826_20240701T174725826.fits,2024-07-01 17:47:17.826000,2024-07-01 17:47:25.826000,-141.926,-84.7957,-144.76,-85.8492,-135.595,-85.9562,-134.595,-84.881,20,10,40,15,15,30,A
ch2_cla_l1_20240701T145033767_20240701T145041767.fits,2024-07-01 14:50:33.767000,2024-07-01 14:50:41.767000,41.1634,83.8356,42.696,82.6781,48.6769,82.7455,48.2796,83.9158,20,10,40,15,15,30,A
ch2_cla_l1_20240701T132509195_20240701T132517195.fits,2024-07-01 13:25:09.195000,2024-07-01 13:25:17.195000,-128.923,3.3429,-128.939,1.9923,-127.987,1.9817,-127.97,3.3322,20,10,40,15,15,30,A
ch2_cla_l1_20240701T184858911_20240701T184906911.fits,2024-07-01 18:48:58.911000,2024-07-01 18:49:06.911000,-129.824,81.3482,-130.05,80.122,-125.285,80.0662,-124.408,81.2847,20,10,40,15,15,30,A
ch2_cla_l1_20240701T090843848_20240701T090851848.fits,2024-07-01 09:08:43.848000,2024-07-01 09:08:51.848000,-125.56,72.993,-125.612,71.7262,-122.861,71.6968,-122.616,72.9615,20,10,40,15,15,30,A
ch2_cla_l1_20240701T133957195_20240701T134005195.fits,2024-07-01 13:39:57.195000,2024-07-01 13:40:05.195000,-129.74,-41.3004,-129.776,-42.5414,-128.642,-42.554,-128.626,-41.3128,20,10,40,15,15,30,A
ch2_cla_l1_20240701T193042911_20240701T193050911.fits,2024-07-01 19:30:42.911000,2024-07-01 19:30:50.911000,-133.139,-44.2696,-133.181,-45.5022,-132.001,-45.5163,-131.982,-44.2834,20,10,40,15,15,30,A
ch2_cla_l1_20240701T131317195_20240701T131325195.fits,2024-07-01 13:13:17.195000,2024-07-01 13:13:25.195000,-128.47,38.8446,-128.485,37.4995,-127.293,37.4864,-127.257,38.8312,20,10,40,15,15,30,A
ch2_cla_l1_20240701T090627848_20240701T090635848.fits,2024-07-01 09:06:27.848000,2024-07-01 09:06:35.848000,-125.021,79.8554,-125.152,78.6125,-120.918,78.5672,-120.286,79.8047,20,10,40,15,15,30,A
ch2_cla_l1_20240701T192650911_20240701T192658911.fits,2024-07-01 19:26:50.911000,2024-07-01 19:26:58.911000,-132.809,-32.5191,-132.839,-33.7905,-131.795,-33.803,-131.779,-32.5315,20,10,40,15,15,30,A
ch2_cla_l1_20240701T132941195_20240701T132949195.fits,2024-07-01 13:29:41.195000,2024-07-01 13:29:49.195000,-129.114,-10.2588,-129.132,-11.5882,-128.184,-11.5988,-128.169,-10.2694,20,10,40,15,15,30,A
ch2_cla_l1_20240701T165109826_20240701T165117826.fits,2024-07-01 16:51:09.826000,2024-07-01 16:51:17.826000,-127.529,85.0383,-128.115,83.824,-120.677,83.7386,-118.354,84.9326,20,10,40,15,15,30,A
ch2_cla_l1_20240701T154241767_20240701T154249767.fits,2024-07-01 15:42:41.767000,2024-07-01 15:42:49.767000,-131.665,-60.1035,-131.748,-61.2751,-130.162,-61.293,-130.132,-60.1209,20,10,40,15,15,30,A
ch2_cla_l1_20240701T090955848_20240701T091003848.fits,2024-07-01 09:09:55.848000,2024-07-01 09:10:03.848000,-125.714,69.368,-125.751,68.0896,-123.406,68.0645,-123.234,69.3415,20,10,40,15,15,30,A
ch2_cla_l1_20240701T110512112_20240701T110520112.fits,2024-07-01 11:05:12.112000,2024-07-01 11:05:20.112000,-126.595,73.3799,-126.651,72.1171,-123.856,72.0868,-123.598,73.3474,20,10,40,15,15,30,A
ch2_cla_l1_20240701T095955848_20240701T100003848.fits,2024-07-01 09:59:55.848000,2024-07-01 10:00:03.848000,-133.165,-81.7921,-134.161,-82.865,-128.798,-82.9224,-128.487,-81.8421,20,10,40,15,15,30,A
ch2_cla_l1_20240701T095059848_20240701T095107848.fits,2024-07-01 09:50:59.848000,2024-07-01 09:51:07.848000,-128.009,-54.2235,-128.067,-55.4144,-126.689,-55.4291,-126.668,-54.2379,20,10,40,15,15,30,A
ch2_cla_l1_20240701T145817767_20240701T145825767.fits,2024-07-01 14:58:17.767000,2024-07-01 14:58:25.767000,-128.675,73.7042,-128.739,72.4468,-125.912,72.4152,-125.642,73.6702,20,10,40,15,15,30,A
ch2_cla_l1_20240701T171021826_20240701T171029826.fits,2024-07-01 17:10:21.826000,2024-07-01 17:10:29.826000,-130.784,27.2252,-130.798,25.8724,-129.738,25.8603,-129.712,27.2129,20,10,40,15,15,30,A
ch2_cla_l1_20240701T093131848_20240701T093139848.fits,2024-07-01 09:31:31.848000,2024-07-01 09:31:39.848000,-126.73,4.649,-126.745,3.2944,-125.788,3.2841,-125.771,4.6387,20,10,40,15,15,30,A
ch2_cla_l1_20240701T133213195_20240701T133221195.fits,2024-07-01 13:32:13.195000,2024-07-01 13:32:21.195000,-129.235,-17.8833,-129.255,-19.1955,-128.291,-19.2062,-128.277,-17.894,20,10,40,15,15,30,A
ch2_cla_l1_20240701T191146911_20240701T191154911.fits,2024-07-01 19:11:46.911000,2024-07-01 19:11:54.911000,-132.054,12.801,-132.07,11.4477,-131.096,11.4362,-131.076,12.7894,20,10,40,15,15,30,A
ch2_cla_l1_20240701T150041767_20240701T150049767.fits,2024-07-01 15:00:41.767000,2024-07-01 15:00:49.767000,-128.999,66.4505,-129.034,65.1703,-126.945,65.1469,-126.807,66.426,20,10,40,15,15,30,A
ch2_cla_l1_20240701T140133196_20240701T140141196.fits,2024-07-01 14:01:33.196000,2024-07-01 14:01:41.196000,52.1076,-70.7398,52.1683,-71.7315,53.9954,-71.711,53.8396,-70.7206,20,10,40,15,15,30,A
ch2_cla_l1_20240701T092723848_20240701T092731848.fits,2024-07-01 09:27:23.848000,2024-07-01 09:27:31.848000,-126.578,17.0133,-126.592,15.6506,-125.591,15.6398,-125.57,17.0024,20,10,40,15,15,30,A
ch2_cla_l1_20240701T153153767_20240701T153201767.fits,2024-07-01 15:31:53.767000,2024-07-01 15:32:01.767000,-130.499,-27.1876,-130.524,-28.4746,-129.519,-28.4861,-129.504,-27.1989,20,10,40,15,15,30,A
ch2_cla_l1_20240701T094427848_20240701T094435848.fits,2024-07-01 09:44:27.848000,2024-07-01 09:44:35.848000,-127.364,-34.2983,-127.393,-35.5626,-126.336,-35.5739,-126.321,-34.3096,20,10,40,15,15,30,A
ch2_cla_l1_20240701T112416112_20240701T112424112.fits,2024-07-01 11:24:16.112000,2024-07-01 11:24:24.112000,-127.674,16.1828,-127.688,14.8221,-126.693,14.8112,-126.672,16.1718,20,10,40,15,15,30,A
ch2_cla_l1_20240701T173309826_20240701T173317826.fits,2024-07-01 17:33:09.826000,2024-07-01 17:33:17.826000,-131.943,-41.3615,-131.98,-42.6037,-130.844,-42.6169,-130.827,-41.3745,20,10,40,15,15,30,A
ch2_cla_l1_20240701T164805826_20240701T164813826.fits,2024-07-01 16:48:05.826000,2024-07-01 16:48:13.826000,31.7143,86.6123,36.3297,85.4748,46.1295,85.5881,44.8564,86.7653,20,10,40,15,15,30,A
ch2_cla_l1_20240701T175221826_20240701T175229826.fits,2024-07-01 17:52:21.826000,2024-07-01 17:52:29.826000,50.7059,-78.233,50.8742,-79.2542,54.1052,-79.2169,53.6539,-78.199,20,10,40,15,15,30,A
ch2_cla_l1_20240701T091259848_20240701T091307848.fits,2024-07-01 09:12:59.848000,2024-07-01 09:13:07.848000,-125.968,60.1283,-125.99,58.8227,-124.244,58.804,-124.155,60.1089,20,10,40,15,15,30,A
ch2_cla_l1_20240701T184450911_20240701T184458911.fits,2024-07-01 18:44:50.911000,2024-07-01 18:44:58.911000,27.702,87.0283,33.601,85.9039,44.4245,86.0322,42.6909,87.2082,20,10,40,15,15,30,A
ch2_cla_l1_20240701T185242911_20240701T185250911.fits,2024-07-01 18:52:42.911000,2024-07-01 18:52:50.911000,-130.954,70.0305,-131.005,68.766,-128.629,68.7383,-128.439,70.0012,20,10,40,15,15,30,A
ch2_cla_l1_20240701T114712112_20240701T114720112.fits,2024-07-01 11:47:12.112000,2024-07-01 11:47:20.112000,-129.058,-53.0335,-129.114,-54.2299,-127.766,-54.2446,-127.744,-53.0478,20,10,40,15,15,30,A
ch2_cla_l1_20240701T170517826_20240701T170525826.fits,2024-07-01 17:05:17.826000,2024-07-01 17:05:25.826000,-130.572,42.3956,-130.588,41.0606,-129.348,41.0465,-129.307,42.3812,20,10,40,15,15,30,A
ch2_cla_l1_20240701T111208112_20240701T111216112.fits,2024-07-01 11:12:08.112000,2024-07-01 11:12:16.112000,-127.187,52.4947,-127.204,51.1724,-125.735,51.1565,-125.674,52.4783,20,10,40,15,15,30,A
ch2_cla_l1_20240701T155137767_20240701T155145767.fits,2024-07-01 15:51:37.767000,2024-07-01 15:51:45.767000,-153.643,-87.5927,-170.319,-88.505,-145.627,-88.8181,-138.125,-87.7741,20,10,40,15,15,30,A
ch2_cla_l1_20240701T155705767_20240701T155713767.fits,2024-07-01 15:57:05.767000,2024-07-01 15:57:13.767000,51.2795,-74.0579,51.3679,-75.0631,53.6424,-75.0374,53.4088,-74.0338,20,10,40,15,15,30,A
ch2_cla_l1_20240701T135933195_20240701T135941195.fits,2024-07-01 13:59:33.195000,2024-07-01 13:59:41.195000,52.6068,-77.0158,52.7346,-78.028,55.5948,-77.9963,55.2413,-76.9866,20,10,40,15,15,30,A
ch2_cla_l1_20240701T094755848_20240701T094803848.fits,2024-07-01 09:47:55.848000,2024-07-01 09:48:03.848000,-127.647,-44.8456,-127.687,-46.0722,-126.505,-46.0849,-126.488,-44.858,20,10,40,15,15,30,A
ch2_cla_l1_20240701T153233767_20240701T153241767.fits,2024-07-01 15:32:33.767000,2024-07-01 15:32:41.767000,-130.541,-29.2046,-130.567,-30.4857,-129.549,-30.4974,-129.534,-29.2161,20,10,40,15,15,30,A
ch2_cla_l1_20240701T100051848_20240701T100059848.fits,2024-07-01 10:00:51.848000,2024-07-01 10:00:59.848000,-136.721,-84.6723,-139.238,-85.7215,-130.461,-85.816,-129.652,-84.7482,20,10,40,15,15,30,A
ch2_cla_l1_20240701T114904112_20240701T114912112.fits,2024-07-01 11:49:04.112000,2024-07-01 11:49:12.112000,-129.358,-58.76,-129.432,-59.9339,-127.906,-59.9506,-127.88,-58.7761,20,10,40,15,15,30,A
ch2_cla_l1_20240701T105320112_20240701T105328112.fits,2024-07-01 10:53:20.112000,2024-07-01 10:53:28.112000,49.9403,71.497,50.1205,70.3726,52.2442,70.3955,52.193,71.5214,20,10,40,15,15,30,A
ch2_cla_l1_20240701T131725196_20240701T131733196.fits,2024-07-01 13:17:25.196000,2024-07-01 13:17:33.196000,-128.631,26.4788,-128.645,25.1215,-127.587,25.1098,-127.561,26.4669,20,10,40,15,15,30,A
ch2_cla_l1_20240701T151353767_20240701T151401767.fits,2024-07-01 15:13:53.767000,2024-07-01 15:14:01.767000,-129.709,26.8376,-129.723,25.4827,-128.664,25.4708,-128.637,26.8256,20,10,40,15,15,30,A
ch2_cla_l1_20240701T130621195_20240701T130629195.fits,2024-07-01 13:06:21.195000,2024-07-01 13:06:29.195000,-128.12,59.6488,-128.143,58.347,-126.427,58.328,-126.34,59.6292,20,10,40,15,15,30,A
ch2_cla_l1_20240701T164613826_20240701T164621826.fits,2024-07-01 16:46:13.826000,2024-07-01 16:46:21.826000,43.102,80.9756,43.8557,79.8241,48.0888,79.8726,47.8811,81.0304,20,10,40,15,15,30,A
ch2_cla_l1_20240701T190930911_20240701T190938911.fits,2024-07-01 19:09:30.911000,2024-07-01 19:09:38.911000,-131.964,19.5847,-131.979,18.2308,-130.973,18.219,-130.95,19.5728,20,10,40,15,15,30,A
ch2_cla_l1_20240701T092947848_20240701T092955848.fits,2024-07-01 09:29:47.848000,2024-07-01 09:29:55.848000,-126.665,9.8365,-126.68,8.4772,-125.709,8.4667,-125.69,9.826,20,10,40,15,15,30,A
ch2_cla_l1_20240701T135925195_20240701T135933195.fits,2024-07-01 13:59:25.195000,2024-07-01 13:59:33.195000,52.6562,-77.4334,52.7926,-78.447,55.7618,-78.4141,55.3831,-77.4033,20,10,40,15,15,30,A
ch2_cla_l1_20240701T155849767_20240701T155856395.fits,2024-07-01 15:58:49.767000,2024-07-01 15:58:56.395000,50.9423,-68.686,50.9896,-69.6025,52.6215,-69.5841,52.5039,-68.6683,20,10,40,15,15,30,A
ch2_cla_l1_20240701T191538911_20240701T191546911.fits,2024-07-01 19:15:38.911000,2024-07-01 19:15:46.911000,-132.213,1.2189,-132.23,-0.1257,-131.285,-0.1369,-131.267,1.2077,20,10,40,15,15,30,A
ch2_cla_l1_20240701T132909196_20240701T132917196.fits,2024-07-01 13:29:09.196000,2024-07-01 13:29:17.196000,-129.09,-8.6562,-129.108,-9.9886,-128.162,-9.9992,-128.146,-8.6667,20,10,40,15,15,30,A
ch2_cla_l1_20240701T111600112_20240701T111608112.fits,2024-07-01 11:16:00.112000,2024-07-01 11:16:08.112000,-127.363,40.9044,-127.377,39.5601,-126.151,39.5468,-126.113,40.8909,20,10,40,15,15,30,A
ch2_cla_l1_20240701T144929767_20240701T144937767.fits,2024-07-01 14:49:29.767000,2024-07-01 14:49:37.767000,44.5426,80.5832,45.2297,79.4306,49.3087,79.4765,49.1257,80.6347,20,10,40,15,15,30,A
ch2_cla_l1_20240701T153225767_20240701T153233767.fits,2024-07-01 15:32:25.767000,2024-07-01 15:32:33.767000,-130.532,-28.8011,-130.559,-30.0833,-129.543,-30.0949,-129.528,-28.8126,20,10,40,15,15,30,A
ch2_cla_l1_20240701T183906911_20240701T183914911.fits,2024-07-01 18:39:06.911000,2024-07-01 18:39:14.911000,45.7836,69.5027,45.9372,68.392,47.834,68.4142,47.7834,69.5262,20,10,40,15,15,30,A
ch2_cla_l1_20240701T125205196_20240701T125213196.fits,2024-07-01 12:52:05.196000,2024-07-01 12:52:13.196000,47.0108,78.1147,47.4449,76.9679,50.725,77.0041,50.6098,78.1544,20,10,40,15,15,30,A
ch2_cla_l1_20240701T131733196_20240701T131741196.fits,2024-07-01 13:17:33.196000,2024-07-01 13:17:41.196000,-128.636,26.0799,-128.65,24.7226,-127.595,24.7109,-127.569,26.0681,20,10,40,15,15,30,A
ch2_cla_l1_20240701T130229195_20240701T130237195.fits,2024-07-01 13:02:29.195000,2024-07-01 13:02:37.195000,-127.753,71.3101,-127.801,70.0428,-125.271,70.0149,-125.062,71.2805,20,10,40,15,15,30,A
ch2_cla_l1_20240701T105728112_20240701T105736112.fits,2024-07-01 10:57:28.112000,2024-07-01 10:57:36.112000,42.9475,84.1823,44.627,83.0205,50.9467,83.0893,50.543,84.2651,20,10,40,15,15,30,A
ch2_cla_l1_20240701T191906911_20240701T191914911.fits,2024-07-01 19:19:06.911000,2024-07-01 19:19:14.911000,-132.367,-9.1863,-132.387,-10.5157,-131.442,-10.5269,-131.426,-9.1976,20,10,40,15,15,30,A
ch2_cla_l1_20240701T130909196_20240701T130917195.fits,2024-07-01 13:09:09.196000,2024-07-01 13:09:17.195000,-128.283,51.2337,-128.301,49.9111,-126.869,49.8953,-126.812,51.2175,20,10,40,15,15,30,A
ch2_cla_l1_20240701T175525826_20240701T175533671.fits,2024-07-01 17:55:25.826000,2024-07-01 17:55:33.671000,49.8874,-68.6237,49.9399,-69.6065,51.5798,-69.5876,51.4515,-68.6056,20,10,40,15,15,30,A
ch2_cla_l1_20240701T085555848_20240701T085603848.fits,2024-07-01 08:55:55.848000,2024-07-01 08:56:03.848000,51.4382,69.0197,51.5775,67.9032,53.4503,67.9232,53.4101,69.0407,20,10,40,15,15,30,A
ch2_cla_l1_20240701T150801767_20240701T150809767.fits,2024-07-01 15:08:01.767000,2024-07-01 15:08:09.767000,-129.468,44.4006,-129.484,43.0668,-128.205,43.0525,-128.161,44.386,20,10,40,15,15,30,A
ch2_cla_l1_20240701T094619848_20240701T094627848.fits,2024-07-01 09:46:19.848000,2024-07-01 09:46:27.848000,-127.505,-39.9705,-127.538,-41.215,-126.423,-41.2271,-126.408,-39.9824,20,10,40,15,15,30,A
ch2_cla_l1_20240701T092107848_20240701T092115848.fits,2024-07-01 09:21:07.848000,2024-07-01 09:21:15.848000,-126.35,35.7451,-126.363,34.3917,-125.206,34.3793,-125.174,35.7325,20,10,40,15,15,30,A
ch2_cla_l1_20240701T094203848_20240701T094211848.fits,2024-07-01 09:42:03.848000,2024-07-01 09:42:11.848000,-127.211,-27.0274,-127.235,-28.3148,-126.231,-28.3257,-126.217,-27.0381,20,10,40,15,15,30,A
ch2_cla_l1_20240701T095411848_20240701T095419848.fits,2024-07-01 09:54:11.848000,2024-07-01 09:54:19.848000,-128.627,-64.0594,-128.73,-65.2107,-126.963,-65.2296,-126.929,-64.0776,20,10,40,15,15,30,A
ch2_cla_l1_20240701T150449767_20240701T150457767.fits,2024-07-01 15:04:49.767000,2024-07-01 15:04:57.767000,-129.306,54.0044,-129.325,52.6905,-127.819,52.6737,-127.754,53.987,20,10,40,15,15,30,A
ch2_cla_l1_20240701T114144112_20240701T114152112.fits,2024-07-01 11:41:44.112000,2024-07-01 11:41:52.112000,-128.51,-36.36,-128.54,-37.6177,-127.464,-37.6295,-127.449,-36.3716,20,10,40,15,15,30,A
ch2_cla_l1_20240701T173253826_20240701T173301826.fits,2024-07-01 17:32:53.826000,2024-07-01 17:33:01.826000,-131.919,-40.55,-131.956,-41.795,-130.829,-41.8081,-130.812,-40.5629,20,10,40,15,15,30,A
ch2_cla_l1_20240701T100811848_20240701T100819848.fits,2024-07-01 10:08:11.848000,2024-07-01 10:08:19.848000,54.2585,-71.2433,54.3172,-72.2321,56.1815,-72.2122,56.0231,-71.2244,20,10,40,15,15,30,A
ch2_cla_l1_20240701T133445195_20240701T133453195.fits,2024-07-01 13:34:45.195000,2024-07-01 13:34:53.195000,-129.372,-25.5285,-129.395,-26.8205,-128.4,-26.8316,-128.385,-25.5395,20,10,40,15,15,30,A
ch2_cla_l1_20240701T192514911_20240701T192522911.fits,2024-07-01 19:25:14.911000,2024-07-01 19:25:22.911000,-132.701,-27.6748,-132.727,-28.9607,-131.718,-28.9727,-131.703,-27.6868,20,10,40,15,15,30,A
ch2_cla_l1_20240701T173701826_20240701T173709826.fits,2024-07-01 17:37:01.826000,2024-07-01 17:37:09.826000,-132.384,-53.1538,-132.443,-54.3576,-131.085,-54.3733,-131.061,-53.1691,20,10,40,15,15,30,A
ch2_cla_l1_20240701T085635848_20240701T085643848.fits,2024-07-01 08:56:35.848000,2024-07-01 08:56:43.848000,51.1256,71.0818,51.2967,69.9573,53.3779,69.9796,53.3303,71.1053,20,10,40,15,15,30,A
ch2_cla_l1_20240701T093435848_20240701T093443848.fits,2024-07-01 09:34:35.848000,2024-07-01 09:34:43.848000,-126.851,-4.5416,-126.868,-5.8831,-125.921,-5.8934,-125.906,-4.5518,20,10,40,15,15,30,A
ch2_cla_l1_20240701T110344112_20240701T110352112.fits,2024-07-01 11:03:44.112000,2024-07-01 11:03:52.112000,-126.281,77.8203,-126.378,76.5725,-122.753,76.5331,-122.299,77.7771,20,10,40,15,15,30,A
ch2_cla_l1_20240701T165501826_20240701T165509826.fits,2024-07-01 16:55:01.826000,2024-07-01 16:55:09.826000,-129.74,73.3041,-129.805,72.0479,-127.043,72.0164,-126.782,73.2703,20,10,40,15,15,30,A
ch2_cla_l1_20240701T154649767_20240701T154657767.fits,2024-07-01 15:46:49.767000,2024-07-01 15:46:57.767000,-133.115,-72.8454,-133.35,-73.9656,-130.781,-73.9947,-130.703,-72.8726,20,10,40,15,15,30,A
ch2_cla_l1_20240701T091611848_20240701T091619848.fits,2024-07-01 09:16:11.848000,2024-07-01 09:16:19.848000,-126.143,50.5176,-126.159,49.1888,-124.738,49.1736,-124.684,50.502,20,10,40,15,15,30,A
ch2_cla_l1_20240701T131557196_20240701T131605195.fits,2024-07-01 13:15:57.196000,2024-07-01 13:16:05.195000,-128.576,30.8649,-128.589,29.5107,-127.492,29.4986,-127.463,30.8527,20,10,40,15,15,30,A
ch2_cla_l1_20240701T090003848_20240701T090011848.fits,2024-07-01 09:00:03.848000,2024-07-01 09:00:11.848000,47.1001,81.7441,47.9638,80.5829,52.6036,80.6325,52.3985,81.8009,20,10,40,15,15,30,A
ch2_cla_l1_20240701T125645195_20240701T125653195.fits,2024-07-01 12:56:45.195000,2024-07-01 12:56:53.195000,-117.978,88.6925,-122.919,87.4964,-105.749,87.3021,-89.5235,88.3513,20,10,40,15,15,30,A
ch2_cla_l1_20240701T184714911_20240701T184722911.fits,2024-07-01 18:47:14.911000,2024-07-01 18:47:22.911000,-126.916,86.6173,-128.141,85.4128,-118.337,85.2971,-113.888,86.4624,20,10,40,15,15,30,A
ch2_cla_l1_20240701T115848112_20240701T115856112.fits,2024-07-01 11:58:48.112000,2024-07-01 11:58:56.112000,165.946,-88.9716,142.169,-89.0588,141.858,-89.6983,-169.497,-88.5866,20,10,40,15,15,30,A
ch2_cla_l1_20240701T171429826_20240701T171437826.fits,2024-07-01 17:14:29.826000,2024-07-01 17:14:37.826000,-130.945,14.8594,-130.96,13.5038,-129.976,13.4925,-129.955,14.848,20,10,40,15,15,30,A
ch2_cla_l1_20240701T165053826_20240701T165101826.fits,2024-07-01 16:50:53.826000,2024-07-01 16:51:01.826000,-126.934,85.8491,-127.738,84.6383,-119.24,84.5405,-116.095,85.7239,20,10,40,15,15,30,A
ch2_cla_l1_20240701T133557196_20240701T133605196.fits,2024-07-01 13:35:57.196000,2024-07-01 13:36:05.196000,-129.444,-29.1583,-129.47,-30.4394,-128.452,-30.4508,-128.438,-29.1695,20,10,40,15,15,30,A
ch2_cla_l1_20240701T113528112_20240701T113536112.fits,2024-07-01 11:35:28.112000,2024-07-01 11:35:36.112000,-128.134,-17.4062,-128.154,-18.7201,-127.191,-18.7307,-127.177,-17.4168,20,10,40,15,15,30,A
ch2_cla_l1_20240701T115400112_20240701T115408112.fits,2024-07-01 11:54:00.112000,2024-07-01 11:54:08.112000,-131.08,-73.9754,-131.34,-75.0873,-128.618,-75.1169,-128.535,-74.0031,20,10,40,15,15,30,A
ch2_cla_l1_20240701T132453195_20240701T132501195.fits,2024-07-01 13:24:53.195000,2024-07-01 13:25:01.195000,-128.913,4.1414,-128.928,2.7903,-127.975,2.7796,-127.958,4.1308,20,10,40,15,15,30,A
ch2_cla_l1_20240701T090419848_20240701T090427848.fits,2024-07-01 09:04:19.848000,2024-07-01 09:04:27.848000,-122.842,86.3317,-123.66,85.1139,-114.268,85.0129,-110.516,86.1985,20,10,40,15,15,30,A
ch2_cla_l1_20240701T172245826_20240701T172253826.fits,2024-07-01 17:22:45.826000,2024-07-01 17:22:53.826000,-131.29,-9.9214,-131.309,-11.2502,-130.362,-11.2612,-130.347,-9.9324,20,10,40,15,15,30,A
ch2_cla_l1_20240701T165949826_20240701T165957826.fits,2024-07-01 16:59:49.826000,2024-07-01 16:59:57.826000,-130.271,58.8145,-130.295,57.515,-128.624,57.496,-128.54,58.7948,20,10,40,15,15,30,A
ch2_cla_l1_20240701T145025767_20240701T145033767.fits,2024-07-01 14:50:25.767000,2024-07-01 14:50:33.767000,41.7661,83.4311,43.1276,82.2735,48.7838,82.3372,48.4297,83.5062,20,10,40,15,15,30,A
ch2_cla_l1_20240701T113256112_20240701T113304112.fits,2024-07-01 11:32:56.112000,2024-07-01 11:33:04.112000,-128.016,-9.7835,-128.034,-11.1146,-127.086,-11.125,-127.071,-9.7939,20,10,40,15,15,30,A
ch2_cla_l1_20240701T100315848_20240701T100323848.fits,2024-07-01 10:03:15.848000,2024-07-01 10:03:23.848000,58.5553,-86.6877,60.908,-87.723,75.645,-87.5608,69.0122,-86.5744,20,10,40,15,15,30,A
ch2_cla_l1_20240701T125533196_20240701T125541195.fits,2024-07-01 12:55:33.196000,2024-07-01 12:55:41.195000,10.8967,88.4354,28.4773,87.414,46.0253,87.6132,40.3505,88.7933,20,10,40,15,15,30,A
ch2_cla_l1_20240701T134029195_20240701T134037195.fits,2024-07-01 13:40:29.195000,2024-07-01 13:40:37.195000,-129.788,-42.9247,-129.826,-44.1599,-128.67,-44.1728,-128.653,-42.9373,20,10,40,15,15,30,A
ch2_cla_l1_20240701T193802911_20240701T193810911.fits,2024-07-01 19:38:02.911000,2024-07-01 19:38:10.911000,-134.487,-66.7414,-134.624,-67.8895,-132.663,-67.9129,-132.614,-66.7637,20,10,40,15,15,30,A
ch2_cla_l1_20240701T152505767_20240701T152513767.fits,2024-07-01 15:25:05.767000,2024-07-01 15:25:13.767000,-130.151,-6.6994,-130.169,-8.0347,-129.225,-8.0454,-129.209,-6.7102,20,10,40,15,15,30,A
ch2_cla_l1_20240701T152337767_20240701T152345767.fits,2024-07-01 15:23:37.767000,2024-07-01 15:23:45.767000,-130.088,-2.2979,-130.105,-3.6399,-129.161,-3.6507,-129.145,-2.3086,20,10,40,15,15,30,A
ch2_cla_l1_20240701T110120112_20240701T110128112.fits,2024-07-01 11:01:20.112000,2024-07-01 11:01:28.112000,-124.657,85.104,-125.172,83.8833,-117.597,83.8008,-115.273,85.0015,20,10,40,15,15,30,A
ch2_cla_l1_20240701T100747848_20240701T100755848.fits,2024-07-01 10:07:47.848000,2024-07-01 10:07:55.848000,54.3327,-72.5009,54.3995,-73.4934,56.4162,-73.4719,56.2333,-72.4806,20,10,40,15,15,30,A
ch2_cla_l1_20240701T171413826_20240701T171421826.fits,2024-07-01 17:14:13.826000,2024-07-01 17:14:21.826000,-130.935,15.6572,-130.949,14.3017,-129.962,14.2903,-129.941,15.6458,20,10,40,15,15,30,A
ch2_cla_l1_20240701T154033767_20240701T154041767.fits,2024-07-01 15:40:33.767000,2024-07-01 15:40:41.767000,-131.295,-53.5586,-131.353,-54.7552,-129.987,-54.7708,-129.964,-53.5737,20,10,40,15,15,30,A
ch2_cla_l1_20240701T134837195_20240701T134845195.fits,2024-07-01 13:48:37.195000,2024-07-01 13:48:45.195000,-131.237,-67.864,-131.379,-69.0029,-129.347,-69.0254,-129.299,-67.8854,20,10,40,15,15,30,A
ch2_cla_l1_20240701T125421195_20240701T125429195.fits,2024-07-01 12:54:21.195000,2024-07-01 12:54:29.195000,40.0065,85.0293,42.2709,83.8715,49.481,83.9514,48.9158,85.1282,20,10,40,15,15,30,A
ch2_cla_l1_20240701T165717826_20240701T165725826.fits,2024-07-01 16:57:17.826000,2024-07-01 16:57:25.826000,-130.055,66.4516,-130.091,65.1738,-128.008,65.15,-127.868,66.4267,20,10,40,15,15,30,A
ch2_cla_l1_20240701T093843848_20240701T093851848.fits,2024-07-01 09:38:43.848000,2024-07-01 09:38:51.848000,-127.035,-16.9667,-127.054,-18.2819,-126.092,-18.2923,-126.078,-16.977,20,10,40,15,15,30,A
ch2_cla_l1_20240701T131509195_20240701T131517195.fits,2024-07-01 13:15:09.195000,2024-07-01 13:15:17.195000,-128.545,33.258,-128.559,31.9062,-127.436,31.8938,-127.406,33.2455,20,10,40,15,15,30,A
ch2_cla_l1_20240701T154817767_20240701T154825767.fits,2024-07-01 15:48:17.767000,2024-07-01 15:48:25.767000,-134.303,-77.3825,-134.735,-78.4834,-131.275,-78.5225,-131.133,-77.4183,20,10,40,15,15,30,A
ch2_cla_l1_20240701T095523848_20240701T095531848.fits,2024-07-01 09:55:23.848000,2024-07-01 09:55:31.848000,-128.988,-67.7612,-129.125,-68.8971,-127.112,-68.9187,-127.068,-67.7817,20,10,40,15,15,30,A
ch2_cla_l1_20240701T134013195_20240701T134021195.fits,2024-07-01 13:40:13.195000,2024-07-01 13:40:21.195000,-129.764,-42.1123,-129.801,-43.3506,-128.656,-43.3633,-128.639,-42.1249,20,10,40,15,15,30,A
ch2_cla_l1_20240701T094331848_20240701T094339848.fits,2024-07-01 09:43:31.848000,2024-07-01 09:43:39.848000,-127.301,-31.4679,-127.328,-32.7415,-126.294,-32.7526,-126.28,-31.4789,20,10,40,15,15,30,A
ch2_cla_l1_20240701T131941195_20240701T131949195.fits,2024-07-01 13:19:41.195000,2024-07-01 13:19:49.195000,-128.716,19.7008,-128.73,18.3419,-127.718,18.3307,-127.696,19.6895,20,10,40,15,15,30,A
ch2_cla_l1_20240701T190042911_20240701T190050911.fits,2024-07-01 19:00:42.911000,2024-07-01 19:00:50.911000,-131.586,45.9395,-131.604,44.613,-130.303,44.5979,-130.256,45.9241,20,10,40,15,15,30,A
ch2_cla_l1_20240701T132317195_20240701T132325195.fits,2024-07-01 13:23:17.195000,2024-07-01 13:23:25.195000,-128.851,8.932,-128.866,7.5763,-127.901,7.5656,-127.882,8.9212,20,10,40,15,15,30,A
ch2_cla_l1_20240701T093627848_20240701T093635848.fits,2024-07-01 09:36:27.848000,2024-07-01 09:36:35.848000,-126.93,-10.1468,-126.948,-11.4777,-125.999,-11.488,-125.984,-10.157,20,10,40,15,15,30,A
ch2_cla_l1_20240701T191650911_20240701T191658911.fits,2024-07-01 19:16:50.911000,2024-07-01 19:16:58.911000,-132.265,-2.3801,-132.282,-3.7201,-131.34,-3.7313,-131.323,-2.3913,20,10,40,15,15,30,A
ch2_cla_l1_20240701T174109826_20240701T174117826.fits,2024-07-01 17:41:09.826000,2024-07-01 17:41:17.826000,-133.263,-65.8584,-133.388,-67.0088,-131.493,-67.0308,-131.449,-65.8794,20,10,40,15,15,30,A
ch2_cla_l1_20240701T145241767_20240701T145249767.fits,2024-07-01 14:52:41.767000,2024-07-01 14:52:49.767000,-53.1277,89.7435,-63.6723,88.8609,-22.189,88.9142,31.7823,89.232,20,10,40,15,15,30,A
ch2_cla_l1_20240701T115616112_20240701T115624112.fits,2024-07-01 11:56:16.112000,2024-07-01 11:56:24.112000,-133.746,-80.9942,-134.579,-82.0737,-129.708,-82.1267,-129.443,-81.041,20,10,40,15,15,30,A
ch2_cla_l1_20240701T184346911_20240701T184354911.fits,2024-07-01 18:43:46.911000,2024-07-01 18:43:54.911000,38.717,83.8531,40.294,82.7,46.26,82.7702,45.8158,83.9366,20,10,40,15,15,30,A
ch2_cla_l1_20240701T172021826_20240701T172029826.fits,2024-07-01 17:20:21.826000,2024-07-01 17:20:29.826000,-131.182,-2.7144,-131.2,-4.055,-130.257,-4.066,-130.24,-2.7254,20,10,40,15,15,30,A
ch2_cla_l1_20240701T113512112_20240701T113520112.fits,2024-07-01 11:35:12.112000,2024-07-01 11:35:20.112000,-128.121,-16.603,-128.141,-17.9188,-127.18,-17.9293,-127.166,-16.6135,20,10,40,15,15,30,A
ch2_cla_l1_20240701T120008112_20240701T120016112.fits,2024-07-01 12:00:08.112000,2024-07-01 12:00:16.112000,56.5411,-85.8298,57.9454,-86.867,68.9674,-86.7453,64.9332,-85.7379,20,10,40,15,15,30,A
ch2_cla_l1_20240701T133757196_20240701T133805196.fits,2024-07-01 13:37:57.196000,2024-07-01 13:38:05.196000,-129.58,-35.2208,-129.61,-36.4825,-128.544,-36.4944,-128.529,-35.2326,20,10,40,15,15,30,A
ch2_cla_l1_20240701T105712112_20240701T105720112.fits,2024-07-01 10:57:12.112000,2024-07-01 10:57:20.112000,44.1912,83.3738,45.5086,82.2121,51.1489,82.2734,50.8304,83.4461,20,10,40,15,15,30,A
ch2_cla_l1_20240701T194242911_20240701T194250911.fits,2024-07-01 19:42:42.911000,2024-07-01 19:42:50.911000,-138.609,-81.1557,-139.54,-82.2415,-134.505,-82.3015,-134.178,-81.2085,20,10,40,15,15,30,A
ch2_cla_l1_20240701T150153767_20240701T150201767.fits,2024-07-01 15:01:53.767000,2024-07-01 15:02:01.767000,-129.107,62.8315,-129.135,61.5408,-127.271,61.52,-127.164,62.8098,20,10,40,15,15,30,A
ch2_cla_l1_20240701T090131848_20240701T090139848.fits,2024-07-01 09:01:31.848000,2024-07-01 09:01:39.848000,38.7875,86.1766,42.3814,85.022,51.3678,85.1188,50.5284,86.3036,20,10,40,15,15,30,A
ch2_cla_l1_20240701T192146911_20240701T192154911.fits,2024-07-01 19:21:46.911000,2024-07-01 19:21:54.911000,-132.5,-17.2105,-132.522,-18.5232,-131.561,-18.5347,-131.545,-17.2219,20,10,40,15,15,30,A
ch2_cla_l1_20240701T153041767_20240701T153049767.fits,2024-07-01 15:30:41.767000,2024-07-01 15:30:49.767000,-130.429,-23.5608,-130.452,-24.8582,-129.466,-24.8694,-129.451,-23.572,20,10,40,15,15,30,A
ch2_cla_l1_20240701T091723848_20240701T091731848.fits,2024-07-01 09:17:23.848000,2024-07-01 09:17:31.848000,-126.198,46.9202,-126.213,45.584,-124.875,45.5697,-124.828,46.9056,20,10,40,15,15,30,A
ch2_cla_l1_20240701T164221826_20240701T164229826.fits,2024-07-01 16:42:21.826000,2024-07-01 16:42:29.826000,46.9734,69.0582,47.1186,67.9476,48.9784,67.9689,48.9317,69.0806,20,10,40,15,15,30,A
ch2_cla_l1_20240701T144913767_20240701T144921767.fits,2024-07-01 14:49:13.767000,2024-07-01 14:49:21.767000,45.0538,79.7659,45.6393,78.6158,49.4122,78.6582,49.2548,79.8131,20,10,40,15,15,30,A
ch2_cla_l1_20240701T092259848_20240701T092307848.fits,2024-07-01 09:22:59.848000,2024-07-01 09:23:07.848000,-126.419,30.1638,-126.432,28.8052,-125.337,28.7934,-125.309,30.1519,20,10,40,15,15,30,A
ch2_cla_l1_20240701T111416112_20240701T111424112.fits,2024-07-01 11:14:16.112000,2024-07-01 11:14:24.112000,-127.288,46.0962,-127.304,44.7609,-125.986,44.7466,-125.94,46.0816,20,10,40,15,15,30,A
ch2_cla_l1_20240701T170309826_20240701T170317826.fits,2024-07-01 17:03:09.826000,2024-07-01 17:03:17.826000,-130.469,48.7947,-130.487,47.4718,-129.122,47.4562,-129.07,48.7788,20,10,40,15,15,30,A
ch2_cla_l1_20240701T150233767_20240701T150241767.fits,2024-07-01 15:02:33.767000,2024-07-01 15:02:41.767000,-129.159,60.8231,-129.184,59.5267,-127.421,59.507,-127.327,60.8026,20,10,40,15,15,30,A
ch2_cla_l1_20240701T105904112_20240701T105912112.fits,2024-07-01 10:59:04.112000,2024-07-01 10:59:12.112000,1.7876,88.6943,26.1479,87.743,46.4263,87.9714,37.3753,89.1489,20,10,40,15,15,30,A
ch2_cla_l1_20240701T114320112_20240701T114328112.fits,2024-07-01 11:43:20.112000,2024-07-01 11:43:28.112000,-128.638,-41.2256,-128.674,-42.4664,-127.542,-42.4787,-127.526,-41.2378,20,10,40,15,15,30,A
ch2_cla_l1_20240701T173517826_20240701T173525826.fits,2024-07-01 17:35:17.826000,2024-07-01 17:35:25.826000,-132.161,-47.8647,-132.208,-49.0839,-130.968,-49.0982,-130.948,-47.8788,20,10,40,15,15,30,A
ch2_cla_l1_20240701T112208112_20240701T112216112.fits,2024-07-01 11:22:08.112000,2024-07-01 11:22:16.112000,-127.596,22.5607,-127.609,21.2001,-126.578,21.1888,-126.554,22.5493,20,10,40,15,15,30,A
ch2_cla_l1_20240701T135709195_20240701T135717195.fits,2024-07-01 13:57:09.195000,2024-07-01 13:57:17.195000,54.5525,-84.5173,55.3348,-85.5537,63.2127,-85.4659,60.9682,-84.446,20,10,40,15,15,30,A
ch2_cla_l1_20240701T085755848_20240701T085803848.fits,2024-07-01 08:57:55.848000,2024-07-01 08:58:03.848000,50.2509,75.1963,50.5289,74.0562,53.1897,74.0847,53.1175,75.227,20,10,40,15,15,30,A
ch2_cla_l1_20240701T193930911_20240701T193938911.fits,2024-07-01 19:39:30.911000,2024-07-01 19:39:38.911000,-135.111,-71.2653,-135.317,-72.3955,-132.938,-72.4238,-132.865,-71.292,20,10,40,15,15,30,A
ch2_cla_l1_20240701T091947848_20240701T091955848.fits,2024-07-01 09:19:47.848000,2024-07-01 09:19:55.848000,-126.298,39.7338,-126.312,38.3856,-125.101,38.3726,-125.064,39.7206,20,10,40,15,15,30,A
ch2_cla_l1_20240701T144705767_20240701T144713767.fits,2024-07-01 14:47:05.767000,2024-07-01 14:47:13.767000,47.3681,73.1993,47.5903,72.0717,49.92,72.0978,49.8548,73.2272,20,10,40,15,15,30,A
ch2_cla_l1_20240701T152353767_20240701T152401767.fits,2024-07-01 15:23:53.767000,2024-07-01 15:24:01.767000,-130.1,-3.0978,-130.117,-4.4388,-129.173,-4.4495,-129.157,-3.1085,20,10,40,15,15,30,A
ch2_cla_l1_20240701T124933195_20240701T124941195.fits,2024-07-01 12:49:33.195000,2024-07-01 12:49:41.195000,49.0233,70.3017,49.1838,69.1834,51.1723,69.2053,51.1245,70.3249,20,10,40,15,15,30,A
ch2_cla_l1_20240701T190538911_20240701T190546911.fits,2024-07-01 19:05:38.911000,2024-07-01 19:05:46.911000,-131.808,31.1561,-131.823,29.8084,-130.73,29.7957,-130.7,31.1432,20,10,40,15,15,30,A
ch2_cla_l1_20240701T133229195_20240701T133237196.fits,2024-07-01 13:32:29.195000,2024-07-01 13:32:37.196000,-129.248,-18.687,-129.269,-19.9972,-128.303,-20.008,-128.288,-18.6977,20,10,40,15,15,30,A
ch2_cla_l1_20240701T125301195_20240701T125309195.fits,2024-07-01 12:53:01.195000,2024-07-01 12:53:09.195000,45.4166,80.9768,46.1558,79.8214,50.4102,79.8684,50.2209,81.0299,20,10,40,15,15,30,A
ch2_cla_l1_20240701T152225767_20240701T152233767.fits,2024-07-01 15:22:25.767000,2024-07-01 15:22:33.767000,-130.039,1.3004,-130.055,-0.0466,-129.107,-0.0574,-129.091,1.2896,20,10,40,15,15,30,A
ch2_cla_l1_20240701T135821196_20240701T135829196.fits,2024-07-01 13:58:21.196000,2024-07-01 13:58:29.196000,53.1979,-80.7711,53.4543,-81.7957,57.6941,-81.7486,56.9645,-80.7293,20,10,40,15,15,30,A
ch2_cla_l1_20240701T110600112_20240701T110608112.fits,2024-07-01 11:06:00.112000,2024-07-01 11:06:08.112000,-126.712,70.9616,-126.756,69.6907,-124.258,69.6636,-124.057,70.9328,20,10,40,15,15,30,A
ch2_cla_l1_20240701T165045826_20240701T165053826.fits,2024-07-01 16:50:45.826000,2024-07-01 16:50:53.826000,-126.539,86.2542,-127.504,85.0455,-118.352,84.9401,-114.621,86.1162,20,10,40,15,15,30,A
ch2_cla_l1_20240701T145929767_20240701T145937767.fits,2024-07-01 14:59:29.767000,2024-07-01 14:59:37.767000,-128.861,70.0746,-128.907,68.8056,-126.514,68.7788,-126.326,70.0462,20,10,40,15,15,30,A
ch2_cla_l1_20240701T095619848_20240701T095627848.fits,2024-07-01 09:56:19.848000,2024-07-01 09:56:27.848000,-129.361,-70.6448,-129.539,-71.7688,-127.261,-71.7932,-127.204,-70.6678,20,10,40,15,15,30,A
ch2_cla_l1_20240701T190906911_20240701T190914911.fits,2024-07-01 19:09:06.911000,2024-07-01 19:09:14.911000,-131.948,20.7817,-131.963,19.4276,-130.951,19.4158,-130.927,20.7697,20,10,40,15,15,30,A
ch2_cla_l1_20240701T151801767_20240701T151809767.fits,2024-07-01 15:18:01.767000,2024-07-01 15:18:09.767000,-129.866,14.4743,-129.881,13.1176,-128.897,13.1064,-128.877,14.4632,20,10,40,15,15,30,A
ch2_cla_l1_20240701T093107848_20240701T093115848.fits,2024-07-01 09:31:07.848000,2024-07-01 09:31:15.848000,-126.715,5.8468,-126.73,4.4909,-125.771,4.4805,-125.753,5.8363,20,10,40,15,15,30,A
ch2_cla_l1_20240701T151449767_20240701T151457767.fits,2024-07-01 15:14:49.767000,2024-07-01 15:14:57.767000,-129.745,24.0459,-129.759,22.6897,-128.721,22.678,-128.696,24.0342,20,10,40,15,15,30,A
ch2_cla_l1_20240701T115144112_20240701T115152112.fits,2024-07-01 11:51:44.112000,2024-07-01 11:51:52.112000,-130.018,-66.9705,-130.148,-68.1115,-128.189,-68.1328,-128.147,-66.9909,20,10,40,15,15,30,A
ch2_cla_l1_20240701T172253826_20240701T172301826.fits,2024-07-01 17:22:53.826000,2024-07-01 17:23:01.826000,-131.296,-10.3223,-131.315,-11.6501,-130.368,-11.6612,-130.353,-10.3333,20,10,40,15,15,30,A
ch2_cla_l1_20240701T140021195_20240701T140029195.fits,2024-07-01 14:00:21.195000,2024-07-01 14:00:29.195000,52.3639,-74.5078,52.454,-75.5119,54.7925,-75.486,54.5488,-74.4837,20,10,40,15,15,30,A
ch2_cla_l1_20240701T095203848_20240701T095211848.fits,2024-07-01 09:52:03.848000,2024-07-01 09:52:11.848000,-128.177,-57.4965,-128.245,-58.6742,-126.767,-58.69,-126.743,-57.5119,20,10,40,15,15,30,A
ch2_cla_l1_20240701T094411848_20240701T094419848.fits,2024-07-01 09:44:11.848000,2024-07-01 09:44:19.848000,-127.346,-33.4893,-127.373,-34.7561,-126.324,-34.7674,-126.31,-33.5005,20,10,40,15,15,30,A
ch2_cla_l1_20240701T120056112_20240701T120104112.fits,2024-07-01 12:00:56.112000,2024-07-01 12:01:04.112000,54.9671,-83.3357,55.4592,-84.3665,61.6568,-84.2989,60.2117,-83.2786,20,10,40,15,15,30,A
ch2_cla_l1_20240701T193514911_20240701T193522911.fits,2024-07-01 19:35:14.911000,2024-07-01 19:35:22.911000,-133.769,-58.1312,-133.846,-59.3132,-132.332,-59.3312,-132.302,-58.1488,20,10,40,15,15,30,A
ch2_cla_l1_20240701T132445195_20240701T132453195.fits,2024-07-01 13:24:45.195000,2024-07-01 13:24:53.195000,-128.908,4.5407,-128.923,3.189,-127.969,3.1784,-127.952,4.5301,20,10,40,15,15,30,A
ch2_cla_l1_20240701T174629826_20240701T174637826.fits,2024-07-01 17:46:29.826000,2024-07-01 17:46:37.826000,-138.392,-82.3354,-139.62,-83.4122,-133.754,-83.4802,-133.334,-82.394,20,10,40,15,15,30,A
ch2_cla_l1_20240701T172701826_20240701T172709826.fits,2024-07-01 17:27:01.826000,2024-07-01 17:27:09.826000,-131.508,-22.7733,-131.531,-24.0726,-130.549,-24.084,-130.534,-22.7846,20,10,40,15,15,30,A
ch2_cla_l1_20240701T090611848_20240701T090619848.fits,2024-07-01 09:06:11.848000,2024-07-01 09:06:19.848000,-124.911,80.664,-125.063,79.4241,-120.527,79.3755,-119.793,80.6092,20,10,40,15,15,30,A
ch2_cla_l1_20240701T091003848_20240701T091011848.fits,2024-07-01 09:10:03.848000,2024-07-01 09:10:11.848000,-125.728,68.9656,-125.765,67.686,-123.456,67.6614,-123.29,68.9395,20,10,40,15,15,30,A
ch2_cla_l1_20240701T092435848_20240701T092443848.fits,2024-07-01 09:24:35.848000,2024-07-01 09:24:43.848000,-126.477,25.3817,-126.49,24.0203,-125.436,24.0089,-125.411,25.3703,20,10,40,15,15,30,A
ch2_cla_l1_20240701T111344112_20240701T111352112.fits,2024-07-01 11:13:44.112000,2024-07-01 11:13:52.112000,-127.264,47.695,-127.28,46.3627,-125.929,46.348,-125.88,47.68,20,10,40,15,15,30,A
ch2_cla_l1_20240701T164501826_20240701T164509826.fits,2024-07-01 16:45:01.826000,2024-07-01 16:45:09.826000,45.0623,77.2926,45.451,76.1521,48.5111,76.1871,48.3997,77.3309,20,10,40,15,15,30,A
ch2_cla_l1_20240701T155649767_20240701T155657767.fits,2024-07-01 15:56:49.767000,2024-07-01 15:56:57.767000,51.3508,-74.894,51.4487,-75.902,53.8668,-75.8747,53.6056,-74.8686,20,10,40,15,15,30,A
ch2_cla_l1_20240701T185714911_20240701T185722911.fits,2024-07-01 18:57:14.911000,2024-07-01 18:57:22.911000,-131.387,56.356,-131.411,55.0526,-129.836,55.0343,-129.762,56.3371,20,10,40,15,15,30,A
ch2_cla_l1_20240701T132557196_20240701T132605196.fits,2024-07-01 13:25:57.196000,2024-07-01 13:26:05.196000,-128.955,0.9456,-128.971,-0.402,-128.023,-0.4126,-128.007,0.935,20,10,40,15,15,30,A
ch2_cla_l1_20240701T114848112_20240701T114856112.fits,2024-07-01 11:48:48.112000,2024-07-01 11:48:56.112000,-129.309,-57.9408,-129.38,-59.1182,-127.884,-59.1345,-127.858,-57.9566,20,10,40,15,15,30,A
ch2_cla_l1_20240701T170429826_20240701T170437826.fits,2024-07-01 17:04:29.826000,2024-07-01 17:04:37.826000,-130.535,44.7942,-130.552,43.4633,-129.269,43.4487,-129.225,44.7793,20,10,40,15,15,30,A
ch2_cla_l1_20240701T114400112_20240701T114408112.fits,2024-07-01 11:44:00.112000,2024-07-01 11:44:08.112000,-128.698,-43.2563,-128.736,-44.4897,-127.576,-44.5024,-127.56,-43.2688,20,10,40,15,15,30,A
ch2_cla_l1_20240701T112528112_20240701T112536112.fits,2024-07-01 11:25:28.112000,2024-07-01 11:25:36.112000,-127.718,12.5939,-127.732,11.2346,-126.753,11.2239,-126.734,12.5831,20,10,40,15,15,30,A
ch2_cla_l1_20240701T133453195_20240701T133501195.fits,2024-07-01 13:34:53.195000,2024-07-01 13:35:01.195000,-129.379,-25.9317,-129.403,-27.2221,-128.405,-27.2333,-128.391,-25.9427,20,10,40,15,15,30,A
ch2_cla_l1_20240701T194738911_20240701T194746911.fits,2024-07-01 19:47:38.911000,2024-07-01 19:47:46.911000,50.6653,-82.3423,51.0979,-83.379,56.4391,-83.3154,55.2865,-82.2873,20,10,40,15,15,30,A
ch2_cla_l1_20240701T164949826_20240701T164957826.fits,2024-07-01 16:49:49.826000,2024-07-01 16:49:57.826000,-114.178,89.0712,-123.36,87.8919,-103.7,87.658,-80.6976,88.6212,20,10,40,15,15,30,A
ch2_cla_l1_20240701T091419848_20240701T091427848.fits,2024-07-01 09:14:19.848000,2024-07-01 09:14:27.848000,-126.048,56.1203,-126.066,54.8045,-124.479,54.7875,-124.408,56.1028,20,10,40,15,15,30,A
ch2_cla_l1_20240701T173245826_20240701T173253826.fits,2024-07-01 17:32:45.826000,2024-07-01 17:32:53.826000,-131.908,-40.1444,-131.943,-41.3908,-130.822,-41.4038,-130.805,-40.1572,20,10,40,15,15,30,A
ch2_cla_l1_20240701T135029195_20240701T135037195.fits,2024-07-01 13:50:29.195000,2024-07-01 13:50:37.195000,-132.139,-73.6316,-132.392,-74.7467,-129.716,-74.7763,-129.633,-73.6593,20,10,40,15,15,30,A
ch2_cla_l1_20240701T192802911_20240701T192810911.fits,2024-07-01 19:28:02.911000,2024-07-01 19:28:10.911000,-132.899,-36.159,-132.932,-37.4188,-131.855,-37.4318,-131.838,-36.1717,20,10,40,15,15,30,A
ch2_cla_l1_20240701T112256112_20240701T112304112.fits,2024-07-01 11:22:56.112000,2024-07-01 11:23:04.112000,-127.625,20.1692,-127.639,18.8081,-126.622,18.797,-126.6,20.158,20,10,40,15,15,30,A
ch2_cla_l1_20240701T111120112_20240701T111128112.fits,2024-07-01 11:11:20.112000,2024-07-01 11:11:28.112000,-127.144,54.8969,-127.163,53.5805,-125.621,53.5637,-125.554,54.8797,20,10,40,15,15,30,A
ch2_cla_l1_20240701T153505767_20240701T153513767.fits,2024-07-01 15:35:05.767000,2024-07-01 15:35:13.767000,-130.719,-36.886,-130.751,-38.1429,-129.668,-38.1552,-129.652,-36.8982,20,10,40,15,15,30,A
ch2_cla_l1_20240701T153337767_20240701T153345767.fits,2024-07-01 15:33:37.767000,2024-07-01 15:33:45.767000,-130.612,-32.4358,-130.64,-33.7069,-129.598,-33.7188,-129.583,-32.4475,20,10,40,15,15,30,A
ch2_cla_l1_20240701T194858911_20240701T194906911.fits,2024-07-01 19:48:58.911000,2024-07-01 19:49:06.911000,49.6945,-78.1782,49.8695,-79.2015,53.0963,-79.1632,52.6398,-78.1433,20,10,40,15,15,30,A
ch2_cla_l1_20240701T125525196_20240701T125533196.fits,2024-07-01 12:55:25.196000,2024-07-01 12:55:33.196000,19.0459,88.1079,31.6116,87.0359,46.8518,87.2077,43.2108,88.3906,20,10,40,15,15,30,A
ch2_cla_l1_20240701T135837195_20240701T135845195.fits,2024-07-01 13:58:37.195000,2024-07-01 13:58:45.195000,53.0303,-79.9374,53.2444,-80.9592,57.0792,-80.9168,56.4727,-79.8994,20,10,40,15,15,30,A
ch2_cla_l1_20240701T170413826_20240701T170421826.fits,2024-07-01 17:04:13.826000,2024-07-01 17:04:21.826000,-130.522,45.5941,-130.539,44.2646,-129.242,44.2499,-129.195,45.5789,20,10,40,15,15,30,A
ch2_cla_l1_20240701T155033767_20240701T155041767.fits,2024-07-01 15:50:33.767000,2024-07-01 15:50:41.767000,-139.862,-84.385,-142.213,-85.4424,-133.873,-85.5373,-133.072,-84.4621,20,10,40,15,15,30,A
ch2_cla_l1_20240701T134421195_20240701T134429196.fits,2024-07-01 13:44:21.195000,2024-07-01 13:44:29.196000,-130.245,-54.7409,-130.306,-55.9321,-128.909,-55.9476,-128.886,-54.756,20,10,40,15,15,30,A
ch2_cla_l1_20240701T164717826_20240701T164725826.fits,2024-07-01 16:47:17.826000,2024-07-01 16:47:25.826000,39.2977,84.2241,41.0466,83.0689,47.3596,83.1415,46.8879,84.3114,20,10,40,15,15,30,A
ch2_cla_l1_20240701T092843848_20240701T092851848.fits,2024-07-01 09:28:43.848000,2024-07-01 09:28:51.848000,-126.626,13.0266,-126.64,11.6655,-125.658,11.6549,-125.638,13.016,20,10,40,15,15,30,A
ch2_cla_l1_20240701T130509195_20240701T130517195.fits,2024-07-01 13:05:09.195000,2024-07-01 13:05:17.195000,-128.032,63.2623,-128.059,61.9703,-126.166,61.9495,-126.057,63.2406,20,10,40,15,15,30,A
ch2_cla_l1_20240701T094523848_20240701T094531848.fits,2024-07-01 09:45:23.848000,2024-07-01 09:45:31.848000,-127.432,-37.1324,-127.462,-38.387,-126.379,-38.3986,-126.364,-37.1439,20,10,40,15,15,30,A
ch2_cla_l1_20240701T135013195_20240701T135021195.fits,2024-07-01 13:50:13.195000,2024-07-01 13:50:21.195000,-131.974,-72.8068,-132.204,-73.9255,-129.649,-73.9537,-129.574,-72.8334,20,10,40,15,15,30,A
ch2_cla_l1_20240701T095331848_20240701T095339848.fits,2024-07-01 09:53:31.848000,2024-07-01 09:53:39.848000,-128.465,-62.0061,-128.555,-63.1656,-126.895,-63.1834,-126.864,-62.0233,20,10,40,15,15,30,A
ch2_cla_l1_20240701T155817767_20240701T155825767.fits,2024-07-01 15:58:17.767000,2024-07-01 15:58:25.767000,51.0263,-70.2906,51.0857,-71.2839,52.8747,-71.2637,52.7244,-70.2715,20,10,40,15,15,30,A
ch2_cla_l1_20240701T191042911_20240701T191050911.fits,2024-07-01 19:10:42.911000,2024-07-01 19:10:50.911000,-132.012,15.9937,-132.027,14.6397,-131.04,14.6281,-131.018,15.982,20,10,40,15,15,30,A
ch2_cla_l1_20240701T133317195_20240701T133325195.fits,2024-07-01 13:33:17.195000,2024-07-01 13:33:25.195000,-129.29,-21.0994,-129.312,-22.4034,-128.336,-22.4143,-128.322,-21.1103,20,10,40,15,15,30,A
ch2_cla_l1_20240701T092627848_20240701T092635848.fits,2024-07-01 09:26:27.848000,2024-07-01 09:26:35.848000,-126.545,19.8029,-126.558,18.4403,-125.542,18.4294,-125.52,19.7918,20,10,40,15,15,30,A
ch2_cla_l1_20240701T190650911_20240701T190658911.fits,2024-07-01 19:06:50.911000,2024-07-01 19:06:58.911000,-131.857,27.5644,-131.872,26.2137,-130.811,26.2014,-130.784,27.5518,20,10,40,15,15,30,A
ch2_cla_l1_20240701T130941195_20240701T130949195.fits,2024-07-01 13:09:41.195000,2024-07-01 13:09:49.195000,-128.31,49.633,-128.327,48.307,-126.935,48.2917,-126.882,49.6173,20,10,40,15,15,30,A
ch2_cla_l1_20240701T173021826_20240701T173029826.fits,2024-07-01 17:30:21.826000,2024-07-01 17:30:29.826000,-131.719,-32.8567,-131.748,-34.127,-130.702,-34.1392,-130.686,-32.8688,20,10,40,15,15,30,A
ch2_cla_l1_20240701T175109826_20240701T175117826.fits,2024-07-01 17:51:09.826000,2024-07-01 17:51:17.826000,51.5062,-81.9827,51.879,-83.016,56.9207,-82.9577,55.8989,-81.9319,20,10,40,15,15,30,A
ch2_cla_l1_20240701T114616112_20240701T114624112.fits,2024-07-01 11:46:16.112000,2024-07-01 11:46:24.112000,-128.938,-50.1766,-128.987,-51.3842,-127.705,-51.3982,-127.686,-50.1903,20,10,40,15,15,30,A
ch2_cla_l1_20240701T185346911_20240701T185354911.fits,2024-07-01 18:53:46.911000,2024-07-01 18:53:54.911000,-131.09,66.8067,-131.13,65.5322,-129.027,65.5077,-128.882,66.7809,20,10,40,15,15,30,A
ch2_cla_l1_20240701T092955848_20240701T093003848.fits,2024-07-01 09:29:55.848000,2024-07-01 09:30:03.848000,-126.67,9.4375,-126.685,8.0788,-125.715,8.0682,-125.697,9.427,20,10,40,15,15,30,A
ch2_cla_l1_20240701T112512112_20240701T112520112.fits,2024-07-01 11:25:12.112000,2024-07-01 11:25:20.112000,-127.708,13.3914,-127.722,12.0319,-126.74,12.0211,-126.72,13.3806,20,10,40,15,15,30,A
ch2_cla_l1_20240701T151153767_20240701T151201767.fits,2024-07-01 15:11:53.767000,2024-07-01 15:12:01.767000,-129.631,32.8209,-129.645,31.4708,-128.53,31.4583,-128.5,32.8082,20,10,40,15,15,30,A
ch2_cla_l1_20240701T194450911_20240701T194458911.fits,2024-07-01 19:44:50.911000,2024-07-01 19:44:58.911000,-157.198,-87.6328,-175.193,-88.5291,-150.232,-88.8706,-141.35,-87.829,20,10,40,15,15,30,A
ch2_cla_l1_20240701T174805826_20240701T174813826.fits,2024-07-01 17:48:05.826000,2024-07-01 17:48:13.826000,-151.643,-87.2048,-163.516,-88.1659,-143.151,-88.4187,-138.204,-87.3643,20,10,40,15,15,30,A
ch2_cla_l1_20240701T165221826_20240701T165229826.fits,2024-07-01 16:52:21.826000,2024-07-01 16:52:29.826000,-128.836,81.3911,-129.051,80.1629,-124.253,80.108,-123.378,81.3285,20,10,40,15,15,30,A
ch2_cla_l1_20240701T091131848_20240701T091139848.fits,2024-07-01 09:11:31.848000,2024-07-01 09:11:39.848000,-125.863,64.5432,-125.89,63.2502,-123.911,63.229,-123.793,64.5211,20,10,40,15,15,30,A
ch2_cla_l1_20240701T193146911_20240701T193154911.fits,2024-07-01 19:31:46.911000,2024-07-01 19:31:54.911000,-133.255,-47.5226,-133.302,-48.7438,-132.067,-48.7585,-132.046,-47.5371,20,10,40,15,15,30,A
ch2_cla_l1_20240701T152041767_20240701T152049767.fits,2024-07-01 15:20:41.767000,2024-07-01 15:20:49.767000,-129.969,6.4931,-129.985,5.1408,-129.028,5.13,-129.01,6.4822,20,10,40,15,15,30,A
ch2_cla_l1_20240701T090723848_20240701T090731848.fits,2024-07-01 09:07:23.848000,2024-07-01 09:07:31.848000,-125.306,77.0272,-125.389,75.7743,-121.941,75.7374,-121.538,76.9869,20,10,40,15,15,30,A
ch2_cla_l1_20240701T093259848_20240701T093307848.fits,2024-07-01 09:32:59.848000,2024-07-01 09:33:07.848000,-126.787,0.2559,-126.802,-1.093,-125.853,-1.1033,-125.837,0.2456,20,10,40,15,15,30,A
ch2_cla_l1_20240701T125117195_20240701T125125195.fits,2024-07-01 12:51:17.195000,2024-07-01 12:51:25.195000,47.8767,75.6532,48.177,74.515,50.9083,74.5451,50.8259,75.6858,20,10,40,15,15,30,A
ch2_cla_l1_20240701T145913767_20240701T145921767.fits,2024-07-01 14:59:13.767000,2024-07-01 14:59:21.767000,-128.825,70.8807,-128.874,69.6142,-126.398,69.5865,-126.196,70.8512,20,10,40,15,15,30,A
ch2_cla_l1_20240701T110416112_20240701T110424112.fits,2024-07-01 11:04:16.112000,2024-07-01 11:04:24.112000,-126.416,76.2046,-126.494,74.9511,-123.228,74.9157,-122.866,76.166,20,10,40,15,15,30,A
ch2_cla_l1_20240701T171309826_20240701T171317826.fits,2024-07-01 17:13:09.826000,2024-07-01 17:13:17.826000,-130.893,18.8488,-130.908,17.4931,-129.904,17.4815,-129.882,18.8372,20,10,40,15,15,30,A
ch2_cla_l1_20240701T151233767_20240701T151241767.fits,2024-07-01 15:12:33.767000,2024-07-01 15:12:41.767000,-129.657,30.8262,-129.671,29.4741,-128.577,29.4618,-128.548,30.8137,20,10,40,15,15,30,A
ch2_cla_l1_20240701T174613826_20240701T174621826.fits,2024-07-01 17:46:13.826000,2024-07-01 17:46:21.826000,-137.669,-81.5121,-138.661,-82.5942,-133.414,-82.655,-133.076,-81.5652,20,10,40,15,15,30,A
ch2_cla_l1_20240701T172517826_20240701T172525826.fits,2024-07-01 17:25:17.826000,2024-07-01 17:25:25.826000,-131.414,-17.5453,-131.435,-18.8578,-130.473,-18.869,-130.458,-17.5564,20,10,40,15,15,30,A
ch2_cla_l1_20240701T113208112_20240701T113216112.fits,2024-07-01 11:32:08.112000,2024-07-01 11:32:16.112000,-127.981,-7.3802,-127.998,-8.7159,-127.052,-8.7263,-127.037,-7.3906,20,10,40,15,15,30,A
ch2_cla_l1_20240701T115320112_20240701T115328112.fits,2024-07-01 11:53:20.112000,2024-07-01 11:53:28.112000,-130.685,-71.9129,-130.891,-73.0335,-128.46,-73.0599,-128.394,-71.9378,20,10,40,15,15,30,A
ch2_cla_l1_20240701T134957196_20240701T135005195.fits,2024-07-01 13:49:57.196000,2024-07-01 13:50:05.195000,-131.824,-71.9824,-132.034,-73.1043,-129.588,-73.1314,-129.519,-72.0079,20,10,40,15,15,30,A
ch2_cla_l1_20240701T132621195_20240701T132629195.fits,2024-07-01 13:26:21.195000,2024-07-01 13:26:29.195000,-128.971,-0.2534,-128.988,-1.5994,-128.041,-1.6099,-128.025,-0.264,20,10,40,15,15,30,A
ch2_cla_l1_20240701T134709195_20240701T134717195.fits,2024-07-01 13:47:09.195000,2024-07-01 13:47:17.195000,-130.793,-63.3434,-130.894,-64.5,-129.158,-64.5193,-129.124,-63.3618,20,10,40,15,15,30,A
ch2_cla_l1_20240701T192930911_20240701T192938911.fits,2024-07-01 19:29:30.911000,2024-07-01 19:29:38.911000,-133.023,-40.6158,-133.061,-41.8613,-131.933,-41.8747,-131.915,-40.6291,20,10,40,15,15,30,A
ch2_cla_l1_20240701T090947848_20240701T090955848.fits,2024-07-01 09:09:47.848000,2024-07-01 09:09:55.848000,-125.699,69.7705,-125.738,68.4933,-123.355,68.4679,-123.176,69.7435,20,10,40,15,15,30,A
ch2_cla_l1_20240701T125933195_20240701T125941195.fits,2024-07-01 12:59:33.195000,2024-07-01 12:59:41.195000,-127.033,80.1942,-127.185,78.9571,-122.853,78.9093,-122.174,80.1405,20,10,40,15,15,30,A
ch2_cla_l1_20240701T130853196_20240701T130901196.fits,2024-07-01 13:08:53.196000,2024-07-01 13:09:01.196000,-128.269,52.034,-128.287,50.7134,-126.834,50.6974,-126.775,52.0176,20,10,40,15,15,30,A
ch2_cla_l1_20240701T145137767_20240701T145145767.fits,2024-07-01 14:51:37.767000,2024-07-01 14:51:45.767000,30.5049,87.0149,36.2201,85.8835,47.0544,86.0064,45.5206,87.1871,20,10,40,15,15,30,A
ch2_cla_l1_20240701T145705767_20240701T145713767.fits,2024-07-01 14:57:05.767000,2024-07-01 14:57:13.767000,-128.397,77.3394,-128.498,76.0944,-125.007,76.0553,-124.578,77.2965,20,10,40,15,15,30,A
ch2_cla_l1_20240701T153353767_20240701T153401767.fits,2024-07-01 15:33:53.767000,2024-07-01 15:34:01.767000,-130.63,-33.2443,-130.659,-34.5129,-129.61,-34.5249,-129.595,-33.2561,20,10,40,15,15,30,A
ch2_cla_l1_20240701T113600112_20240701T113608112.fits,2024-07-01 11:36:00.112000,2024-07-01 11:36:08.112000,-128.161,-19.0136,-128.181,-20.3234,-127.214,-20.3341,-127.199,-19.0242,20,10,40,15,15,30,A
ch2_cla_l1_20240701T151225767_20240701T151233767.fits,2024-07-01 15:12:25.767000,2024-07-01 15:12:33.767000,-129.652,31.225,-129.666,29.8734,-128.568,29.8611,-128.538,31.2125,20,10,40,15,15,30,A
ch2_cla_l1_20240701T115728112_20240701T115736112.fits,2024-07-01 11:57:28.112000,2024-07-01 11:57:36.112000,-137.987,-84.6979,-140.569,-85.7484,-131.706,-85.8455,-130.86,-84.7757,20,10,40,15,15,30,A
ch2_cla_l1_20240701T095555848_20240701T095603848.fits,2024-07-01 09:55:55.848000,2024-07-01 09:56:03.848000,-129.189,-69.4085,-129.347,-70.5376,-127.192,-70.5606,-127.142,-69.4304,20,10,40,15,15,30,A
ch2_cla_l1_20240701T134653195_20240701T134701195.fits,2024-07-01 13:46:53.195000,2024-07-01 13:47:01.195000,-130.727,-62.5221,-130.822,-63.6825,-129.13,-63.7012,-129.097,-62.5401,20,10,40,15,15,30,A
ch2_cla_l1_20240701T193538911_20240701T193546911.fits,2024-07-01 19:35:38.911000,2024-07-01 19:35:46.911000,-133.848,-59.3591,-133.931,-60.5361,-132.37,-60.5547,-132.338,-59.3771,20,10,40,15,15,30,A
ch2_cla_l1_20240701T193906911_20240701T193914911.fits,2024-07-01 19:39:06.911000,2024-07-01 19:39:14.911000,-134.914,-70.0306,-135.096,-71.1658,-132.852,-71.1925,-132.787,-70.056,20,10,40,15,15,30,A
ch2_cla_l1_20240701T135437196_20240701T135445196.fits,2024-07-01 13:54:37.196000,2024-07-01 13:54:45.196000,-144.148,-86.3843,-150.385,-87.3985,-135.995,-87.5622,-133.772,-86.5006,20,10,40,15,15,30,A
ch2_cla_l1_20240701T152801767_20240701T152809767.fits,2024-07-01 15:28:01.767000,2024-07-01 15:28:09.767000,-130.288,-15.5198,-130.308,-16.8373,-129.351,-16.8482,-129.336,-15.5307,20,10,40,15,15,30,A
ch2_cla_l1_20240701T174045826_20240701T174053826.fits,2024-07-01 17:40:45.826000,2024-07-01 17:40:53.826000,-133.143,-64.6265,-133.257,-65.7816,-131.44,-65.8027,-131.399,-64.6467,20,10,40,15,15,30,A
ch2_cla_l1_20240701T154929767_20240701T154937767.fits,2024-07-01 15:49:29.767000,2024-07-01 15:49:37.767000,-136.162,-81.0956,-137.043,-82.1785,-132.078,-82.2346,-131.786,-81.1451,20,10,40,15,15,30,A
ch2_cla_l1_20240701T120144112_20240701T120152112.fits,2024-07-01 12:01:44.112000,2024-07-01 12:01:52.112000,54.2387,-80.8362,54.4899,-81.8587,58.746,-81.8123,58.0171,-80.7951,20,10,40,15,15,30,A
ch2_cla_l1_20240701T125925195_20240701T125933195.fits,2024-07-01 12:59:25.195000,2024-07-01 12:59:33.195000,-126.97,80.5988,-127.135,79.3632,-122.649,79.3137,-121.915,80.543,20,10,40,15,15,30,A
ch2_cla_l1_20240701T115056112_20240701T115104112.fits,2024-07-01 11:50:56.112000,2024-07-01 11:51:04.112000,-129.778,-64.5037,-129.886,-65.6546,-128.089,-65.6742,-128.053,-64.5225,20,10,40,15,15,30,A
ch2_cla_l1_20240701T165629826_20240701T165637826.fits,2024-07-01 16:56:29.826000,2024-07-01 16:56:37.826000,-129.963,68.8679,-130.006,67.5976,-127.732,67.5717,-127.562,68.8406,20,10,40,15,15,30,A
ch2_cla_l1_20240701T152449767_20240701T152457767.fits,2024-07-01 15:24:49.767000,2024-07-01 15:24:57.767000,-130.14,-5.8991,-130.157,-7.2356,-129.214,-7.2463,-129.198,-5.9097,20,10,40,15,15,30,A
ch2_cla_l1_20240701T171253826_20240701T171301826.fits,2024-07-01 17:12:53.826000,2024-07-01 17:13:01.826000,-130.883,19.6464,-130.897,18.2909,-129.89,18.2793,-129.867,19.6347,20,10,40,15,15,30,A
ch2_cla_l1_20240701T095635848_20240701T095643848.fits,2024-07-01 09:56:35.848000,2024-07-01 09:56:43.848000,-129.488,-71.4694,-129.681,-72.59,-127.311,-72.6153,-127.25,-71.4933,20,10,40,15,15,30,A
ch2_cla_l1_20240701T090107848_20240701T090115848.fits,2024-07-01 09:01:07.848000,2024-07-01 09:01:15.848000,42.499,84.9818,44.6922,83.8194,51.8794,83.8966,51.3709,85.0773,20,10,40,15,15,30,A
ch2_cla_l1_20240701T171701826_20240701T171709826.fits,2024-07-01 17:17:01.826000,2024-07-01 17:17:09.826000,-131.045,7.2761,-131.06,5.9245,-130.103,5.9135,-130.084,7.265,20,10,40,15,15,30,A
ch2_cla_l1_20240701T130541196_20240701T130549196.fits,2024-07-01 13:05:41.196000,2024-07-01 13:05:49.196000,-128.072,61.6557,-128.098,60.3593,-126.289,60.3393,-126.191,61.635,20,10,40,15,15,30,A
ch2_cla_l1_20240701T131445195_20240701T131453195.fits,2024-07-01 13:14:45.195000,2024-07-01 13:14:53.195000,-128.529,34.4548,-128.543,33.1042,-127.407,33.0917,-127.376,34.4421,20,10,40,15,15,30,A
ch2_cla_l1_20240701T190514911_20240701T190522911.fits,2024-07-01 19:05:14.911000,2024-07-01 19:05:22.911000,-131.791,32.3536,-131.806,31.0072,-130.701,30.9943,-130.671,32.3406,20,10,40,15,15,30,A
ch2_cla_l1_20240701T094307848_20240701T094315848.fits,2024-07-01 09:43:07.848000,2024-07-01 09:43:15.848000,-127.276,-30.2561,-127.302,-31.5333,-126.277,-31.5444,-126.263,-30.267,20,10,40,15,15,30,A
ch2_cla_l1_20240701T091435848_20240701T091443848.fits,2024-07-01 09:14:35.848000,2024-07-01 09:14:43.848000,-126.062,55.3194,-126.08,54.0016,-124.52,53.9849,-124.452,55.3022,20,10,40,15,15,30,A
ch2_cla_l1_20240701T175053826_20240701T175101826.fits,2024-07-01 17:50:53.826000,2024-07-01 17:51:01.826000,51.7926,-82.8146,52.2637,-83.8507,58.0013,-83.7842,56.7075,-82.7577,20,10,40,15,15,30,A
ch2_cla_l1_20240701T112344112_20240701T112352112.fits,2024-07-01 11:23:44.112000,2024-07-01 11:23:52.112000,-127.654,17.7774,-127.668,16.4164,-126.665,16.4054,-126.644,17.7663,20,10,40,15,15,30,A
ch2_cla_l1_20240701T093611848_20240701T093619848.fits,2024-07-01 09:36:11.848000,2024-07-01 09:36:19.848000,-126.919,-9.3454,-126.936,-10.678,-125.988,-10.6883,-125.973,-9.3557,20,10,40,15,15,30,A
ch2_cla_l1_20240701T105848112_20240701T105856112.fits,2024-07-01 10:58:48.112000,2024-07-01 10:58:56.112000,21.1027,88.0738,33.1776,86.9941,48.2462,87.1609,44.915,88.3466,20,10,40,15,15,30,A
ch2_cla_l1_20240701T092003848_20240701T092011848.fits,2024-07-01 09:20:03.848000,2024-07-01 09:20:11.848000,-126.308,38.936,-126.322,37.5867,-125.123,37.5738,-125.087,38.923,20,10,40,15,15,30,A
ch2_cla_l1_20240701T194714911_20240701T194722911.fits,2024-07-01 19:47:14.911000,2024-07-01 19:47:22.911000,51.1931,-83.5892,51.828,-84.6295,58.4234,-84.5507,56.732,-83.5232,20,10,40,15,15,30,A
ch2_cla_l1_20240701T173429826_20240701T173437826.fits,2024-07-01 17:34:29.826000,2024-07-01 17:34:37.826000,-132.073,-45.4235,-132.116,-46.6514,-130.919,-46.6654,-130.9,-45.4371,20,10,40,15,15,30,A
ch2_cla_l1_20240701T175501826_20240701T175509826.fits,2024-07-01 17:55:01.826000,2024-07-01 17:55:09.826000,49.9541,-69.8727,50.0133,-70.8673,51.7688,-70.847,51.6222,-69.8534,20,10,40,15,15,30,A
ch2_cla_l1_20240701T144649767_20240701T144657767.fits,2024-07-01 14:46:49.767000,2024-07-01 14:46:57.767000,47.5383,72.3756,47.7405,71.251,49.9609,71.276,49.9008,72.4021,20,10,40,15,15,30,A
ch2_cla_l1_20240701T130453195_20240701T130501195.fits,2024-07-01 13:04:53.195000,2024-07-01 13:05:01.195000,-128.01,64.066,-128.038,62.7763,-126.099,62.755,-125.983,64.0437,20,10,40,15,15,30,A
ch2_cla_l1_20240701T111528112_20240701T111536112.fits,2024-07-01 11:15:28.112000,2024-07-01 11:15:36.112000,-127.34,42.5012,-127.355,41.1596,-126.103,41.146,-126.063,42.4874,20,10,40,15,15,30,A
ch2_cla_l1_20240701T155025767_20240701T155033767.fits,2024-07-01 15:50:25.767000,2024-07-01 15:50:33.767000,-139.18,-83.9754,-141.198,-85.0374,-133.519,-85.1246,-132.835,-84.0474,20,10,40,15,15,30,A
ch2_cla_l1_20240701T130101195_20240701T130109195.fits,2024-07-01 13:01:01.195000,2024-07-01 13:01:09.195000,-127.494,75.7478,-127.572,74.4953,-124.402,74.4603,-124.059,75.71,20,10,40,15,15,30,A
ch2_cla_l1_20240701T111256112_20240701T111304112.fits,2024-07-01 11:12:56.112000,2024-07-01 11:13:04.112000,-127.227,50.094,-127.243,48.7667,-125.837,48.7514,-125.783,50.0783,20,10,40,15,15,30,A
ch2_cla_l1_20240701T185738911_20240701T185746911.fits,2024-07-01 18:57:38.911000,2024-07-01 18:57:46.911000,-131.413,55.1526,-131.436,53.846,-129.902,53.8282,-129.831,55.1342,20,10,40,15,15,30,A
ch2_cla_l1_20240701T191802911_20240701T191810911.fits,2024-07-01 19:18:02.911000,2024-07-01 19:18:10.911000,-132.318,-5.9822,-132.337,-7.3169,-131.394,-7.328,-131.378,-5.9933,20,10,40,15,15,30,A
ch2_cla_l1_20240701T105400112_20240701T105408112.fits,2024-07-01 10:54:00.112000,2024-07-01 10:54:08.112000,49.5336,73.5557,49.7613,72.4234,52.1525,72.4494,52.0899,73.5834,20,10,40,15,15,30,A
ch2_cla_l1_20240701T092419848_20240701T092427848.fits,2024-07-01 09:24:19.848000,2024-07-01 09:24:27.848000,-126.468,26.1787,-126.481,24.8176,-125.42,24.8061,-125.395,26.1672,20,10,40,15,15,30,A
ch2_cla_l1_20240701T170245826_20240701T170253826.fits,2024-07-01 17:02:45.826000,2024-07-01 17:02:53.826000,-130.449,49.9955,-130.467,48.675,-129.074,48.6592,-129.019,49.9793,20,10,40,15,15,30,A
ch2_cla_l1_20240701T173413826_20240701T173421826.fits,2024-07-01 17:34:13.826000,2024-07-01 17:34:21.826000,-132.046,-44.6104,-132.087,-45.8414,-130.904,-45.8551,-130.885,-44.6239,20,10,40,15,15,30,A
ch2_cla_l1_20240701T150505767_20240701T150513767.fits,2024-07-01 15:05:05.767000,2024-07-01 15:05:13.767000,-129.321,53.2032,-129.34,51.8874,-127.858,51.8709,-127.795,53.1861,20,10,40,15,15,30,A
ch2_cla_l1_20240701T150337767_20240701T150345767.fits,2024-07-01 15:03:37.767000,2024-07-01 15:03:45.767000,-129.233,57.6125,-129.255,56.3075,-127.626,56.2893,-127.548,57.5936,20,10,40,15,15,30,A
ch2_cla_l1_20240701T114008112_20240701T114016112.fits,2024-07-01 11:40:08.112000,2024-07-01 11:40:16.112000,-128.398,-31.5059,-128.425,-32.7796,-127.391,-32.7909,-127.376,-31.5171,20,10,40,15,15,30,A
ch2_cla_l1_20240701T112120112_20240701T112128112.fits,2024-07-01 11:21:20.112000,2024-07-01 11:21:28.112000,-127.567,24.9522,-127.58,23.5923,-126.531,23.5809,-126.507,24.9406,20,10,40,15,15,30,A
ch2_cla_l1_20240701T135421195_20240701T135429195.fits,2024-07-01 13:54:21.195000,2024-07-01 13:54:29.195000,-141.303,-85.5763,-145.232,-86.6138,-134.126,-86.7386,-132.78,-85.6714,20,10,40,15,15,30,A
ch2_cla_l1_20240701T133509195_20240701T133517195.fits,2024-07-01 13:35:09.195000,2024-07-01 13:35:17.195000,-129.395,-26.7378,-129.419,-28.0261,-128.417,-28.0373,-128.402,-26.7489,20,10,40,15,15,30,A
ch2_cla_l1_20240701T185858911_20240701T185906911.fits,2024-07-01 18:58:58.911000,2024-07-01 18:59:06.911000,-131.494,51.1441,-131.514,49.8284,-130.095,49.8119,-130.037,51.1272,20,10,40,15,15,30,A
ch2_cla_l1_20240701T091843848_20240701T091851848.fits,2024-07-01 09:18:43.848000,2024-07-01 09:18:51.848000,-126.255,42.9265,-126.269,41.5833,-125.007,41.5698,-124.966,42.9127,20,10,40,15,15,30,A
ch2_cla_l1_20240701T192042911_20240701T192050911.fits,2024-07-01 19:20:42.911000,2024-07-01 19:20:50.911000,-132.445,-13.9983,-132.466,-15.3184,-131.513,-15.3297,-131.498,-14.0097,20,10,40,15,15,30,A
ch2_cla_l1_20240701T130317195_20240701T130325195.fits,2024-07-01 13:03:17.195000,2024-07-01 13:03:25.195000,-127.854,68.8931,-127.893,67.6181,-125.604,67.5929,-125.436,68.8665,20,10,40,15,15,30,A
ch2_cla_l1_20240701T091627848_20240701T091635848.fits,2024-07-01 09:16:27.848000,2024-07-01 09:16:35.848000,-126.156,49.7179,-126.171,48.3875,-124.771,48.3725,-124.718,49.7025,20,10,40,15,15,30,A
ch2_cla_l1_20240701T193650911_20240701T193658911.fits,2024-07-01 19:36:50.911000,2024-07-01 19:36:58.911000,-134.127,-63.0469,-134.231,-64.2091,-132.5,-64.2299,-132.462,-63.0668,20,10,40,15,15,30,A
ch2_cla_l1_20240701T125349196_20240701T125357196.fits,2024-07-01 12:53:49.196000,2024-07-01 12:53:57.196000,42.9639,83.4167,44.3082,82.257,49.9671,82.3196,49.63,83.4905,20,10,40,15,15,30,A
ch2_cla_l1_20240701T155241767_20240701T155249767.fits,2024-07-01 15:52:41.767000,2024-07-01 15:52:49.767000,58.66,-87.793,66.2665,-88.8241,90.6217,-88.5146,73.9469,-87.6141,20,10,40,15,15,30,A
ch2_cla_l1_20240701T194346911_20240701T194354911.fits,2024-07-01 19:43:46.911000,2024-07-01 19:43:54.911000,-142.509,-84.4401,-145.014,-85.4995,-136.518,-85.6014,-135.611,-84.5226,20,10,40,15,15,30,A
ch2_cla_l1_20240701T105616112_20240701T105624112.fits,2024-07-01 10:56:16.112000,2024-07-01 10:56:24.112000,46.8755,80.5258,47.5435,79.3697,51.6193,79.414,51.4531,80.5756,20,10,40,15,15,30,A
ch2_cla_l1_20240701T111512112_20240701T111520112.fits,2024-07-01 11:15:12.112000,2024-07-01 11:15:20.112000,-127.329,43.2999,-127.344,41.9595,-126.079,41.9458,-126.037,43.2859,20,10,40,15,15,30,A
ch2_cla_l1_20240701T094059848_20240701T094107848.fits,2024-07-01 09:40:59.848000,2024-07-01 09:41:07.848000,-127.151,-23.8034,-127.173,-25.1007,-126.186,-25.1113,-126.172,-23.814,20,10,40,15,15,30,A
ch2_cla_l1_20240701T085523848_20240701T085531848.fits,2024-07-01 08:55:23.848000,2024-07-01 08:55:31.848000,51.649,67.3679,51.7688,66.2582,53.5011,66.2767,53.4654,67.3873,20,10,40,15,15,30,A
ch2_cla_l1_20240701T144817767_20240701T144825767.fits,2024-07-01 14:48:17.767000,2024-07-01 14:48:25.767000,46.3457,76.8987,46.7081,75.7576,49.686,75.7911,49.5851,76.9351,20,10,40,15,15,30,A
ch2_cla_l1_20240701T170021826_20240701T170029826.fits,2024-07-01 17:00:21.826000,2024-07-01 17:00:29.826000,-130.307,57.2093,-130.33,55.9057,-128.721,55.8874,-128.644,57.1904,20,10,40,15,15,30,A
ch2_cla_l1_20240701T092131848_20240701T092139848.fits,2024-07-01 09:21:31.848000,2024-07-01 09:21:39.848000,-126.365,34.5488,-126.378,33.1941,-125.236,33.1819,-125.204,34.5364,20,10,40,15,15,30,A
ch2_cla_l1_20240701T132213195_20240701T132221195.fits,2024-07-01 13:22:13.195000,2024-07-01 13:22:21.195000,-128.811,12.1239,-128.825,10.7664,-127.849,10.7555,-127.83,12.113,20,10,40,15,15,30,A
ch2_cla_l1_20240701T190146911_20240701T190154911.fits,2024-07-01 19:01:46.911000,2024-07-01 19:01:54.911000,-131.638,42.7399,-131.655,41.4075,-130.412,41.3931,-130.37,42.7252,20,10,40,15,15,30,A
ch2_cla_l1_20240701T151041767_20240701T151049767.fits,2024-07-01 15:10:41.767000,2024-07-01 15:10:49.767000,-129.583,36.4124,-129.597,35.0664,-128.44,35.0535,-128.407,36.3993,20,10,40,15,15,30,A
ch2_cla_l1_20240701T093723848_20240701T093731848.fits,2024-07-01 09:37:23.848000,2024-07-01 09:37:31.848000,-126.972,-12.953,-126.99,-14.2777,-126.037,-14.2881,-126.023,-12.9633,20,10,40,15,15,30,A
ch2_cla_l1_20240701T095427848_20240701T095435848.fits,2024-07-01 09:54:27.848000,2024-07-01 09:54:35.848000,-128.698,-64.8815,-128.807,-66.0288,-126.993,-66.0483,-126.957,-64.9001,20,10,40,15,15,30,A
ch2_cla_l1_20240701T154913767_20240701T154921767.fits,2024-07-01 15:49:13.767000,2024-07-01 15:49:21.767000,-135.627,-80.2708,-136.361,-81.3581,-131.841,-81.4091,-131.599,-80.3163,20,10,40,15,15,30,A
ch2_cla_l1_20240701T152153767_20240701T152201767.fits,2024-07-01 15:21:53.767000,2024-07-01 15:22:01.767000,-130.017,2.8987,-130.033,1.5498,-129.083,1.5391,-129.066,2.8878,20,10,40,15,15,30,A
ch2_cla_l1_20240701T165805826_20240701T165813826.fits,2024-07-01 16:58:05.826000,2024-07-01 16:58:13.826000,-130.133,64.0376,-130.164,62.7526,-128.237,62.7306,-128.12,64.0147,20,10,40,15,15,30,A
ch2_cla_l1_20240701T174221826_20240701T174229826.fits,2024-07-01 17:42:21.826000,2024-07-01 17:42:29.826000,-133.707,-69.559,-133.878,-70.6945,-131.685,-70.7199,-131.626,-69.5831,20,10,40,15,15,30,A
ch2_cla_l1_20240701T100827848_20240701T100835848.fits,2024-07-01 10:08:27.848000,2024-07-01 10:08:35.848000,54.2135,-70.4048,54.2679,-71.3907,56.0421,-71.3717,55.8972,-70.3868,20,10,40,15,15,30,A
ch2_cla_l1_20240701T113416112_20240701T113424112.fits,2024-07-01 11:34:16.112000,2024-07-01 11:34:24.112000,-128.076,-13.793,-128.095,-15.1155,-127.141,-15.126,-127.127,-13.8035,20,10,40,15,15,30,A
ch2_cla_l1_20240701T172309826_20240701T172317826.fits,2024-07-01 17:23:09.826000,2024-07-01 17:23:17.826000,-131.309,-11.1239,-131.328,-12.4503,-130.38,-12.4614,-130.365,-11.1349,20,10,40,15,15,30,A
ch2_cla_l1_20240701T090259848_20240701T090307848.fits,2024-07-01 09:02:59.848000,2024-07-01 09:03:07.848000,-111.159,89.1668,-57.4919,88.9143,-14.5078,88.9136,-38.131,89.786,20,10,40,15,15,30,A
ch2_cla_l1_20240701T185450911_20240701T185458911.fits,2024-07-01 18:54:50.911000,2024-07-01 18:54:58.911000,-131.199,63.5869,-131.232,62.3029,-129.336,62.2809,-129.221,63.5638,20,10,40,15,15,30,A
ch2_cla_l1_20240701T120320112_20240701T120328112.fits,2024-07-01 12:03:20.112000,2024-07-01 12:03:28.112000,53.5308,-75.8256,53.6345,-76.8315,56.2101,-76.8035,55.921,-75.7996,20,10,40,15,15,30,A
ch2_cla_l1_20240701T184242911_20240701T184250911.fits,2024-07-01 18:42:42.911000,2024-07-01 18:42:50.911000,42.1988,80.6006,42.9049,79.4519,46.9707,79.4996,46.7675,80.6542,20,10,40,15,15,30,A
ch2_cla_l1_20240701T115712112_20240701T115720112.fits,2024-07-01 11:57:12.112000,2024-07-01 11:57:20.112000,-136.603,-83.8779,-138.489,-84.9374,-131.008,-85.0191,-130.397,-83.9455,20,10,40,15,15,30,A
ch2_cla_l1_20240701T171517826_20240701T171525826.fits,2024-07-01 17:15:17.826000,2024-07-01 17:15:25.826000,-130.976,12.4652,-130.991,11.1107,-130.017,11.0994,-129.997,12.4539,20,10,40,15,15,30,A
ch2_cla_l1_20240701T110208112_20240701T110216112.fits,2024-07-01 11:02:08.112000,2024-07-01 11:02:16.112000,-125.545,82.674,-125.793,81.4437,-120.276,81.3837,-119.132,82.6041,20,10,40,15,15,30,A
ch2_cla_l1_20240701T154137767_20240701T154145767.fits,2024-07-01 15:41:37.767000,2024-07-01 15:41:45.767000,-131.463,-56.8284,-131.532,-58.0126,-130.068,-58.0292,-130.043,-56.8445,20,10,40,15,15,30,A
ch2_cla_l1_20240701T154705767_20240701T154713767.fits,2024-07-01 15:47:05.767000,2024-07-01 15:47:13.767000,-133.282,-73.6699,-133.541,-74.7867,-130.851,-74.8171,-130.765,-73.6983,20,10,40,15,15,30,A
ch2_cla_l1_20240701T100643848_20240701T100651848.fits,2024-07-01 10:06:43.848000,2024-07-01 10:06:51.848000,54.5862,-75.8501,54.6871,-76.8534,57.2553,-76.8259,56.9696,-75.8246,20,10,40,15,15,30,A
ch2_cla_l1_20240701T095755848_20240701T095803848.fits,2024-07-01 09:57:55.848000,2024-07-01 09:58:03.848000,-130.333,-75.5962,-130.65,-76.6994,-127.643,-76.7315,-127.545,-75.626,20,10,40,15,15,30,A
ch2_cla_l1_20240701T152233767_20240701T152241767.fits,2024-07-01 15:22:33.767000,2024-07-01 15:22:41.767000,-130.044,0.9007,-130.06,-0.4458,-129.113,-0.4566,-129.097,0.8899,20,10,40,15,15,30,A
ch2_cla_l1_20240701T183930911_20240701T183938911.fits,2024-07-01 18:39:30.911000,2024-07-01 18:39:38.911000,45.585,70.741,45.759,69.6257,47.7798,69.6494,47.7234,70.7661,20,10,40,15,15,30,A
ch2_cla_l1_20240701T130725196_20240701T130733196.fits,2024-07-01 13:07:25.196000,2024-07-01 13:07:33.196000,-128.188,56.4403,-128.208,55.1302,-126.618,55.1126,-126.545,56.4222,20,10,40,15,15,30,A
ch2_cla_l1_20240701T150353767_20240701T150401767.fits,2024-07-01 15:03:53.767000,2024-07-01 15:04:01.767000,-129.25,56.8103,-129.271,55.5033,-127.672,55.4854,-127.597,56.7919,20,10,40,15,15,30,A
ch2_cla_l1_20240701T115904112_20240701T115912112.fits,2024-07-01 11:59:04.112000,2024-07-01 11:59:12.112000,100.746,-88.7444,88.2258,-89.4843,178.378,-89.6259,130.482,-89.04,20,10,40,15,15,30,A
ch2_cla_l1_20240701T151953767_20240701T152001767.fits,2024-07-01 15:19:53.767000,2024-07-01 15:20:01.767000,-129.938,8.8882,-129.953,7.5341,-128.99,7.5232,-128.971,8.8773,20,10,40,15,15,30,A
ch2_cla_l1_20240701T165613826_20240701T165621826.fits,2024-07-01 16:56:13.826000,2024-07-01 16:56:21.826000,-129.928,69.6739,-129.975,68.4059,-127.627,68.3792,-127.445,69.6456,20,10,40,15,15,30,A
ch2_cla_l1_20240701T191930911_20240701T191938911.fits,2024-07-01 19:19:30.911000,2024-07-01 19:19:38.911000,-132.386,-10.3887,-132.406,-11.7159,-131.46,-11.7271,-131.444,-10.4,20,10,40,15,15,30,A
ch2_cla_l1_20240701T093947848_20240701T093955848.fits,2024-07-01 09:39:47.848000,2024-07-01 09:39:55.848000,-127.088,-20.1816,-127.108,-21.4885,-126.136,-21.4991,-126.122,-20.1921,20,10,40,15,15,30,A
ch2_cla_l1_20240701T131621195_20240701T131629195.fits,2024-07-01 13:16:21.195000,2024-07-01 13:16:29.195000,-128.591,29.6686,-128.605,28.3136,-127.519,28.3016,-127.491,29.6565,20,10,40,15,15,30,A
ch2_cla_l1_20240701T173421826_20240701T173429826.fits,2024-07-01 17:34:21.826000,2024-07-01 17:34:29.826000,-132.059,-45.017,-132.102,-46.2464,-130.911,-46.2602,-130.893,-45.0306,20,10,40,15,15,30,A
ch2_cla_l1_20240701T114216112_20240701T114224112.fits,2024-07-01 11:42:16.112000,2024-07-01 11:42:24.112000,-128.551,-37.9806,-128.583,-39.2326,-127.489,-39.2446,-127.474,-37.9924,20,10,40,15,15,30,A
ch2_cla_l1_20240701T185746911_20240701T185754911.fits,2024-07-01 18:57:46.911000,2024-07-01 18:57:54.911000,-131.422,54.7513,-131.444,53.4441,-129.923,53.4264,-129.854,54.7332,20,10,40,15,15,30,A
ch2_cla_l1_20240701T175509826_20240701T175517826.fits,2024-07-01 17:55:09.826000,2024-07-01 17:55:17.826000,49.9309,-69.4537,49.9879,-70.4472,51.7033,-70.4274,51.5627,-69.4349,20,10,40,15,15,30,A
ch2_cla_l1_20240701T144641767_20240701T144649767.fits,2024-07-01 14:46:41.767000,2024-07-01 14:46:49.767000,47.6179,71.9636,47.8109,70.8407,49.9803,70.865,49.9226,71.9894,20,10,40,15,15,30,A
ch2_cla_l1_20240701T112112112_20240701T112120112.fits,2024-07-01 11:21:12.112000,2024-07-01 11:21:20.112000,-127.562,25.3507,-127.575,23.9911,-126.523,23.9796,-126.498,25.3391,20,10,40,15,15,30,A
ch2_cla_l1_20240701T135413195_20240701T135421195.fits,2024-07-01 13:54:13.195000,2024-07-01 13:54:21.195000,-140.239,-85.1694,-143.464,-86.2145,-133.505,-86.326,-132.413,-85.2566,20,10,40,15,15,30,A
ch2_cla_l1_20240701T095731848_20240701T095739848.fits,2024-07-01 09:57:31.848000,2024-07-01 09:57:39.848000,-130.034,-74.3577,-130.303,-75.466,-127.526,-75.4956,-127.442,-74.3854,20,10,40,15,15,30,A
ch2_cla_l1_20240701T094123848_20240701T094131848.fits,2024-07-01 09:41:23.848000,2024-07-01 09:41:31.848000,-127.173,-25.0119,-127.196,-26.3055,-126.203,-26.3162,-126.189,-25.0226,20,10,40,15,15,30,A
ch2_cla_l1_20240701T170837826_20240701T170845826.fits,2024-07-01 17:08:37.826000,2024-07-01 17:08:45.826000,-130.715,32.4121,-130.729,31.0637,-129.621,31.051,-129.591,32.3993,20,10,40,15,15,30,A
ch2_cla_l1_20240701T105840112_20240701T105848112.fits,2024-07-01 10:58:40.112000,2024-07-01 10:58:48.112000,26.5321,87.7165,35.5151,86.6081,48.8184,86.7547,46.4722,87.9409,20,10,40,15,15,30,A
ch2_cla_l1_20240701T092227848_20240701T092235848.fits,2024-07-01 09:22:27.848000,2024-07-01 09:22:35.848000,-126.399,31.7582,-126.413,30.4008,-125.301,30.3889,-125.272,31.7462,20,10,40,15,15,30,A
ch2_cla_l1_20240701T190250911_20240701T190258911.fits,2024-07-01 19:02:50.911000,2024-07-01 19:02:58.911000,-131.687,39.5423,-131.703,38.2049,-130.51,38.1911,-130.472,39.5281,20,10,40,15,15,30,A
ch2_cla_l1_20240701T191442911_20240701T191450911.fits,2024-07-01 19:14:42.911000,2024-07-01 19:14:50.911000,-132.174,4.0162,-132.19,2.6688,-131.241,2.6576,-131.223,4.005,20,10,40,15,15,30,A
ch2_cla_l1_20240701T133717195_20240701T133725195.fits,2024-07-01 13:37:17.195000,2024-07-01 13:37:25.195000,-129.532,-33.1981,-129.561,-34.4665,-128.513,-34.4782,-128.498,-33.2096,20,10,40,15,15,30,A
ch2_cla_l1_20240701T164317826_20240701T164325826.fits,2024-07-01 16:43:17.826000,2024-07-01 16:43:25.826000,46.4969,71.9462,46.6918,70.825,48.8541,70.8497,48.7939,71.9724,20,10,40,15,15,30,A
ch2_cla_l1_20240701T105408112_20240701T105416112.fits,2024-07-01 10:54:08.112000,2024-07-01 10:54:16.112000,49.44,73.967,49.6794,72.8333,52.1319,72.8599,52.0664,73.9954,20,10,40,15,15,30,A
ch2_cla_l1_20240701T112936112_20240701T112944112.fits,2024-07-01 11:29:36.112000,2024-07-01 11:29:44.112000,-127.876,0.2197,-127.892,-1.1282,-126.944,-1.1387,-126.927,0.2092,20,10,40,15,15,30,A
ch2_cla_l1_20240701T130109195_20240701T130117195.fits,2024-07-01 13:01:09.195000,2024-07-01 13:01:17.195000,-127.523,75.3442,-127.597,74.0901,-124.5,74.0559,-124.174,75.3072,20,10,40,15,15,30,A
ch2_cla_l1_20240701T111520112_20240701T111528112.fits,2024-07-01 11:15:20.112000,2024-07-01 11:15:28.112000,-127.335,42.9005,-127.349,41.5596,-126.091,41.5459,-126.05,42.8866,20,10,40,15,15,30,A
ch2_cla_l1_20240701T153105767_20240701T153113767.fits,2024-07-01 15:31:05.767000,2024-07-01 15:31:13.767000,-130.452,-24.7692,-130.475,-26.0633,-129.484,-26.0746,-129.469,-24.7804,20,10,40,15,15,30,A
ch2_cla_l1_20240701T153737767_20240701T153745767.fits,2024-07-01 15:37:37.767000,2024-07-01 15:37:45.767000,-130.942,-44.5952,-130.983,-45.8253,-129.801,-45.8388,-129.783,-44.6084,20,10,40,15,15,30,A
ch2_cla_l1_20240701T155433767_20240701T155441767.fits,2024-07-01 15:54:33.767000,2024-07-01 15:54:41.767000,52.4952,-81.9865,52.8528,-83.0174,57.8761,-82.9606,56.8724,-81.9371,20,10,40,15,15,30,A
ch2_cla_l1_20240701T185922911_20240701T185930911.fits,2024-07-01 18:59:22.911000,2024-07-01 18:59:30.911000,-131.516,49.9423,-131.535,48.6241,-130.147,48.608,-130.092,49.9258,20,10,40,15,15,30,A
ch2_cla_l1_20240701T170013826_20240701T170021826.fits,2024-07-01 17:00:13.826000,2024-07-01 17:00:21.826000,-130.298,57.6107,-130.322,56.308,-128.697,56.2895,-128.618,57.5916,20,10,40,15,15,30,A
ch2_cla_l1_20240701T110832112_20240701T110840112.fits,2024-07-01 11:08:32.112000,2024-07-01 11:08:40.112000,-126.963,63.319,-126.99,62.0248,-125.088,62.0042,-124.979,63.2975,20,10,40,15,15,30,A
ch2_cla_l1_20240701T124829196_20240701T124837196.fits,2024-07-01 12:48:29.196000,2024-07-01 12:48:37.196000,49.4718,66.9983,49.5897,65.8927,51.286,65.9114,51.2489,67.0179,20,10,40,15,15,30,A
ch2_cla_l1_20240701T152809767_20240701T152817767.fits,2024-07-01 15:28:09.767000,2024-07-01 15:28:17.767000,-130.294,-15.9213,-130.315,-17.2379,-129.357,-17.2488,-129.342,-15.9322,20,10,40,15,15,30,A
ch2_cla_l1_20240701T145537767_20240701T145545767.fits,2024-07-01 14:55:37.767000,2024-07-01 14:55:45.767000,-127.756,81.7899,-127.979,80.561,-122.977,80.5048,-122.032,81.7256,20,10,40,15,15,30,A
ch2_cla_l1_20240701T145305767_20240701T145313767.fits,2024-07-01 14:53:05.767000,2024-07-01 14:53:13.767000,-102.799,89.4478,-121.068,88.2871,-97.7829,88.0112,-64.7379,88.8492,20,10,40,15,15,30,A
ch2_cla_l1_20240701T154921767_20240701T154929767.fits,2024-07-01 15:49:21.767000,2024-07-01 15:49:29.767000,-135.883,-80.6833,-136.685,-81.7683,-131.954,-81.8218,-131.688,-80.7307,20,10,40,15,15,30,A
ch2_cla_l1_20240701T174213826_20240701T174221826.fits,2024-07-01 17:42:13.826000,2024-07-01 17:42:21.826000,-133.65,-69.1475,-133.815,-70.2847,-131.661,-70.3096,-131.604,-69.1712,20,10,40,15,15,30,A
ch2_cla_l1_20240701T151633767_20240701T151641767.fits,2024-07-01 15:16:33.767000,2024-07-01 15:16:41.767000,-129.81,18.8619,-129.824,17.5044,-128.82,17.4931,-128.797,18.8505,20,10,40,15,15,30,A
ch2_cla_l1_20240701T131805195_20240701T131813195.fits,2024-07-01 13:18:05.195000,2024-07-01 13:18:13.195000,-128.656,24.4853,-128.67,23.1272,-127.627,23.1157,-127.602,24.4736,20,10,40,15,15,30,A
ch2_cla_l1_20240701T085851848_20240701T085859848.fits,2024-07-01 08:58:51.848000,2024-07-01 08:58:59.848000,49.2917,78.0677,49.7162,76.9174,52.9996,76.9525,52.894,78.1062,20,10,40,15,15,30,A
ch2_cla_l1_20240701T130901196_20240701T130909196.fits,2024-07-01 13:09:01.196000,2024-07-01 13:09:09.196000,-128.276,51.6338,-128.294,50.3124,-126.852,50.2965,-126.794,51.6176,20,10,40,15,15,30,A
ch2_cla_l1_20240701T113608112_20240701T113616112.fits,2024-07-01 11:36:08.112000,2024-07-01 11:36:16.112000,-128.167,-19.4157,-128.188,-20.7245,-127.219,-20.7351,-127.205,-19.4262,20,10,40,15,15,30,A
ch2_cla_l1_20240701T172117826_20240701T172125826.fits,2024-07-01 17:21:17.826000,2024-07-01 17:21:25.826000,-131.223,-5.5154,-131.241,-6.852,-130.298,-6.8629,-130.282,-5.5264,20,10,40,15,15,30,A
ch2_cla_l1_20240701T115720112_20240701T115728112.fits,2024-07-01 11:57:20.112000,2024-07-01 11:57:28.112000,-137.245,-84.2883,-139.439,-85.3436,-131.326,-85.4324,-130.612,-84.3606,20,10,40,15,15,30,A
ch2_cla_l1_20240701T120312112_20240701T120320112.fits,2024-07-01 12:03:12.112000,2024-07-01 12:03:20.112000,53.5713,-76.2437,53.6814,-77.2508,56.3465,-77.2219,56.0386,-76.2169,20,10,40,15,15,30,A
ch2_cla_l1_20240701T093659848_20240701T093707848.fits,2024-07-01 09:36:59.848000,2024-07-01 09:37:07.848000,-126.954,-11.75,-126.972,-13.0776,-126.021,-13.0879,-126.006,-11.7603,20,10,40,15,15,30,A
ch2_cla_l1_20240701T171709826_20240701T171717826.fits,2024-07-01 17:17:09.826000,2024-07-01 17:17:17.826000,-131.05,6.8769,-131.066,5.5256,-130.109,5.5146,-130.091,6.8658,20,10,40,15,15,30,A
ch2_cla_l1_20240701T110016112_20240701T110024112.fits,2024-07-01 11:00:16.112000,2024-07-01 11:00:24.112000,-119.492,88.3412,-122.738,87.1379,-107.413,86.9683,-95.2543,88.0638,20,10,40,15,15,30,A
ch2_cla_l1_20240701T172933826_20240701T172941826.fits,2024-07-01 17:29:33.826000,2024-07-01 17:29:41.826000,-131.664,-30.4327,-131.691,-31.7104,-130.664,-31.7224,-130.649,-30.4446,20,10,40,15,15,30,A
ch2_cla_l1_20240701T151553767_20240701T151601767.fits,2024-07-01 15:15:53.767000,2024-07-01 15:16:01.767000,-129.785,20.8558,-129.799,19.4986,-128.783,19.4871,-128.76,20.8442,20,10,40,15,15,30,A
ch2_cla_l1_20240701T194050911_20240701T194058911.fits,2024-07-01 19:40:50.911000,2024-07-01 19:40:58.911000,-136.0,-75.3848,-136.336,-76.4979,-133.325,-76.5337,-133.208,-75.418,20,10,40,15,15,30,A
ch2_cla_l1_20240701T165621826_20240701T165629826.fits,2024-07-01 16:56:21.826000,2024-07-01 16:56:29.826000,-129.946,69.2709,-129.991,68.0017,-127.68,67.9753,-127.505,69.243,20,10,40,15,15,30,A
ch2_cla_l1_20240701T152441767_20240701T152449767.fits,2024-07-01 15:24:41.767000,2024-07-01 15:24:49.767000,-130.134,-5.4986,-130.151,-6.836,-129.208,-6.8467,-129.192,-5.5094,20,10,40,15,15,30,A
ch2_cla_l1_20240701T090323848_20240701T090331848.fits,2024-07-01 09:03:23.848000,2024-07-01 09:03:31.848000,-111.541,89.1524,-120.102,87.9599,-99.5018,87.7317,-75.0498,88.6963,20,10,40,15,15,30,A
ch2_cla_l1_20240701T091531848_20240701T091539848.fits,2024-07-01 09:15:31.848000,2024-07-01 09:15:39.848000,-126.111,52.5175,-126.128,51.193,-124.653,51.1773,-124.594,52.5013,20,10,40,15,15,30,A
ch2_cla_l1_20240701T131613195_20240701T131621195.fits,2024-07-01 13:16:13.195000,2024-07-01 13:16:21.195000,-128.586,30.0674,-128.6,28.7127,-127.51,28.7007,-127.482,30.0552,20,10,40,15,15,30,A
ch2_cla_l1_20240701T193546911_20240701T193554911.fits,2024-07-01 19:35:46.911000,2024-07-01 19:35:54.911000,-133.876,-59.7685,-133.961,-60.944,-132.383,-60.9628,-132.351,-59.7867,20,10,40,15,15,30,A
ch2_cla_l1_20240701T193114911_20240701T193122911.fits,2024-07-01 19:31:14.911000,2024-07-01 19:31:22.911000,-133.195,-45.8954,-133.24,-47.1223,-132.034,-47.1367,-132.014,-45.9095,20,10,40,15,15,30,A
ch2_cla_l1_20240701T120328112_20240701T120336112.fits,2024-07-01 12:03:28.112000,2024-07-01 12:03:36.112000,53.4924,-75.4075,53.5906,-76.4119,56.0821,-76.3848,55.81,-75.3823,20,10,40,15,15,30,A
ch2_cla_l1_20240701T094355848_20240701T094403848.fits,2024-07-01 09:43:55.848000,2024-07-01 09:44:03.848000,-127.328,-32.6805,-127.355,-33.95,-126.312,-33.9612,-126.298,-32.6916,20,10,40,15,15,30,A
ch2_cla_l1_20240701T174229826_20240701T174237826.fits,2024-07-01 17:42:29.826000,2024-07-01 17:42:37.826000,-133.766,-69.9705,-133.944,-71.1044,-131.71,-71.1303,-131.649,-69.995,20,10,40,15,15,30,A
ch2_cla_l1_20240701T093939848_20240701T093947848.fits,2024-07-01 09:39:39.848000,2024-07-01 09:39:47.848000,-127.081,-19.7796,-127.101,-21.0876,-126.131,-21.0981,-126.117,-19.7901,20,10,40,15,15,30,A
ch2_cla_l1_20240701T172301826_20240701T172309826.fits,2024-07-01 17:23:01.826000,2024-07-01 17:23:09.826000,-131.302,-10.7231,-131.321,-12.0501,-130.374,-12.0612,-130.359,-10.7341,20,10,40,15,15,30,A
ch2_cla_l1_20240701T093507848_20240701T093515848.fits,2024-07-01 09:35:07.848000,2024-07-01 09:35:15.848000,-126.873,-6.1423,-126.89,-7.4808,-125.944,-7.491,-125.929,-6.1525,20,10,40,15,15,30,A
ch2_cla_l1_20240701T134813196_20240701T134821195.fits,2024-07-01 13:48:13.196000,2024-07-01 13:48:21.195000,-131.1,-66.63,-131.228,-67.7739,-129.289,-67.7953,-129.246,-66.6506,20,10,40,15,15,30,A
ch2_cla_l1_20240701T172653826_20240701T172701826.fits,2024-07-01 17:26:53.826000,2024-07-01 17:27:01.826000,-131.5,-22.3707,-131.524,-23.6712,-130.543,-23.6826,-130.528,-22.382,20,10,40,15,15,30,A
ch2_cla_l1_20240701T171925826_20240701T171933826.fits,2024-07-01 17:19:25.826000,2024-07-01 17:19:33.826000,-131.143,0.0848,-131.159,-1.2595,-130.215,-1.2705,-130.198,0.0739,20,10,40,15,15,30,A
ch2_cla_l1_20240701T151753767_20240701T151801767.fits,2024-07-01 15:17:53.767000,2024-07-01 15:18:01.767000,-129.861,14.8733,-129.876,13.5162,-128.89,13.5051,-128.87,14.8622,20,10,40,15,15,30,A
ch2_cla_l1_20240701T151049767_20240701T151057767.fits,2024-07-01 15:10:49.767000,2024-07-01 15:10:57.767000,-129.588,36.0133,-129.602,34.6667,-128.451,34.6538,-128.417,36.0002,20,10,40,15,15,30,A
ch2_cla_l1_20240701T115544112_20240701T115552112.fits,2024-07-01 11:55:44.112000,2024-07-01 11:55:52.112000,-132.806,-79.3429,-133.395,-80.4309,-129.314,-80.4752,-129.128,-79.3829,20,10,40,15,15,30,A
ch2_cla_l1_20240701T094011848_20240701T094019848.fits,2024-07-01 09:40:11.848000,2024-07-01 09:40:19.848000,-127.108,-21.3885,-127.13,-22.692,-126.153,-22.7026,-126.139,-21.399,20,10,40,15,15,30,A
ch2_cla_l1_20240701T120456112_20240701T120504112.fits,2024-07-01 12:04:56.112000,2024-07-01 12:05:04.112000,53.1712,-70.8016,53.2296,-71.7913,55.0545,-71.7714,54.9009,-70.7828,20,10,40,15,15,30,A
ch2_cla_l1_20240701T095603848_20240701T095611848.fits,2024-07-01 09:56:03.848000,2024-07-01 09:56:11.848000,-129.244,-69.8205,-129.408,-70.9479,-127.214,-70.9714,-127.162,-69.8427,20,10,40,15,15,30,A
ch2_cla_l1_20240701T125253195_20240701T125301195.fits,2024-07-01 12:52:53.195000,2024-07-01 12:53:01.195000,45.7027,80.5687,46.3819,79.4144,50.465,79.4595,50.2902,80.6194,20,10,40,15,15,30,A
ch2_cla_l1_20240701T131629195_20240701T131637195.fits,2024-07-01 13:16:29.195000,2024-07-01 13:16:37.195000,-128.596,29.2698,-128.61,27.9148,-127.527,27.9028,-127.5,29.2578,20,10,40,15,15,30,A
ch2_cla_l1_20240701T135253195_20240701T135301196.fits,2024-07-01 13:52:53.195000,2024-07-01 13:53:01.196000,-134.96,-81.0603,-135.818,-82.1411,-130.892,-82.1958,-130.613,-81.1084,20,10,40,15,15,30,A
ch2_cla_l1_20240701T113824112_20240701T113832112.fits,2024-07-01 11:38:24.112000,2024-07-01 11:38:32.112000,-128.291,-26.2591,-128.315,-27.549,-127.315,-27.5599,-127.301,-26.27,20,10,40,15,15,30,A
ch2_cla_l1_20240701T185954911_20240701T190002911.fits,2024-07-01 18:59:54.911000,2024-07-01 19:00:02.911000,-131.545,48.341,-131.564,47.0193,-130.212,47.0036,-130.161,48.3249,20,10,40,15,15,30,A
ch2_cla_l1_20240701T095219848_20240701T095227848.fits,2024-07-01 09:52:19.848000,2024-07-01 09:52:27.848000,-128.224,-58.3159,-128.295,-59.4901,-126.788,-59.5063,-126.764,-58.3315,20,10,40,15,15,30,A
ch2_cla_l1_20240701T190138911_20240701T190146911.fits,2024-07-01 19:01:38.911000,2024-07-01 19:01:46.911000,-131.632,43.1396,-131.649,41.8081,-130.399,41.7937,-130.356,43.1249,20,10,40,15,15,30,A
ch2_cla_l1_20240701T185810911_20240701T185818911.fits,2024-07-01 18:58:10.911000,2024-07-01 18:58:18.911000,-131.447,53.5486,-131.468,52.2383,-129.984,52.2211,-129.919,53.5308,20,10,40,15,15,30,A
ch2_cla_l1_20240701T090915848_20240701T090923848.fits,2024-07-01 09:09:15.848000,2024-07-01 09:09:23.848000,-125.634,71.3812,-125.679,70.1092,-123.127,70.0819,-122.919,71.3521,20,10,40,15,15,30,A
ch2_cla_l1_20240701T152625767_20240701T152633767.fits,2024-07-01 15:26:25.767000,2024-07-01 15:26:33.767000,-130.211,-10.7058,-130.23,-12.0335,-129.283,-12.0443,-129.267,-10.7166,20,10,40,15,15,30,A
ch2_cla_l1_20240701T110200112_20240701T110208112.fits,2024-07-01 11:02:00.112000,2024-07-01 11:02:08.112000,-125.44,83.0789,-125.714,81.8502,-119.939,81.7873,-118.672,83.0052,20,10,40,15,15,30,A
ch2_cla_l1_20240701T165445826_20240701T165453826.fits,2024-07-01 16:54:45.826000,2024-07-01 16:54:53.826000,-129.688,74.1115,-129.759,72.8579,-126.88,72.825,-126.595,74.0761,20,10,40,15,15,30,A
ch2_cla_l1_20240701T132237196_20240701T132245196.fits,2024-07-01 13:22:37.196000,2024-07-01 13:22:45.196000,-128.826,10.9272,-128.84,9.5702,-127.869,9.5594,-127.85,10.9163,20,10,40,15,15,30,A
ch2_cla_l1_20240701T132405196_20240701T132413196.fits,2024-07-01 13:24:05.196000,2024-07-01 13:24:13.196000,-128.882,6.5371,-128.897,5.1835,-127.939,5.1729,-127.921,6.5264,20,10,40,15,15,30,A
ch2_cla_l1_20240701T091019848_20240701T091027848.fits,2024-07-01 09:10:19.848000,2024-07-01 09:10:27.848000,-125.756,68.161,-125.79,66.8787,-123.551,66.8548,-123.396,68.1358,20,10,40,15,15,30,A
ch2_cla_l1_20240701T173645826_20240701T173653826.fits,2024-07-01 17:36:45.826000,2024-07-01 17:36:53.826000,-132.347,-52.3478,-132.402,-53.5411,-131.065,-53.5566,-131.043,-52.3629,20,10,40,15,15,30,A
ch2_cla_l1_20240701T112656112_20240701T112704112.fits,2024-07-01 11:26:56.112000,2024-07-01 11:27:04.112000,-127.773,8.2057,-127.788,6.8493,-126.824,6.8388,-126.805,8.1951,20,10,40,15,15,30,A
ch2_cla_l1_20240701T191834911_20240701T191842911.fits,2024-07-01 19:18:34.911000,2024-07-01 19:18:42.911000,-132.343,-7.5839,-132.361,-8.9159,-131.418,-8.9271,-131.402,-7.5951,20,10,40,15,15,30,A
ch2_cla_l1_20240701T133501195_20240701T133509195.fits,2024-07-01 13:35:01.195000,2024-07-01 13:35:09.195000,-129.387,-26.3346,-129.411,-27.6241,-128.411,-27.6353,-128.397,-26.3457,20,10,40,15,15,30,A
ch2_cla_l1_20240701T114000112_20240701T114008112.fits,2024-07-01 11:40:00.112000,2024-07-01 11:40:08.112000,-128.389,-31.102,-128.416,-32.3768,-127.385,-32.3881,-127.37,-31.1132,20,10,40,15,15,30,A
ch2_cla_l1_20240701T130405196_20240701T130413195.fits,2024-07-01 13:04:05.196000,2024-07-01 13:04:13.195000,-127.938,66.4784,-127.971,65.1959,-125.874,65.1728,-125.737,66.4541,20,10,40,15,15,30,A
ch2_cla_l1_20240701T112128112_20240701T112136112.fits,2024-07-01 11:21:28.112000,2024-07-01 11:21:36.112000,-127.572,24.5535,-127.585,23.1935,-126.539,23.1821,-126.515,24.542,20,10,40,15,15,30,A
ch2_cla_l1_20240701T183834911_20240701T183842911.fits,2024-07-01 18:38:34.911000,2024-07-01 18:38:42.911000,46.0154,67.8501,46.1474,66.7455,47.8995,66.766,47.8547,67.8717,20,10,40,15,15,30,A
ch2_cla_l1_20240701T130357196_20240701T130405196.fits,2024-07-01 13:03:57.196000,2024-07-01 13:04:05.196000,-127.925,66.8806,-127.959,65.5994,-125.833,65.5759,-125.691,66.856,20,10,40,15,15,30,A
ch2_cla_l1_20240701T194338911_20240701T194346911.fits,2024-07-01 19:43:38.911000,2024-07-01 19:43:46.911000,-141.787,-84.0313,-143.934,-85.0954,-136.117,-85.189,-135.345,-84.1082,20,10,40,15,15,30,A
ch2_cla_l1_20240701T153857767_20240701T153905767.fits,2024-07-01 15:38:57.767000,2024-07-01 15:39:05.767000,-131.086,-48.6645,-131.134,-49.8795,-129.88,-49.8938,-129.86,-48.6784,20,10,40,15,15,30,A
ch2_cla_l1_20240701T164453826_20240701T164501826.fits,2024-07-01 16:44:53.826000,2024-07-01 16:45:01.826000,45.2129,76.8822,45.5785,75.7432,48.5457,75.7772,48.4401,76.9192,20,10,40,15,15,30,A
ch2_cla_l1_20240701T170029826_20240701T170037826.fits,2024-07-01 17:00:29.826000,2024-07-01 17:00:37.826000,-130.316,56.8081,-130.339,55.5036,-128.744,55.4854,-128.668,56.7894,20,10,40,15,15,30,A
ch2_cla_l1_20240701T150945767_20240701T150953767.fits,2024-07-01 15:09:45.767000,2024-07-01 15:09:53.767000,-129.544,39.2071,-129.559,37.8651,-128.364,37.8517,-128.328,39.1935,20,10,40,15,15,30,A
ch2_cla_l1_20240701T085707848_20240701T085715848.fits,2024-07-01 08:57:07.848000,2024-07-01 08:57:15.848000,50.8242,72.7292,51.0294,71.5984,53.3112,71.6228,53.2557,72.7552,20,10,40,15,15,30,A
ch2_cla_l1_20240701T091403848_20240701T091411848.fits,2024-07-01 09:14:03.848000,2024-07-01 09:14:11.848000,-126.033,56.9215,-126.052,55.6077,-124.436,55.5904,-124.362,56.9037,20,10,40,15,15,30,A
ch2_cla_l1_20240701T090211848_20240701T090219848.fits,2024-07-01 09:02:11.848000,2024-07-01 09:02:19.848000,22.5159,88.0714,34.4727,86.9875,49.5547,87.1519,46.3895,88.3403,20,10,40,15,15,30,A
ch2_cla_l1_20240701T125341196_20240701T125349196.fits,2024-07-01 12:53:41.196000,2024-07-01 12:53:49.196000,43.4906,83.0113,44.6923,81.8521,50.0591,81.9114,49.7568,83.0806,20,10,40,15,15,30,A
ch2_cla_l1_20240701T111744112_20240701T111752112.fits,2024-07-01 11:17:44.112000,2024-07-01 11:17:52.112000,-127.432,35.7169,-127.445,34.3657,-126.292,34.3531,-126.259,35.7042,20,10,40,15,15,30,A
ch2_cla_l1_20240701T155249767_20240701T155257767.fits,2024-07-01 15:52:49.767000,2024-07-01 15:52:57.767000,57.3229,-87.3814,62.087,-88.4191,82.0552,-88.1777,70.4564,-87.2294,20,10,40,15,15,30,A
ch2_cla_l1_20240701T092035848_20240701T092043848.fits,2024-07-01 09:20:35.848000,2024-07-01 09:20:43.848000,-126.329,37.3404,-126.343,35.9889,-125.166,35.9763,-125.132,37.3276,20,10,40,15,15,30,A
ch2_cla_l1_20240701T185314911_20240701T185322911.fits,2024-07-01 18:53:14.911000,2024-07-01 18:53:22.911000,-131.026,68.4182,-131.071,67.1486,-128.841,67.1226,-128.676,68.3908,20,10,40,15,15,30,A
ch2_cla_l1_20240701T192818911_20240701T192826911.fits,2024-07-01 19:28:18.911000,2024-07-01 19:28:26.911000,-132.921,-36.9686,-132.954,-38.2261,-131.869,-38.2391,-131.852,-36.9814,20,10,40,15,15,30,A
ch2_cla_l1_20240701T094459848_20240701T094507848.fits,2024-07-01 09:44:59.848000,2024-07-01 09:45:07.848000,-127.402,-35.9173,-127.432,-37.176,-126.36,-37.1875,-126.346,-35.9287,20,10,40,15,15,30,A
ch2_cla_l1_20240701T111112112_20240701T111120112.fits,2024-07-01 11:11:12.112000,2024-07-01 11:11:20.112000,-127.137,55.2974,-127.156,53.982,-125.601,53.9651,-125.532,55.28,20,10,40,15,15,30,A
ch2_cla_l1_20240701T114840112_20240701T114848112.fits,2024-07-01 11:48:40.112000,2024-07-01 11:48:48.112000,-129.285,-57.5313,-129.355,-58.7102,-127.873,-58.7264,-127.848,-57.547,20,10,40,15,15,30,A
ch2_cla_l1_20240701T170421826_20240701T170429826.fits,2024-07-01 17:04:21.826000,2024-07-01 17:04:29.826000,-130.529,45.1941,-130.546,43.8639,-129.256,43.8493,-129.21,45.1791,20,10,40,15,15,30,A
ch2_cla_l1_20240701T091227848_20240701T091235848.fits,2024-07-01 09:12:27.848000,2024-07-01 09:12:35.848000,-125.932,61.7329,-125.956,60.432,-124.133,60.4125,-124.035,61.7126,20,10,40,15,15,30,A
ch2_cla_l1_20240701T193250911_20240701T193258911.fits,2024-07-01 19:32:50.911000,2024-07-01 19:32:58.911000,-133.387,-50.7809,-133.441,-51.9901,-132.139,-52.0056,-132.116,-50.796,20,10,40,15,15,30,A
ch2_cla_l1_20240701T192442911_20240701T192450911.fits,2024-07-01 19:24:42.911000,2024-07-01 19:24:50.911000,-132.667,-26.0621,-132.693,-27.3524,-131.693,-27.3644,-131.678,-26.074,20,10,40,15,15,30,A
ch2_cla_l1_20240701T173837826_20240701T173845826.fits,2024-07-01 17:38:37.826000,2024-07-01 17:38:45.826000,-132.648,-58.0683,-132.724,-59.2491,-131.214,-59.2666,-131.186,-58.0853,20,10,40,15,15,30,A
ch2_cla_l1_20240701T194746911_20240701T194754911.fits,2024-07-01 19:47:46.911000,2024-07-01 19:47:54.911000,50.5252,-81.9266,50.9115,-82.9618,55.9307,-82.902,54.9022,-81.8745,20,10,40,15,15,30,A
ch2_cla_l1_20240701T105216112_20240701T105224112.fits,2024-07-01 10:52:16.112000,2024-07-01 10:52:24.112000,50.4368,68.1968,50.5669,67.085,52.3631,67.1045,52.324,68.2173,20,10,40,15,15,30,A
ch2_cla_l1_20240701T164509826_20240701T164517826.fits,2024-07-01 16:45:09.826000,2024-07-01 16:45:17.826000,44.9017,77.7027,45.3163,76.5609,48.4751,76.5971,48.3566,77.7423,20,10,40,15,15,30,A
ch2_cla_l1_20240701T155641767_20240701T155649767.fits,2024-07-01 15:56:41.767000,2024-07-01 15:56:49.767000,51.389,-75.3121,51.4929,-76.3213,53.9894,-76.2931,53.7119,-75.2859,20,10,40,15,15,30,A
ch2_cla_l1_20240701T135021195_20240701T135029195.fits,2024-07-01 13:50:21.195000,2024-07-01 13:50:29.195000,-132.054,-73.2192,-132.296,-74.3361,-129.682,-74.365,-129.603,-73.2463,20,10,40,15,15,30,A
ch2_cla_l1_20240701T194922911_20240701T194930911.fits,2024-07-01 19:49:22.911000,2024-07-01 19:49:30.911000,49.5194,-76.9269,49.6625,-77.9461,52.5384,-77.912,52.1691,-76.8955,20,10,40,15,15,30,A
ch2_cla_l1_20240701T164941826_20240701T164949826.fits,2024-07-01 16:49:41.826000,2024-07-01 16:49:49.826000,-102.174,89.4496,-121.643,88.2962,-98.4156,88.0147,-65.1697,88.8427,20,10,40,15,15,30,A
ch2_cla_l1_20240701T111936112_20240701T111944112.fits,2024-07-01 11:19:36.112000,2024-07-01 11:19:44.112000,-127.503,30.1342,-127.516,28.7776,-126.423,28.7657,-126.395,30.1221,20,10,40,15,15,30,A
ch2_cla_l1_20240701T173013826_20240701T173021826.fits,2024-07-01 17:30:13.826000,2024-07-01 17:30:21.826000,-131.709,-32.4526,-131.738,-33.724,-130.695,-33.7362,-130.68,-32.4646,20,10,40,15,15,30,A
ch2_cla_l1_20240701T175317826_20240701T175325826.fits,2024-07-01 17:53:17.826000,2024-07-01 17:53:25.826000,50.3547,-75.311,50.4628,-76.3227,52.9706,-76.2937,52.6879,-75.284,20,10,40,15,15,30,A
ch2_cla_l1_20240701T150105767_20240701T150113767.fits,2024-07-01 15:01:05.767000,2024-07-01 15:01:13.767000,-129.038,65.2436,-129.07,63.9598,-127.063,63.9373,-126.937,65.2201,20,10,40,15,15,30,A
ch2_cla_l1_20240701T150737767_20240701T150745767.fits,2024-07-01 15:07:37.767000,2024-07-01 15:07:45.767000,-129.449,45.5998,-129.465,44.2682,-128.164,44.2536,-128.119,45.585,20,10,40,15,15,30,A
ch2_cla_l1_20240701T114408112_20240701T114416112.fits,2024-07-01 11:44:08.112000,2024-07-01 11:44:16.112000,-128.71,-43.6628,-128.749,-44.8946,-127.583,-44.9074,-127.567,-43.6753,20,10,40,15,15,30,A
ch2_cla_l1_20240701T112520112_20240701T112528112.fits,2024-07-01 11:25:20.112000,2024-07-01 11:25:28.112000,-127.713,12.9928,-127.727,11.6332,-126.747,11.6225,-126.727,12.982,20,10,40,15,15,30,A
ch2_cla_l1_20240701T094851848_20240701T094859848.fits,2024-07-01 09:48:51.848000,2024-07-01 09:48:59.848000,-127.743,-47.6948,-127.787,-48.9108,-126.556,-48.924,-126.538,-47.7077,20,10,40,15,15,30,A
ch2_cla_l1_20240701T151809767_20240701T151817767.fits,2024-07-01 15:18:09.767000,2024-07-01 15:18:17.767000,-129.871,14.0756,-129.886,12.7189,-128.904,12.7078,-128.883,14.0644,20,10,40,15,15,30,A
ch2_cla_l1_20240701T165213826_20240701T165221826.fits,2024-07-01 16:52:13.826000,2024-07-01 16:52:21.826000,-128.747,81.796,-128.982,80.5694,-123.991,80.5123,-123.036,81.7306,20,10,40,15,15,30,A
ch2_cla_l1_20240701T113832112_20240701T113840112.fits,2024-07-01 11:38:32.112000,2024-07-01 11:38:40.112000,-128.299,-26.6624,-128.323,-27.951,-127.321,-27.962,-127.306,-26.6733,20,10,40,15,15,30,A
ch2_cla_l1_20240701T184826911_20240701T184834911.fits,2024-07-01 18:48:26.911000,2024-07-01 18:48:34.911000,-129.387,82.9691,-129.718,81.7491,-124.076,81.6829,-122.803,82.8918,20,10,40,15,15,30,A
ch2_cla_l1_20240701T110608112_20240701T110616112.fits,2024-07-01 11:06:08.112000,2024-07-01 11:06:16.112000,-126.729,70.5588,-126.772,69.2866,-124.316,69.2599,-124.123,70.5305,20,10,40,15,15,30,A
ch2_cla_l1_20240701T154537767_20240701T154545767.fits,2024-07-01 15:45:37.767000,2024-07-01 15:45:45.767000,-132.519,-69.1384,-132.681,-70.2738,-130.533,-70.2981,-130.479,-69.1614,20,10,40,15,15,30,A
ch2_cla_l1_20240701T154305767_20240701T154313767.fits,2024-07-01 15:43:05.767000,2024-07-01 15:43:13.767000,-131.752,-61.3336,-131.841,-62.4999,-130.202,-62.5184,-130.17,-61.3514,20,10,40,15,15,30,A
ch2_cla_l1_20240701T171117826_20240701T171125826.fits,2024-07-01 17:11:17.826000,2024-07-01 17:11:25.826000,-130.821,24.4329,-130.835,23.0786,-129.796,23.0667,-129.771,24.4209,20,10,40,15,15,30,A
ch2_cla_l1_20240701T145921767_20240701T145929767.fits,2024-07-01 14:59:21.767000,2024-07-01 14:59:29.767000,-128.844,70.4776,-128.891,69.2099,-126.457,69.1826,-126.263,70.4487,20,10,40,15,15,30,A
ch2_cla_l1_20240701T132805195_20240701T132813195.fits,2024-07-01 13:28:05.195000,2024-07-01 13:28:13.195000,-129.044,-5.4529,-129.061,-6.7911,-128.116,-6.8016,-128.101,-5.4634,20,10,40,15,15,30,A
ch2_cla_l1_20240701T100243848_20240701T100251848.fits,2024-07-01 10:02:43.848000,2024-07-01 10:02:51.848000,63.6407,-88.338,80.0389,-89.3425,111.025,-88.9023,82.9164,-88.1205,20,10,40,15,15,30,A
ch2_cla_l1_20240701T125309195_20240701T125317195.fits,2024-07-01 12:53:09.195000,2024-07-01 12:53:17.195000,45.1035,81.3846,45.9112,80.2281,50.3512,80.2771,50.1452,81.4403,20,10,40,15,15,30,A
ch2_cla_l1_20240701T152633767_20240701T152641767.fits,2024-07-01 15:26:33.767000,2024-07-01 15:26:41.767000,-130.218,-11.1066,-130.236,-12.4338,-129.288,-12.4446,-129.273,-11.1174,20,10,40,15,15,30,A
ch2_cla_l1_20240701T174621826_20240701T174629826.fits,2024-07-01 17:46:21.826000,2024-07-01 17:46:29.826000,-138.012,-81.9238,-139.113,-83.0035,-133.574,-83.0677,-133.198,-81.9795,20,10,40,15,15,30,A
ch2_cla_l1_20240701T172709826_20240701T172717826.fits,2024-07-01 17:27:09.826000,2024-07-01 17:27:17.826000,-131.516,-23.1758,-131.539,-24.4737,-130.555,-24.4852,-130.54,-23.1871,20,10,40,15,15,30,A
ch2_cla_l1_20240701T113016112_20240701T113024112.fits,2024-07-01 11:30:16.112000,2024-07-01 11:30:24.112000,-127.903,-1.7789,-127.919,-3.1239,-126.973,-3.1343,-126.957,-1.7893,20,10,40,15,15,30,A
ch2_cla_l1_20240701T184642911_20240701T184650911.fits,2024-07-01 18:46:42.911000,2024-07-01 18:46:50.911000,-122.574,88.2332,-126.205,87.0404,-111.571,86.8654,-100.047,87.9542,20,10,40,15,15,30,A
ch2_cla_l1_20240701T115312112_20240701T115320112.fits,2024-07-01 11:53:12.112000,2024-07-01 11:53:20.112000,-130.616,-71.5007,-130.813,-72.6229,-128.432,-72.6488,-128.369,-71.5251,20,10,40,15,15,30,A
ch2_cla_l1_20240701T090659848_20240701T090707848.fits,2024-07-01 09:06:59.848000,2024-07-01 09:07:07.848000,-125.2,78.2389,-125.299,76.9902,-121.556,76.9501,-121.074,78.1947,20,10,40,15,15,30,A
ch2_cla_l1_20240701T185050911_20240701T185058911.fits,2024-07-01 18:50:50.911000,2024-07-01 18:50:58.911000,-130.595,75.6825,-130.686,74.4366,-127.553,74.4,-127.205,75.6429,20,10,40,15,15,30,A
ch2_cla_l1_20240701T151441767_20240701T151449767.fits,2024-07-01 15:14:41.767000,2024-07-01 15:14:49.767000,-129.74,24.4448,-129.753,23.0885,-128.713,23.0769,-128.688,24.433,20,10,40,15,15,30,A
ch2_cla_l1_20240701T093323848_20240701T093331848.fits,2024-07-01 09:33:23.848000,2024-07-01 09:33:31.848000,-126.803,-0.943,-126.818,-2.2902,-125.87,-2.3005,-125.854,-0.9532,20,10,40,15,15,30,A
ch2_cla_l1_20240701T140029195_20240701T140037195.fits,2024-07-01 14:00:29.195000,2024-07-01 14:00:37.195000,52.33,-74.0895,52.4157,-75.0923,54.6845,-75.0672,54.4539,-74.0661,20,10,40,15,15,30,A
ch2_cla_l1_20240701T092531848_20240701T092539848.fits,2024-07-01 09:25:31.848000,2024-07-01 09:25:39.848000,-126.511,22.5925,-126.524,21.2299,-125.49,21.2188,-125.467,22.5812,20,10,40,15,15,30,A
ch2_cla_l1_20240701T190546911_20240701T190554911.fits,2024-07-01 19:05:46.911000,2024-07-01 19:05:54.911000,-131.813,30.7569,-131.828,29.4088,-130.739,29.3962,-130.71,30.7441,20,10,40,15,15,30,A
ch2_cla_l1_20240701T134517195_20240701T134525195.fits,2024-07-01 13:45:17.195000,2024-07-01 13:45:25.195000,-130.398,-57.604,-130.469,-58.7839,-128.982,-58.8004,-128.956,-57.62,20,10,40,15,15,30,A
ch2_cla_l1_20240701T095027848_20240701T095035848.fits,2024-07-01 09:50:27.848000,2024-07-01 09:50:35.848000,-127.935,-52.5895,-127.989,-53.7865,-126.653,-53.8008,-126.633,-52.6034,20,10,40,15,15,30,A
ch2_cla_l1_20240701T171933826_20240701T171941826.fits,2024-07-01 17:19:33.826000,2024-07-01 17:19:41.826000,-131.148,-0.3149,-131.165,-1.6589,-130.221,-1.6698,-130.204,-0.3259,20,10,40,15,15,30,A
ch2_cla_l1_20240701T152553767_20240701T152601767.fits,2024-07-01 15:25:53.767000,2024-07-01 15:26:01.767000,-130.187,-9.1028,-130.205,-10.4337,-129.26,-10.4444,-129.244,-9.1136,20,10,40,15,15,30,A
ch2_cla_l1_20240701T171301826_20240701T171309826.fits,2024-07-01 17:13:01.826000,2024-07-01 17:13:09.826000,-130.888,19.2477,-130.902,17.8919,-129.897,17.8804,-129.875,19.236,20,10,40,15,15,30,A
ch2_cla_l1_20240701T090939848_20240701T090947848.fits,2024-07-01 09:09:39.848000,2024-07-01 09:09:47.848000,-125.684,70.173,-125.724,68.8972,-123.301,68.8713,-123.116,70.1456,20,10,40,15,15,30,A
ch2_cla_l1_20240701T135813196_20240701T135821196.fits,2024-07-01 13:58:13.196000,2024-07-01 13:58:21.196000,53.2931,-81.1878,53.5747,-82.2139,58.0493,-82.1643,57.2446,-81.144,20,10,40,15,15,30,A
ch2_cla_l1_20240701T190114911_20240701T190122911.fits,2024-07-01 19:01:14.911000,2024-07-01 19:01:22.911000,-131.612,44.3395,-131.63,43.0101,-130.359,42.9953,-130.314,44.3244,20,10,40,15,15,30,A
ch2_cla_l1_20240701T165229826_20240701T165237826.fits,2024-07-01 16:52:29.826000,2024-07-01 16:52:37.826000,-128.917,80.9861,-129.115,79.7562,-124.495,79.7034,-123.69,80.9262,20,10,40,15,15,30,A
ch2_cla_l1_20240701T171653826_20240701T171701826.fits,2024-07-01 17:16:53.826000,2024-07-01 17:17:01.826000,-131.039,7.6754,-131.055,6.3234,-130.096,6.3124,-130.078,7.6643,20,10,40,15,15,30,A
ch2_cla_l1_20240701T172925826_20240701T172933826.fits,2024-07-01 17:29:25.826000,2024-07-01 17:29:33.826000,-131.655,-30.0291,-131.682,-31.3078,-130.658,-31.3198,-130.642,-30.0409,20,10,40,15,15,30,A
ch2_cla_l1_20240701T152753767_20240701T152801767.fits,2024-07-01 15:27:53.767000,2024-07-01 15:28:01.767000,-130.281,-15.1184,-130.301,-16.4368,-129.345,-16.4476,-129.33,-15.1293,20,10,40,15,15,30,A
ch2_cla_l1_20240701T095235848_20240701T095243848.fits,2024-07-01 09:52:35.848000,2024-07-01 09:52:43.848000,-128.273,-59.1352,-128.348,-60.3063,-126.81,-60.3228,-126.784,-59.1511,20,10,40,15,15,30,A
ch2_cla_l1_20240701T152049767_20240701T152057767.fits,2024-07-01 15:20:49.767000,2024-07-01 15:20:57.767000,-129.975,6.0938,-129.99,4.7421,-129.034,4.7312,-129.016,6.083,20,10,40,15,15,30,A
ch2_cla_l1_20240701T090507848_20240701T090515848.fits,2024-07-01 09:05:07.848000,2024-07-01 09:05:15.848000,-124.19,83.9017,-124.52,82.6739,-118.114,82.6052,-116.538,83.8195,20,10,40,15,15,30,A
ch2_cla_l1_20240701T133045195_20240701T133053196.fits,2024-07-01 13:30:45.195000,2024-07-01 13:30:53.196000,-129.163,-13.4666,-129.182,-14.7893,-128.229,-14.8,-128.215,-13.4773,20,10,40,15,15,30,A
ch2_cla_l1_20240701T110824112_20240701T110832112.fits,2024-07-01 11:08:24.112000,2024-07-01 11:08:32.112000,-126.953,63.7208,-126.98,62.4276,-125.055,62.4068,-124.943,63.699,20,10,40,15,15,30,A
ch2_cla_l1_20240701T174445826_20240701T174453826.fits,2024-07-01 17:44:45.826000,2024-07-01 17:44:53.826000,-135.321,-76.976,-135.734,-78.0808,-132.371,-78.1197,-132.231,-77.0118,20,10,40,15,15,30,A
ch2_cla_l1_20240701T140013195_20240701T140021195.fits,2024-07-01 14:00:13.195000,2024-07-01 14:00:21.195000,52.3993,-74.9261,52.4941,-75.9315,54.9065,-75.9048,54.6486,-74.9012,20,10,40,15,15,30,A
ch2_cla_l1_20240701T132629195_20240701T132637195.fits,2024-07-01 13:26:29.195000,2024-07-01 13:26:37.195000,-128.977,-0.6531,-128.993,-1.9985,-128.047,-2.0091,-128.03,-0.6636,20,10,40,15,15,30,A
ch2_cla_l1_20240701T194810911_20240701T194818911.fits,2024-07-01 19:48:10.911000,2024-07-01 19:48:18.911000,50.1773,-80.678,50.4638,-81.7094,54.7076,-81.6589,53.9505,-80.6331,20,10,40,15,15,30,A
ch2_cla_l1_20240701T134701195_20240701T134709195.fits,2024-07-01 13:47:01.195000,2024-07-01 13:47:09.195000,-130.76,-62.9325,-130.858,-64.0916,-129.144,-64.1105,-129.11,-62.9507,20,10,40,15,15,30,A
ch2_cla_l1_20240701T115456112_20240701T115504112.fits,2024-07-01 11:54:56.112000,2024-07-01 11:55:04.112000,-131.837,-76.865,-132.223,-77.9644,-128.92,-78.0003,-128.798,-76.898,20,10,40,15,15,30,A
ch2_cla_l1_20240701T113200112_20240701T113208112.fits,2024-07-01 11:32:00.112000,2024-07-01 11:32:08.112000,-127.975,-6.9797,-127.992,-8.3161,-127.047,-8.3265,-127.031,-6.9901,20,10,40,15,15,30,A
ch2_cla_l1_20240701T093915848_20240701T093923848.fits,2024-07-01 09:39:15.848000,2024-07-01 09:39:23.848000,-127.061,-18.5736,-127.081,-19.885,-126.114,-19.8955,-126.1,-18.584,20,10,40,15,15,30,A
ch2_cla_l1_20240701T095155848_20240701T095203848.fits,2024-07-01 09:51:55.848000,2024-07-01 09:52:03.848000,-128.154,-57.0871,-128.221,-58.2664,-126.757,-58.2821,-126.733,-57.1023,20,10,40,15,15,30,A
ch2_cla_l1_20240701T151625767_20240701T151633767.fits,2024-07-01 15:16:25.767000,2024-07-01 15:16:33.767000,-129.805,19.2608,-129.82,17.9032,-128.812,17.8919,-128.79,19.2493,20,10,40,15,15,30,A
ch2_cla_l1_20240701T115328112_20240701T115336112.fits,2024-07-01 11:53:28.112000,2024-07-01 11:53:36.112000,-130.757,-72.3253,-130.972,-73.4442,-128.489,-73.4712,-128.42,-72.3507,20,10,40,15,15,30,A
ch2_cla_l1_20240701T193138911_20240701T193146911.fits,2024-07-01 19:31:38.911000,2024-07-01 19:31:46.911000,-133.239,-47.1156,-133.286,-48.3383,-132.059,-48.353,-132.038,-47.13,20,10,40,15,15,30,A
ch2_cla_l1_20240701T111656112_20240701T111704112.fits,2024-07-01 11:16:56.112000,2024-07-01 11:17:04.112000,-127.4,38.1107,-127.414,36.7624,-126.229,36.7495,-126.195,38.0976,20,10,40,15,15,30,A
ch2_cla_l1_20240701T192834911_20240701T192842911.fits,2024-07-01 19:28:34.911000,2024-07-01 19:28:42.911000,-132.943,-37.7786,-132.977,-39.0334,-131.883,-39.0465,-131.866,-37.7915,20,10,40,15,15,30,A
ch2_cla_l1_20240701T130501195_20240701T130509195.fits,2024-07-01 13:05:01.195000,2024-07-01 13:05:09.195000,-128.021,63.6641,-128.049,62.3733,-126.133,62.3522,-126.021,63.6421,20,10,40,15,15,30,A
ch2_cla_l1_20240701T185338911_20240701T185346911.fits,2024-07-01 18:53:38.911000,2024-07-01 18:53:46.911000,-131.075,67.2094,-131.116,65.9362,-128.982,65.9113,-128.833,67.1833,20,10,40,15,15,30,A
ch2_cla_l1_20240701T092019848_20240701T092027848.fits,2024-07-01 09:20:19.848000,2024-07-01 09:20:27.848000,-126.319,38.1381,-126.332,36.7877,-125.145,36.7749,-125.11,38.1252,20,10,40,15,15,30,A
ch2_cla_l1_20240701T170645826_20240701T170653826.fits,2024-07-01 17:06:45.826000,2024-07-01 17:06:53.826000,-130.637,38.0012,-130.652,36.6594,-129.478,36.6459,-129.442,37.9876,20,10,40,15,15,30,A
ch2_cla_l1_20240701T131405196_20240701T131413196.fits,2024-07-01 13:14:05.196000,2024-07-01 13:14:13.196000,-128.503,36.4497,-128.517,35.1015,-127.357,35.0887,-127.323,36.4367,20,10,40,15,15,30,A
ch2_cla_l1_20240701T150857767_20240701T150905767.fits,2024-07-01 15:08:57.767000,2024-07-01 15:09:05.767000,-129.509,41.6035,-129.525,40.265,-128.294,40.2512,-128.255,41.5895,20,10,40,15,15,30,A
ch2_cla_l1_20240701T130053195_20240701T130101195.fits,2024-07-01 13:00:53.195000,2024-07-01 13:01:01.195000,-127.464,76.1518,-127.545,74.9004,-124.298,74.8646,-123.937,76.1129,20,10,40,15,15,30,A
ch2_cla_l1_20240701T111128112_20240701T111136112.fits,2024-07-01 11:11:28.112000,2024-07-01 11:11:36.112000,-127.152,54.4964,-127.17,53.1791,-125.641,53.1625,-125.575,54.4793,20,10,40,15,15,30,A
ch2_cla_l1_20240701T155425767_20240701T155433767.fits,2024-07-01 15:54:25.767000,2024-07-01 15:54:33.767000,52.6256,-82.4026,53.0257,-83.4351,58.3749,-83.3745,57.2493,-82.3503,20,10,40,15,15,30,A
ch2_cla_l1_20240701T144953767_20240701T145001767.fits,2024-07-01 14:49:53.767000,2024-07-01 14:50:01.767000,43.5867,81.8063,44.4838,80.651,49.1216,80.7031,48.8851,81.866,20,10,40,15,15,30,A
ch2_cla_l1_20240701T194314911_20240701T194322911.fits,2024-07-01 19:43:14.911000,2024-07-01 19:43:22.911000,-140.115,-82.801,-141.551,-83.8762,-135.24,-83.9515,-134.73,-82.8651,20,10,40,15,15,30,A
ch2_cla_l1_20240701T135245195_20240701T135253195.fits,2024-07-01 13:52:45.195000,2024-07-01 13:52:53.195000,-134.684,-80.6472,-135.469,-81.731,-130.774,-81.7831,-130.518,-80.6934,20,10,40,15,15,30,A
ch2_cla_l1_20240701T183818911_20240701T183826911.fits,2024-07-01 18:38:18.911000,2024-07-01 18:38:26.911000,46.1193,67.0231,46.2418,65.9216,47.9291,65.9414,47.8872,67.0438,20,10,40,15,15,30,A
ch2_cla_l1_20240701T173029826_20240701T173037826.fits,2024-07-01 17:30:29.826000,2024-07-01 17:30:37.826000,-131.728,-33.261,-131.758,-34.5299,-130.708,-34.5422,-130.693,-33.2731,20,10,40,15,15,30,A
ch2_cla_l1_20240701T153945767_20240701T153953767.fits,2024-07-01 15:39:45.767000,2024-07-01 15:39:53.767000,-131.184,-51.11,-131.237,-52.3162,-129.931,-52.331,-129.91,-51.1245,20,10,40,15,15,30,A
ch2_cla_l1_20240701T175101826_20240701T175109826.fits,2024-07-01 17:51:01.826000,2024-07-01 17:51:09.826000,51.6417,-82.3987,52.0594,-83.4334,57.4275,-83.3712,56.2814,-82.345,20,10,40,15,15,30,A
ch2_cla_l1_20240701T191818911_20240701T191826911.fits,2024-07-01 19:18:18.911000,2024-07-01 19:18:26.911000,-132.33,-6.7826,-132.349,-8.1162,-131.406,-8.1274,-131.39,-6.7939,20,10,40,15,15,30,A
ch2_cla_l1_20240701T130949195_20240701T130957195.fits,2024-07-01 13:09:49.195000,2024-07-01 13:09:57.195000,-128.316,49.2329,-128.333,47.9063,-126.951,47.8911,-126.899,49.2174,20,10,40,15,15,30,A
ch2_cla_l1_20240701T094707848_20240701T094715848.fits,2024-07-01 09:47:07.848000,2024-07-01 09:47:15.848000,-127.573,-42.4065,-127.609,-43.6423,-126.463,-43.6546,-126.447,-42.4187,20,10,40,15,15,30,A
ch2_cla_l1_20240701T112744112_20240701T112752112.fits,2024-07-01 11:27:44.112000,2024-07-01 11:27:52.112000,-127.803,5.8113,-127.818,4.4569,-126.86,4.4463,-126.843,5.8007,20,10,40,15,15,30,A
ch2_cla_l1_20240701T091035848_20240701T091043848.fits,2024-07-01 09:10:35.848000,2024-07-01 09:10:43.848000,-125.782,67.3566,-125.814,66.0719,-123.64,66.0487,-123.494,67.3321,20,10,40,15,15,30,A
ch2_cla_l1_20240701T175453826_20240701T175501826.fits,2024-07-01 17:54:53.826000,2024-07-01 17:55:01.826000,49.978,-70.2914,50.0394,-71.2874,51.8371,-71.2667,51.6841,-70.2717,20,10,40,15,15,30,A
ch2_cla_l1_20240701T092403848_20240701T092411848.fits,2024-07-01 09:24:03.848000,2024-07-01 09:24:11.848000,-126.458,26.9758,-126.471,25.6149,-125.404,25.6034,-125.378,26.9642,20,10,40,15,15,30,A
ch2_cla_l1_20240701T093211848_20240701T093219848.fits,2024-07-01 09:32:11.848000,2024-07-01 09:32:19.848000,-126.756,2.6528,-126.771,1.3007,-125.818,1.2903,-125.801,2.6425,20,10,40,15,15,30,A
ch2_cla_l1_20240701T152513767_20240701T152521767.fits,2024-07-01 15:25:13.767000,2024-07-01 15:25:21.767000,-130.157,-7.0999,-130.175,-8.4345,-129.231,-8.4452,-129.215,-7.1106,20,10,40,15,15,30,A
ch2_cla_l1_20240701T134557195_20240701T134605195.fits,2024-07-01 13:45:57.195000,2024-07-01 13:46:05.195000,-130.523,-59.6516,-130.603,-60.8235,-129.039,-60.8408,-129.01,-59.6684,20,10,40,15,15,30,A
ch2_cla_l1_20240701T191850911_20240701T191858911.fits,2024-07-01 19:18:50.911000,2024-07-01 19:18:58.911000,-132.355,-8.3851,-132.374,-9.7157,-131.43,-9.727,-131.414,-8.3963,20,10,40,15,15,30,A
ch2_cla_l1_20240701T093827848_20240701T093835848.fits,2024-07-01 09:38:27.848000,2024-07-01 09:38:35.848000,-127.022,-16.1634,-127.041,-17.4807,-126.081,-17.4911,-126.067,-16.1738,20,10,40,15,15,30,A
ch2_cla_l1_20240701T154617767_20240701T154625767.fits,2024-07-01 15:46:17.767000,2024-07-01 15:46:25.767000,-132.822,-71.1971,-133.019,-72.3242,-130.66,-72.3508,-130.594,-71.2223,20,10,40,15,15,30,A
ch2_cla_l1_20240701T171237826_20240701T171245826.fits,2024-07-01 17:12:37.826000,2024-07-01 17:12:45.826000,-130.872,20.4442,-130.887,19.0886,-129.875,19.077,-129.852,20.4325,20,10,40,15,15,30,A
ch2_cla_l1_20240701T171405826_20240701T171413826.fits,2024-07-01 17:14:05.826000,2024-07-01 17:14:13.826000,-130.929,16.0564,-130.944,14.7005,-129.955,14.6892,-129.934,16.0449,20,10,40,15,15,30,A
ch2_cla_l1_20240701T183850911_20240701T183858911.fits,2024-07-01 18:38:50.911000,2024-07-01 18:38:58.911000,45.9038,68.6764,46.046,67.5691,47.8678,67.5905,47.8201,68.6989,20,10,40,15,15,30,A
ch2_cla_l1_20240701T173357826_20240701T173405826.fits,2024-07-01 17:33:57.826000,2024-07-01 17:34:05.826000,-132.019,-43.7977,-132.059,-45.0315,-130.888,-45.0451,-130.87,-43.8111,20,10,40,15,15,30,A
ch2_cla_l1_20240701T165133826_20240701T165141826.fits,2024-07-01 16:51:33.826000,2024-07-01 16:51:41.826000,-128.133,83.8222,-128.527,82.6032,-122.254,82.5313,-120.669,83.7365,20,10,40,15,15,30,A
ch2_cla_l1_20240701T100723848_20240701T100731848.fits,2024-07-01 10:07:23.848000,2024-07-01 10:07:31.848000,54.4168,-73.7575,54.494,-74.754,56.6888,-74.7306,56.4749,-73.7355,20,10,40,15,15,30,A
ch2_cla_l1_20240701T115816112_20240701T115824112.fits,2024-07-01 11:58:16.112000,2024-07-01 11:58:24.112000,-146.841,-87.1205,-157.359,-88.0925,-137.885,-88.3162,-133.911,-87.264,20,10,40,15,15,30,A
ch2_cla_l1_20240701T185530911_20240701T185538911.fits,2024-07-01 18:55:30.911000,2024-07-01 18:55:38.911000,-131.258,61.5765,-131.287,60.2869,-129.497,60.2661,-129.397,61.5548,20,10,40,15,15,30,A
ch2_cla_l1_20240701T120240112_20240701T120248112.fits,2024-07-01 12:02:40.112000,2024-07-01 12:02:48.112000,53.7586,-77.9151,53.9009,-78.9278,56.9921,-78.8942,56.5876,-77.8843,20,10,40,15,15,30,A
ch2_cla_l1_20240701T184322911_20240701T184330911.fits,2024-07-01 18:43:22.911000,2024-07-01 18:43:30.911000,40.3795,82.6374,41.5041,81.4848,46.5885,81.5446,46.2696,82.7067,20,10,40,15,15,30,A
ch2_cla_l1_20240701T134005195_20240701T134013195.fits,2024-07-01 13:40:05.195000,2024-07-01 13:40:13.195000,-129.752,-41.7064,-129.788,-42.9459,-128.649,-42.9586,-128.633,-41.7188,20,10,40,15,15,30,A
ch2_cla_l1_20240701T134637195_20240701T134645195.fits,2024-07-01 13:46:37.195000,2024-07-01 13:46:45.195000,-130.665,-61.7016,-130.755,-62.8652,-129.102,-62.8835,-129.071,-61.7192,20,10,40,15,15,30,A
ch2_cla_l1_20240701T171157826_20240701T171205826.fits,2024-07-01 17:11:57.826000,2024-07-01 17:12:05.826000,-130.846,22.4386,-130.861,21.0834,-129.836,21.0717,-129.812,22.4268,20,10,40,15,15,30,A
ch2_cla_l1_20240701T174341826_20240701T174349826.fits,2024-07-01 17:43:41.826000,2024-07-01 17:43:49.826000,-134.426,-73.6775,-134.691,-74.7962,-131.991,-74.8274,-131.901,-73.7067,20,10,40,15,15,30,A
ch2_cla_l1_20240701T132533195_20240701T132541195.fits,2024-07-01 13:25:33.195000,2024-07-01 13:25:41.195000,-128.939,2.1443,-128.955,0.7954,-128.005,0.7848,-127.989,2.1337,20,10,40,15,15,30,A
ch2_cla_l1_20240701T145009767_20240701T145017767.fits,2024-07-01 14:50:09.767000,2024-07-01 14:50:17.767000,42.7757,82.6198,43.8694,81.463,48.9681,81.5204,48.682,82.6863,20,10,40,15,15,30,A
ch2_cla_l1_20240701T115032112_20240701T115040112.fits,2024-07-01 11:50:32.112000,2024-07-01 11:50:40.112000,-129.675,-63.2728,-129.773,-64.4273,-128.045,-64.4461,-128.013,-63.2905,20,10,40,15,15,30,A
ch2_cla_l1_20240701T095547848_20240701T095555848.fits,2024-07-01 09:55:47.848000,2024-07-01 09:55:55.848000,-129.136,-68.9965,-129.288,-70.1274,-127.171,-70.1501,-127.123,-69.0181,20,10,40,15,15,30,A
ch2_cla_l1_20240701T113336112_20240701T113344112.fits,2024-07-01 11:33:36.112000,2024-07-01 11:33:44.112000,-128.046,-11.7877,-128.064,-13.1145,-127.114,-13.125,-127.099,-11.7981,20,10,40,15,15,30,A
ch2_cla_l1_20240701T113504112_20240701T113512112.fits,2024-07-01 11:35:04.112000,2024-07-01 11:35:12.112000,-128.115,-16.2014,-128.134,-17.5182,-127.175,-17.5287,-127.16,-16.2119,20,10,40,15,15,30,A
ch2_cla_l1_20240701T092051848_20240701T092059848.fits,2024-07-01 09:20:51.848000,2024-07-01 09:20:59.848000,-126.339,36.5427,-126.353,35.1902,-125.186,35.1777,-125.153,36.53,20,10,40,15,15,30,A
ch2_cla_l1_20240701T190026911_20240701T190034911.fits,2024-07-01 19:00:26.911000,2024-07-01 19:00:34.911000,-131.572,46.7398,-131.591,45.4148,-130.273,45.3996,-130.225,46.7242,20,10,40,15,15,30,A
ch2_cla_l1_20240701T151121767_20240701T151129767.fits,2024-07-01 15:11:21.767000,2024-07-01 15:11:29.767000,-129.609,34.417,-129.624,33.0686,-128.491,33.0559,-128.459,34.4041,20,10,40,15,15,30,A
ch2_cla_l1_20240701T093643848_20240701T093651848.fits,2024-07-01 09:36:43.848000,2024-07-01 09:36:51.848000,-126.942,-10.9482,-126.96,-12.2775,-126.01,-12.2878,-125.995,-10.9584,20,10,40,15,15,30,A
ch2_cla_l1_20240701T135453196_20240701T135501196.fits,2024-07-01 13:54:53.196000,2024-07-01 13:55:01.196000,-148.61,-87.1786,-159.819,-88.1448,-139.758,-88.381,-135.376,-87.3285,20,10,40,15,15,30,A
ch2_cla_l1_20240701T165917826_20240701T165925826.fits,2024-07-01 16:59:17.826000,2024-07-01 16:59:25.826000,-130.232,60.4207,-130.258,59.1256,-128.518,59.1057,-128.425,60.4001,20,10,40,15,15,30,A
ch2_cla_l1_20240701T105704112_20240701T105712112.fits,2024-07-01 10:57:04.112000,2024-07-01 10:57:12.112000,44.7064,82.9684,45.8848,81.807,51.2354,81.8652,50.9495,83.0363,20,10,40,15,15,30,A
ch2_cla_l1_20240701T113352112_20240701T113400112.fits,2024-07-01 11:33:52.112000,2024-07-01 11:34:00.112000,-128.058,-12.5896,-128.077,-13.9147,-127.125,-13.9252,-127.11,-12.6001,20,10,40,15,15,30,A
ch2_cla_l1_20240701T170141826_20240701T170149826.fits,2024-07-01 17:01:41.826000,2024-07-01 17:01:49.826000,-130.389,53.1998,-130.41,51.8864,-128.931,51.8696,-128.868,53.1825,20,10,40,15,15,30,A
ch2_cla_l1_20240701T191458911_20240701T191506911.fits,2024-07-01 19:14:58.911000,2024-07-01 19:15:06.911000,-132.185,3.2171,-132.201,1.8704,-131.253,1.8592,-131.236,3.2059,20,10,40,15,15,30,A
ch2_cla_l1_20240701T130437195_20240701T130445195.fits,2024-07-01 13:04:37.195000,2024-07-01 13:04:45.195000,-127.987,64.8699,-128.017,63.5826,-126.028,63.5607,-125.906,64.847,20,10,40,15,15,30,A
ch2_cla_l1_20240701T132925196_20240701T132933196.fits,2024-07-01 13:29:25.196000,2024-07-01 13:29:33.196000,-129.102,-9.4575,-129.12,-10.7883,-128.173,-10.7989,-128.158,-9.4681,20,10,40,15,15,30,A
ch2_cla_l1_20240701T155321767_20240701T155329767.fits,2024-07-01 15:53:21.767000,2024-07-01 15:53:29.767000,54.5545,-85.7268,55.9819,-86.7682,66.7472,-86.6448,62.8044,-85.6328,20,10,40,15,15,30,A
ch2_cla_l1_20240701T194226911_20240701T194234911.fits,2024-07-01 19:42:26.911000,2024-07-01 19:42:34.911000,-138.048,-80.3318,-138.822,-81.4222,-134.242,-81.4767,-133.971,-80.3803,20,10,40,15,15,30,A
ch2_cla_l1_20240701T144905767_20240701T144913767.fits,2024-07-01 14:49:05.767000,2024-07-01 14:49:13.767000,45.2803,79.357,45.8232,78.208,49.4589,78.2489,49.3123,79.4023,20,10,40,15,15,30,A
ch2_cla_l1_20240701T153209767_20240701T153217767.fits,2024-07-01 15:32:09.767000,2024-07-01 15:32:17.767000,-130.516,-27.9943,-130.541,-29.2789,-129.531,-29.2905,-129.516,-28.0057,20,10,40,15,15,30,A
ch2_cla_l1_20240701T192122911_20240701T192130911.fits,2024-07-01 19:21:22.911000,2024-07-01 19:21:30.911000,-132.479,-16.0055,-132.5,-17.3212,-131.543,-17.3326,-131.527,-16.0169,20,10,40,15,15,30,A
ch2_cla_l1_20240701T135909195_20240701T135917195.fits,2024-07-01 13:59:09.195000,2024-07-01 13:59:17.195000,52.7642,-78.2685,52.9205,-79.2848,56.1334,-79.2492,55.6958,-78.236,20,10,40,15,15,30,A
ch2_cla_l1_20240701T091747848_20240701T091755848.fits,2024-07-01 09:17:47.848000,2024-07-01 09:17:55.848000,-126.215,45.7217,-126.23,44.3834,-124.917,44.3693,-124.872,45.7074,20,10,40,15,15,30,A
ch2_cla_l1_20240701T193730911_20240701T193738911.fits,2024-07-01 19:37:30.911000,2024-07-01 19:37:38.911000,-134.315,-65.0985,-134.435,-66.2532,-132.586,-66.2753,-132.542,-65.1197,20,10,40,15,15,30,A
ch2_cla_l1_20240701T133821195_20240701T133829195.fits,2024-07-01 13:38:21.195000,2024-07-01 13:38:29.195000,-129.609,-36.4349,-129.64,-37.693,-128.563,-37.705,-128.547,-36.4468,20,10,40,15,15,30,A
ch2_cla_l1_20240701T111232112_20240701T111240112.fits,2024-07-01 11:12:32.112000,2024-07-01 11:12:40.112000,-127.207,51.2942,-127.224,49.9693,-125.787,49.9538,-125.73,51.2782,20,10,40,15,15,30,A
ch2_cla_l1_20240701T134445196_20240701T134453196.fits,2024-07-01 13:44:45.196000,2024-07-01 13:44:53.196000,-130.307,-55.9674,-130.372,-57.1534,-128.939,-57.1694,-128.915,-55.9829,20,10,40,15,15,30,A
ch2_cla_l1_20240701T091923848_20240701T091931848.fits,2024-07-01 09:19:23.848000,2024-07-01 09:19:31.848000,-126.282,40.931,-126.296,39.5845,-125.067,39.5713,-125.029,40.9176,20,10,40,15,15,30,A
ch2_cla_l1_20240701T175037826_20240701T175045826.fits,2024-07-01 17:50:37.826000,2024-07-01 17:50:45.826000,52.1524,-83.646,52.7673,-84.6844,59.4105,-84.6072,57.7227,-83.5815,20,10,40,15,15,30,A
ch2_cla_l1_20240701T150417767_20240701T150425767.fits,2024-07-01 15:04:17.767000,2024-07-01 15:04:25.767000,-129.274,55.6075,-129.295,54.2976,-127.738,54.2802,-127.667,55.5895,20,10,40,15,15,30,A
ch2_cla_l1_20240701T105912112_20240701T105920112.fits,2024-07-01 10:59:12.112000,2024-07-01 10:59:20.112000,-15.0925,88.9031,20.6018,88.0973,44.8377,88.3753,24.029,89.5302,20,10,40,15,15,30,A
ch2_cla_l1_20240701T173333826_20240701T173341826.fits,2024-07-01 17:33:33.826000,2024-07-01 17:33:41.826000,-131.98,-42.5793,-132.019,-43.8172,-130.866,-43.8307,-130.848,-42.5925,20,10,40,15,15,30,A
ch2_cla_l1_20240701T135541195_20240701T135549195.fits,2024-07-01 13:55:41.195000,2024-07-01 13:55:49.195000,97.8179,-88.6897,84.0386,-89.4228,167.594,-89.651,125.844,-89.0126,20,10,40,15,15,30,A
ch2_cla_l1_20240701T112040112_20240701T112048112.fits,2024-07-01 11:20:40.112000,2024-07-01 11:20:48.112000,-127.542,26.945,-127.555,25.5863,-126.491,25.5747,-126.465,26.9333,20,10,40,15,15,30,A
ch2_cla_l1_20240701T144713767_20240701T144721767.fits,2024-07-01 14:47:13.767000,2024-07-01 14:47:21.767000,47.2768,73.6109,47.5101,72.4818,49.8983,72.5086,49.8302,73.6396,20,10,40,15,15,30,A
ch2_cla_l1_20240701T111152112_20240701T111200112.fits,2024-07-01 11:11:52.112000,2024-07-01 11:12:00.112000,-127.173,53.2952,-127.191,51.9749,-125.698,51.9588,-125.636,53.2786,20,10,40,15,15,30,A
ch2_cla_l1_20240701T133117196_20240701T133125195.fits,2024-07-01 13:31:17.196000,2024-07-01 13:31:25.195000,-129.189,-15.0721,-129.208,-16.3909,-128.252,-16.4016,-128.237,-15.0827,20,10,40,15,15,30,A
ch2_cla_l1_20240701T170325826_20240701T170333826.fits,2024-07-01 17:03:25.826000,2024-07-01 17:03:33.826000,-130.483,47.9945,-130.501,46.6697,-129.154,46.6543,-129.103,47.9788,20,10,40,15,15,30,A
ch2_cla_l1_20240701T173901826_20240701T173909826.fits,2024-07-01 17:39:01.826000,2024-07-01 17:39:09.826000,-132.726,-59.2963,-132.807,-60.4724,-131.251,-60.4904,-131.221,-59.3138,20,10,40,15,15,30,A
ch2_cla_l1_20240701T085835848_20240701T085843848.fits,2024-07-01 08:58:35.848000,2024-07-01 08:58:43.848000,49.6089,77.2482,49.9818,76.1008,53.0611,76.1338,52.9671,77.2841,20,10,40,15,15,30,A
ch2_cla_l1_20240701T092339848_20240701T092347848.fits,2024-07-01 09:23:39.848000,2024-07-01 09:23:47.848000,-126.443,28.1713,-126.457,26.8111,-125.38,26.7996,-125.353,28.1596,20,10,40,15,15,30,A
ch2_cla_l1_20240701T111448112_20240701T111456112.fits,2024-07-01 11:14:48.112000,2024-07-01 11:14:56.112000,-127.312,44.4982,-127.327,43.1599,-126.04,43.1459,-125.997,44.4839,20,10,40,15,15,30,A
ch2_cla_l1_20240701T155145767_20240701T155153767.fits,2024-07-01 15:51:45.767000,2024-07-01 15:51:53.767000,-158.363,-87.9671,-153.88,-89.2087,-143.084,-88.5926,-140.046,-88.185,20,10,40,15,15,30,A
ch2_cla_l1_20240701T100611848_20240701T100619848.fits,2024-07-01 10:06:11.848000,2024-07-01 10:06:19.848000,54.7586,-77.5224,54.8878,-78.5313,57.8535,-78.4996,57.4812,-77.4933,20,10,40,15,15,30,A
ch2_cla_l1_20240701T093955848_20240701T094003848.fits,2024-07-01 09:39:55.848000,2024-07-01 09:40:03.848000,-127.094,-20.5837,-127.115,-21.8897,-126.142,-21.9003,-126.128,-20.5942,20,10,40,15,15,30,A
ch2_cla_l1_20240701T185018911_20240701T185026911.fits,2024-07-01 18:50:18.911000,2024-07-01 18:50:26.911000,-130.441,77.2999,-130.553,76.0596,-127.091,76.0191,-126.656,77.2557,20,10,40,15,15,30,A
ch2_cla_l1_20240701T111800112_20240701T111808112.fits,2024-07-01 11:18:00.112000,2024-07-01 11:18:08.112000,-127.442,34.9192,-127.455,33.567,-126.312,33.5546,-126.28,34.9065,20,10,40,15,15,30,A
ch2_cla_l1_20240701T144729767_20240701T144737767.fits,2024-07-01 14:47:29.767000,2024-07-01 14:47:37.767000,47.0798,74.4337,47.3383,73.3016,49.8522,73.3298,49.7775,74.4641,20,10,40,15,15,30,A
ch2_cla_l1_20240701T134621196_20240701T134629196.fits,2024-07-01 13:46:21.196000,2024-07-01 13:46:29.196000,-130.606,-60.8815,-130.692,-62.0487,-129.076,-62.0665,-129.046,-60.8988,20,10,40,15,15,30,A
ch2_cla_l1_20240701T173549826_20240701T173557826.fits,2024-07-01 17:35:49.826000,2024-07-01 17:35:57.826000,-132.224,-49.4936,-132.274,-50.7068,-131.002,-50.7216,-130.981,-49.5081,20,10,40,15,15,30,A
ch2_cla_l1_20240701T091315848_20240701T091323848.fits,2024-07-01 09:13:15.848000,2024-07-01 09:13:23.848000,-125.985,59.3262,-126.006,58.0186,-124.295,58.0003,-124.21,59.3073,20,10,40,15,15,30,A
ch2_cla_l1_20240701T135725195_20240701T135733195.fits,2024-07-01 13:57:25.195000,2024-07-01 13:57:33.195000,54.1163,-83.6858,54.6902,-84.7198,61.3295,-84.646,59.6789,-83.624,20,10,40,15,15,30,A
ch2_cla_l1_20240701T184210911_20240701T184218911.fits,2024-07-01 18:42:10.911000,2024-07-01 18:42:18.911000,43.1739,78.9648,43.6923,77.8208,47.188,77.8618,47.0362,79.0101,20,10,40,15,15,30,A
ch2_cla_l1_20240701T185402911_20240701T185410911.fits,2024-07-01 18:54:02.911000,2024-07-01 18:54:10.911000,-131.12,66.0014,-131.157,64.7244,-129.111,64.7006,-128.975,65.9764,20,10,40,15,15,30,A
ch2_cla_l1_20240701T191706911_20240701T191714911.fits,2024-07-01 19:17:06.911000,2024-07-01 19:17:14.911000,-132.276,-3.1803,-132.294,-4.5192,-131.352,-4.5304,-131.335,-3.1915,20,10,40,15,15,30,A
ch2_cla_l1_20240701T105928112_20240701T105936112.fits,2024-07-01 10:59:28.112000,2024-07-01 10:59:36.112000,-36.3457,89.7741,-58.8296,88.9038,-16.2623,88.9099,37.024,89.1736,20,10,40,15,15,30,A
ch2_cla_l1_20240701T150601767_20240701T150609767.fits,2024-07-01 15:06:01.767000,2024-07-01 15:06:09.767000,-129.371,50.4003,-129.389,49.0783,-127.982,49.0625,-127.926,50.3841,20,10,40,15,15,30,A
ch2_cla_l1_20240701T130957195_20240701T131005195.fits,2024-07-01 13:09:57.195000,2024-07-01 13:10:05.195000,-128.323,48.833,-128.339,47.5055,-126.967,47.4904,-126.915,48.8176,20,10,40,15,15,30,A
ch2_cla_l1_20240701T094819848_20240701T094827848.fits,2024-07-01 09:48:19.848000,2024-07-01 09:48:27.848000,-127.687,-46.0661,-127.728,-47.2883,-126.526,-47.3012,-126.509,-46.0788,20,10,40,15,15,30,A
ch2_cla_l1_20240701T112224112_20240701T112232112.fits,2024-07-01 11:22:24.112000,2024-07-01 11:22:32.112000,-127.606,21.7638,-127.619,20.4028,-126.593,20.3916,-126.57,21.7524,20,10,40,15,15,30,A
ch2_cla_l1_20240701T194034911_20240701T194042911.fits,2024-07-01 19:40:34.911000,2024-07-01 19:40:42.911000,-135.785,-74.5605,-136.087,-75.6772,-133.232,-75.7112,-133.126,-74.5921,20,10,40,15,15,30,A
ch2_cla_l1_20240701T124853195_20240701T124901195.fits,2024-07-01 12:48:53.195000,2024-07-01 12:49:01.195000,49.3187,68.2379,49.4506,67.1276,51.2465,67.1474,51.2057,68.2587,20,10,40,15,15,30,A
ch2_cla_l1_20240701T152257767_20240701T152305767.fits,2024-07-01 15:22:57.767000,2024-07-01 15:23:05.767000,-130.061,-0.2986,-130.077,-1.6435,-129.131,-1.6542,-129.115,-0.3093,20,10,40,15,15,30,A
ch2_cla_l1_20240701T131525195_20240701T131533195.fits,2024-07-01 13:15:25.195000,2024-07-01 13:15:33.195000,-128.555,32.4602,-128.569,31.1076,-127.455,31.0953,-127.425,32.4478,20,10,40,15,15,30,A
ch2_cla_l1_20240701T095115848_20240701T095123848.fits,2024-07-01 09:51:15.848000,2024-07-01 09:51:23.848000,-128.048,-55.0413,-128.109,-56.2288,-126.708,-56.2438,-126.686,-55.056,20,10,40,15,15,30,A
ch2_cla_l1_20240701T192354911_20240701T192402911.fits,2024-07-01 19:23:54.911000,2024-07-01 19:24:02.911000,-132.619,-23.6452,-132.643,-24.942,-131.657,-24.9538,-131.641,-23.6569,20,10,40,15,15,30,A
ch2_cla_l1_20240701T190234911_20240701T190242911.fits,2024-07-01 19:02:34.911000,2024-07-01 19:02:42.911000,-131.675,40.3416,-131.691,39.0054,-130.486,38.9914,-130.448,40.3273,20,10,40,15,15,30,A
ch2_cla_l1_20240701T193602911_20240701T193610911.fits,2024-07-01 19:36:02.911000,2024-07-01 19:36:10.911000,-133.934,-60.5877,-134.023,-61.7599,-132.41,-61.7791,-132.377,-60.6063,20,10,40,15,15,30,A
ch2_cla_l1_20240701T192010911_20240701T192018911.fits,2024-07-01 19:20:10.911000,2024-07-01 19:20:18.911000,-132.419,-12.3936,-132.439,-13.7169,-131.49,-13.7282,-131.474,-12.4049,20,10,40,15,15,30,A
ch2_cla_l1_20240701T152529767_20240701T152537767.fits,2024-07-01 15:25:29.767000,2024-07-01 15:25:37.767000,-130.169,-7.9009,-130.187,-9.2342,-129.242,-9.2449,-129.227,-7.9117,20,10,40,15,15,30,A
ch2_cla_l1_20240701T165749826_20240701T165757826.fits,2024-07-01 16:57:49.826000,2024-07-01 16:57:57.826000,-130.108,64.842,-130.141,63.5594,-128.165,63.5369,-128.041,64.8185,20,10,40,15,15,30,A
ch2_cla_l1_20240701T154401767_20240701T154409767.fits,2024-07-01 15:44:01.767000,2024-07-01 15:44:09.767000,-131.983,-64.2053,-132.092,-65.3606,-130.304,-65.3808,-130.266,-64.2247,20,10,40,15,15,30,A
ch2_cla_l1_20240701T193218911_20240701T193226911.fits,2024-07-01 19:32:18.911000,2024-07-01 19:32:26.911000,-133.319,-49.1509,-133.369,-50.3662,-132.102,-50.3814,-132.081,-49.1657,20,10,40,15,15,30,A
ch2_cla_l1_20240701T120024112_20240701T120032112.fits,2024-07-01 12:00:24.112000,2024-07-01 12:00:32.112000,55.8445,-84.9992,56.7717,-86.0348,65.5574,-85.9384,62.854,-84.9227,20,10,40,15,15,30,A
ch2_cla_l1_20240701T184914911_20240701T184922911.fits,2024-07-01 18:49:14.911000,2024-07-01 18:49:22.911000,-129.988,80.5378,-130.18,79.3089,-125.754,79.2571,-125.009,80.4796,20,10,40,15,15,30,A
ch2_cla_l1_20240701T132349195_20240701T132357195.fits,2024-07-01 13:23:49.195000,2024-07-01 13:23:57.195000,-128.872,7.3355,-128.886,5.9811,-127.926,5.9705,-127.908,7.3248,20,10,40,15,15,30,A
ch2_cla_l1_20240701T174125826_20240701T174133826.fits,2024-07-01 17:41:25.826000,2024-07-01 17:41:33.826000,-133.35,-66.6804,-133.483,-67.8274,-131.531,-67.85,-131.484,-66.702,20,10,40,15,15,30,A
ch2_cla_l1_20240701T154849767_20240701T154857767.fits,2024-07-01 15:48:49.767000,2024-07-01 15:48:57.767000,-134.975,-79.033,-135.549,-80.1264,-131.56,-80.1715,-131.37,-79.0738,20,10,40,15,15,30,A
ch2_cla_l1_20240701T091811848_20240701T091819848.fits,2024-07-01 09:18:11.848000,2024-07-01 09:18:19.848000,-126.233,44.5235,-126.247,43.1831,-124.957,43.1693,-124.913,44.5094,20,10,40,15,15,30,A
ch2_cla_l1_20240701T190154911_20240701T190202911.fits,2024-07-01 19:01:54.911000,2024-07-01 19:02:02.911000,-131.644,42.34,-131.661,41.0072,-130.424,40.9928,-130.383,42.3254,20,10,40,15,15,30,A
ch2_cla_l1_20240701T151345767_20240701T151353767.fits,2024-07-01 15:13:45.767000,2024-07-01 15:13:53.767000,-129.704,27.2364,-129.718,25.8817,-128.655,25.8698,-128.629,27.2243,20,10,40,15,15,30,A
ch2_cla_l1_20240701T115648112_20240701T115656112.fits,2024-07-01 11:56:48.112000,2024-07-01 11:56:56.112000,-135.105,-82.6437,-136.378,-83.7131,-130.305,-83.7792,-129.898,-82.7004,20,10,40,15,15,30,A
ch2_cla_l1_20240701T120032112_20240701T120040112.fits,2024-07-01 12:00:32.112000,2024-07-01 12:00:40.112000,55.575,-84.5837,56.3514,-85.618,64.3155,-85.5308,62.0455,-84.5131,20,10,40,15,15,30,A
ch2_cla_l1_20240701T100259848_20240701T100307848.fits,2024-07-01 10:02:59.848000,2024-07-01 10:03:07.848000,60.2558,-87.5152,65.1637,-88.5471,86.4418,-88.303,73.931,-87.3654,20,10,40,15,15,30,A
ch2_cla_l1_20240701T172237826_20240701T172245826.fits,2024-07-01 17:22:37.826000,2024-07-01 17:22:45.826000,-131.283,-9.5207,-131.302,-10.8501,-130.357,-10.8611,-130.341,-9.5316,20,10,40,15,15,30,A
ch2_cla_l1_20240701T172405826_20240701T172413826.fits,2024-07-01 17:24:05.826000,2024-07-01 17:24:13.826000,-131.353,-13.9317,-131.373,-15.2524,-130.42,-15.2635,-130.405,-13.9428,20,10,40,15,15,30,A
ch2_cla_l1_20240701T192850911_20240701T192858911.fits,2024-07-01 19:28:50.911000,2024-07-01 19:28:58.911000,-132.965,-38.5889,-133.0,-39.8408,-131.897,-39.854,-131.88,-38.6019,20,10,40,15,15,30,A
ch2_cla_l1_20240701T090827848_20240701T090835848.fits,2024-07-01 09:08:27.848000,2024-07-01 09:08:35.848000,-125.518,73.7991,-125.574,72.5352,-122.711,72.5045,-122.442,73.7662,20,10,40,15,15,30,A
ch2_cla_l1_20240701T174133826_20240701T174141826.fits,2024-07-01 17:41:33.826000,2024-07-01 17:41:41.826000,-133.396,-67.0913,-133.534,-68.2368,-131.551,-68.2597,-131.503,-67.1133,20,10,40,15,15,30,A
ch2_cla_l1_20240701T151513767_20240701T151521767.fits,2024-07-01 15:15:13.767000,2024-07-01 15:15:21.767000,-129.76,22.8497,-129.774,21.4928,-128.744,21.4813,-128.72,22.838,20,10,40,15,15,30,A
ch2_cla_l1_20240701T145617767_20240701T145625767.fits,2024-07-01 14:56:17.767000,2024-07-01 14:56:25.767000,-128.113,79.7659,-128.261,78.5296,-124.092,78.4828,-123.459,79.7136,20,10,40,15,15,30,A
ch2_cla_l1_20240701T115240112_20240701T115248112.fits,2024-07-01 11:52:40.112000,2024-07-01 11:52:48.112000,-130.369,-69.8523,-130.536,-70.9814,-128.333,-71.0053,-128.279,-69.875,20,10,40,15,15,30,A
ch2_cla_l1_20240701T170357826_20240701T170405826.fits,2024-07-01 17:03:57.826000,2024-07-01 17:04:05.826000,-130.51,46.3938,-130.527,45.066,-129.213,45.0511,-129.166,46.3786,20,10,40,15,15,30,A
ch2_cla_l1_20240701T125557195_20240701T125605195.fits,2024-07-01 12:55:57.195000,2024-07-01 12:56:05.195000,-48.5624,89.7592,10.1377,88.4561,40.1503,88.8222,34.1882,89.2167,20,10,40,15,15,30,A
ch2_cla_l1_20240701T171957826_20240701T172005826.fits,2024-07-01 17:19:57.826000,2024-07-01 17:20:05.826000,-131.165,-1.5145,-131.182,-2.8569,-130.239,-2.8678,-130.222,-1.5255,20,10,40,15,15,30,A
ch2_cla_l1_20240701T130029196_20240701T130037196.fits,2024-07-01 13:00:29.196000,2024-07-01 13:00:37.196000,-127.359,77.3638,-127.456,76.1167,-123.951,76.078,-123.521,77.3214,20,10,40,15,15,30,A
ch2_cla_l1_20240701T134453196_20240701T134501195.fits,2024-07-01 13:44:53.196000,2024-07-01 13:45:01.195000,-130.329,-56.3762,-130.396,-57.5612,-128.949,-57.5772,-128.924,-56.3918,20,10,40,15,15,30,A
ch2_cla_l1_20240701T174917826_20240701T174925826.fits,2024-07-01 17:49:17.826000,2024-07-01 17:49:25.826000,57.9091,-87.7859,65.789,-88.8175,89.942,-88.5018,73.1698,-87.6029,20,10,40,15,15,30,A
ch2_cla_l1_20240701T172157826_20240701T172205826.fits,2024-07-01 17:21:57.826000,2024-07-01 17:22:05.826000,-131.253,-7.5175,-131.271,-8.8505,-130.327,-8.8615,-130.312,-7.5285,20,10,40,15,15,30,A
ch2_cla_l1_20240701T091051848_20240701T091059848.fits,2024-07-01 09:10:51.848000,2024-07-01 09:10:59.848000,-125.807,66.5524,-125.837,65.2653,-123.724,65.2427,-123.587,66.5287,20,10,40,15,15,30,A
ch2_cla_l1_20240701T184658911_20240701T184706911.fits,2024-07-01 18:46:58.911000,2024-07-01 18:47:06.911000,-125.424,87.4269,-127.38,86.227,-115.631,86.0876,-108.823,87.2271,20,10,40,15,15,30,A
ch2_cla_l1_20240701T193026911_20240701T193034911.fits,2024-07-01 19:30:26.911000,2024-07-01 19:30:34.911000,-133.112,-43.457,-133.153,-44.6926,-131.986,-44.7066,-131.967,-43.4707,20,10,40,15,15,30,A
ch2_cla_l1_20240701T152121767_20240701T152129767.fits,2024-07-01 15:21:21.767000,2024-07-01 15:21:29.767000,-129.996,4.4962,-130.011,3.1459,-129.059,3.1351,-129.041,4.4854,20,10,40,15,15,30,A
ch2_cla_l1_20240701T090643848_20240701T090651848.fits,2024-07-01 09:06:43.848000,2024-07-01 09:06:51.848000,-125.117,79.047,-125.23,77.8012,-121.258,77.7586,-120.709,78.9998,20,10,40,15,15,30,A
ch2_cla_l1_20240701T110336112_20240701T110344112.fits,2024-07-01 11:03:36.112000,2024-07-01 11:03:44.112000,-126.241,78.2243,-126.345,76.978,-122.617,76.9375,-122.133,78.1797,20,10,40,15,15,30,A
ch2_cla_l1_20240701T110504112_20240701T110512112.fits,2024-07-01 11:05:04.112000,2024-07-01 11:05:12.112000,-126.573,73.7833,-126.632,72.5216,-123.778,72.4906,-123.509,73.75,20,10,40,15,15,30,A
ch2_cla_l1_20240701T165341826_20240701T165349826.fits,2024-07-01 16:53:41.826000,2024-07-01 16:53:49.826000,-129.423,77.3441,-129.529,76.1015,-126.047,76.0617,-125.614,77.3006,20,10,40,15,15,30,A
ch2_cla_l1_20240701T154009767_20240701T154017767.fits,2024-07-01 15:40:09.767000,2024-07-01 15:40:17.767000,-131.238,-52.334,-131.294,-53.5352,-129.958,-53.5504,-129.936,-52.3487,20,10,40,15,15,30,A
ch2_cla_l1_20240701T194530911_20240701T194538911.fits,2024-07-01 19:45:30.911000,2024-07-01 19:45:38.911000,93.0206,-88.5844,79.2752,-89.3152,147.824,-89.6388,118.475,-88.9371,20,10,40,15,15,30,A
ch2_cla_l1_20240701T125637195_20240701T125645195.fits,2024-07-01 12:56:37.195000,2024-07-01 12:56:45.195000,-113.368,89.0893,-121.861,87.9024,-101.918,87.6743,-78.7389,88.645,20,10,40,15,15,30,A
ch2_cla_l1_20240701T124909195_20240701T124917195.fits,2024-07-01 12:49:09.195000,2024-07-01 12:49:17.195000,49.2073,69.0637,49.3494,67.95,51.218,67.9706,51.1748,69.0853,20,10,40,15,15,30,A
ch2_cla_l1_20240701T133205195_20240701T133213195.fits,2024-07-01 13:32:05.195000,2024-07-01 13:32:13.195000,-129.228,-17.4814,-129.248,-18.7947,-128.286,-18.8055,-128.271,-17.4921,20,10,40,15,15,30,A
ch2_cla_l1_20240701T111952112_20240701T112000112.fits,2024-07-01 11:19:52.112000,2024-07-01 11:20:00.112000,-127.512,29.3368,-127.526,27.9796,-126.441,27.9678,-126.413,29.3249,20,10,40,15,15,30,A
ch2_cla_l1_20240701T185226911_20240701T185234911.fits,2024-07-01 18:52:26.911000,2024-07-01 18:52:34.911000,-130.914,70.8371,-130.968,69.5752,-128.51,69.5465,-128.306,70.8067,20,10,40,15,15,30,A
ch2_cla_l1_20240701T192458911_20240701T192506911.fits,2024-07-01 19:24:58.911000,2024-07-01 19:25:06.911000,-132.684,-26.8684,-132.71,-28.1564,-131.706,-28.1684,-131.69,-26.8803,20,10,40,15,15,30,A
ch2_cla_l1_20240701T110352112_20240701T110400112.fits,2024-07-01 11:03:52.112000,2024-07-01 11:04:00.112000,-126.317,77.4163,-126.409,76.167,-122.882,76.1287,-122.454,77.3743,20,10,40,15,15,30,A
ch2_cla_l1_20240701T173141826_20240701T173149826.fits,2024-07-01 17:31:41.826000,2024-07-01 17:31:49.826000,-131.819,-36.9023,-131.852,-38.1596,-130.767,-38.1722,-130.751,-36.9148,20,10,40,15,15,30,A
ch2_cla_l1_20240701T135733195_20240701T135741195.fits,2024-07-01 13:57:33.195000,2024-07-01 13:57:41.195000,53.9377,-83.2699,54.4375,-84.3026,60.5881,-84.2342,59.1506,-83.2121,20,10,40,15,15,30,A
ch2_cla_l1_20240701T130821195_20240701T130829195.fits,2024-07-01 13:08:21.195000,2024-07-01 13:08:29.195000,-128.241,53.6358,-128.26,52.3187,-126.761,52.3022,-126.697,53.6188,20,10,40,15,15,30,A
ch2_cla_l1_20240701T112232112_20240701T112240112.fits,2024-07-01 11:22:32.112000,2024-07-01 11:22:40.112000,-127.611,21.3649,-127.624,20.0039,-126.6,19.9928,-126.577,21.3537,20,10,40,15,15,30,A
ch2_cla_l1_20240701T191122911_20240701T191130911.fits,2024-07-01 19:11:22.911000,2024-07-01 19:11:30.911000,-132.038,13.9983,-132.053,12.6448,-131.075,12.6333,-131.055,13.9867,20,10,40,15,15,30,A
ch2_cla_l1_20240701T092747848_20240701T092755848.fits,2024-07-01 09:27:47.848000,2024-07-01 09:27:55.848000,-126.593,15.8174,-126.606,14.4553,-125.611,14.4445,-125.591,15.8066,20,10,40,15,15,30,A
ch2_cla_l1_20240701T164813826_20240701T164821826.fits,2024-07-01 16:48:13.826000,2024-07-01 16:48:21.826000,29.2918,86.999,35.0143,85.8703,45.7806,85.995,44.1789,87.1733,20,10,40,15,15,30,A
ch2_cla_l1_20240701T190730911_20240701T190738911.fits,2024-07-01 19:07:30.911000,2024-07-01 19:07:38.911000,-131.884,25.5692,-131.899,24.2175,-130.854,24.2053,-130.828,25.5569,20,10,40,15,15,30,A
ch2_cla_l1_20240701T131205195_20240701T131213196.fits,2024-07-01 13:12:05.195000,2024-07-01 13:12:13.196000,-128.42,42.4379,-128.435,41.0985,-127.188,41.0848,-127.147,42.4239,20,10,40,15,15,30,A
ch2_cla_l1_20240701T150209767_20240701T150217767.fits,2024-07-01 15:02:09.767000,2024-07-01 15:02:17.767000,-129.129,62.0281,-129.156,60.7348,-127.333,60.7144,-127.232,62.0068,20,10,40,15,15,30,A
ch2_cla_l1_20240701T114704112_20240701T114712112.fits,2024-07-01 11:47:04.112000,2024-07-01 11:47:12.112000,-129.04,-52.6252,-129.095,-53.8232,-127.757,-53.8378,-127.736,-52.6394,20,10,40,15,15,30,A
ch2_cla_l1_20240701T114136112_20240701T114144112.fits,2024-07-01 11:41:36.112000,2024-07-01 11:41:44.112000,-128.5,-35.9549,-128.53,-37.2141,-127.458,-37.2258,-127.443,-35.9665,20,10,40,15,15,30,A
ch2_cla_l1_20240701T094443848_20240701T094451848.fits,2024-07-01 09:44:43.848000,2024-07-01 09:44:51.848000,-127.383,-35.1076,-127.411,-36.3684,-126.348,-36.3801,-126.333,-35.1189,20,10,40,15,15,30,A
ch2_cla_l1_20240701T095251848_20240701T095259848.fits,2024-07-01 09:52:51.848000,2024-07-01 09:52:59.848000,-128.324,-59.9551,-128.403,-61.1229,-126.833,-61.1397,-126.806,-59.9713,20,10,40,15,15,30,A
ch2_cla_l1_20240701T155713767_20240701T155721767.fits,2024-07-01 15:57:13.767000,2024-07-01 15:57:21.767000,51.2463,-73.6396,51.3304,-74.6435,53.539,-74.6186,53.3177,-73.6163,20,10,40,15,15,30,A
ch2_cla_l1_20240701T170333826_20240701T170341826.fits,2024-07-01 17:03:33.826000,2024-07-01 17:03:41.826000,-130.49,47.5942,-130.507,46.2686,-129.169,46.2534,-129.119,47.5786,20,10,40,15,15,30,A
ch2_cla_l1_20240701T153417767_20240701T153425767.fits,2024-07-01 15:34:17.767000,2024-07-01 15:34:25.767000,-130.659,-34.4577,-130.689,-35.7222,-129.629,-35.7343,-129.614,-34.4696,20,10,40,15,15,30,A
ch2_cla_l1_20240701T092923848_20240701T092931848.fits,2024-07-01 09:29:23.848000,2024-07-01 09:29:31.848000,-126.651,11.033,-126.665,9.673,-125.69,9.6624,-125.671,11.0224,20,10,40,15,15,30,A
ch2_cla_l1_20240701T114912112_20240701T114920112.fits,2024-07-01 11:49:12.112000,2024-07-01 11:49:20.112000,-129.383,-59.1697,-129.459,-60.3421,-127.917,-60.3588,-127.891,-59.1859,20,10,40,15,15,30,A
ch2_cla_l1_20240701T112152112_20240701T112200112.fits,2024-07-01 11:21:52.112000,2024-07-01 11:22:00.112000,-127.586,23.3577,-127.6,21.9974,-126.563,21.9861,-126.539,23.3463,20,10,40,15,15,30,A
ch2_cla_l1_20240701T111040112_20240701T111048112.fits,2024-07-01 11:10:40.112000,2024-07-01 11:10:48.112000,-127.106,56.9001,-127.126,55.5886,-125.516,55.5711,-125.441,56.8821,20,10,40,15,15,30,A
ch2_cla_l1_20240701T164605826_20240701T164613826.fits,2024-07-01 16:46:05.826000,2024-07-01 16:46:13.826000,43.3944,80.5674,44.0866,79.4169,48.1492,79.4635,47.9579,80.6198,20,10,40,15,15,30,A
ch2_cla_l1_20240701T194018911_20240701T194026911.fits,2024-07-01 19:40:18.911000,2024-07-01 19:40:26.911000,-135.592,-73.7364,-135.864,-74.8564,-133.147,-74.8887,-133.052,-73.7666,20,10,40,15,15,30,A
ch2_cla_l1_20240701T135149195_20240701T135157195.fits,2024-07-01 13:51:49.195000,2024-07-01 13:51:57.195000,-133.288,-77.7584,-133.739,-78.8556,-130.184,-78.895,-130.039,-77.7944,20,10,40,15,15,30,A
ch2_cla_l1_20240701T094835848_20240701T094843848.fits,2024-07-01 09:48:35.848000,2024-07-01 09:48:43.848000,-127.715,-46.8803,-127.757,-48.0994,-126.541,-48.1125,-126.524,-46.8931,20,10,40,15,15,30,A
ch2_cla_l1_20240701T173325826_20240701T173333826.fits,2024-07-01 17:33:25.826000,2024-07-01 17:33:33.826000,-131.968,-42.1733,-132.006,-43.4127,-130.858,-43.4261,-130.841,-42.1864,20,10,40,15,15,30,A
ch2_cla_l1_20240701T164829826_20240701T164837826.fits,2024-07-01 16:48:29.826000,2024-07-01 16:48:37.826000,21.9917,87.7478,31.4581,86.6527,44.819,86.8083,42.0045,87.9869,20,10,40,15,15,30,A
ch2_cla_l1_20240701T091339848_20240701T091347848.fits,2024-07-01 09:13:39.848000,2024-07-01 09:13:47.848000,-126.009,58.1237,-126.03,56.8129,-124.368,56.7952,-124.288,58.1053,20,10,40,15,15,30,A
ch2_cla_l1_20240701T112448112_20240701T112456112.fits,2024-07-01 11:24:48.112000,2024-07-01 11:24:56.112000,-127.694,14.5878,-127.707,13.2276,-126.72,13.2168,-126.7,14.5769,20,10,40,15,15,30,A
ch2_cla_l1_20240701T170901826_20240701T170909826.fits,2024-07-01 17:09:01.826000,2024-07-01 17:09:09.826000,-130.731,31.2149,-130.745,29.8655,-129.649,29.8529,-129.62,31.2023,20,10,40,15,15,30,A
ch2_cla_l1_20240701T155057767_20240701T155105767.fits,2024-07-01 15:50:57.767000,2024-07-01 15:51:05.767000,-142.671,-85.608,-146.733,-86.6459,-135.484,-86.775,-134.058,-85.7061,20,10,40,15,15,30,A
ch2_cla_l1_20240701T135853195_20240701T135901195.fits,2024-07-01 13:58:53.195000,2024-07-01 13:59:01.195000,52.8876,-79.1031,53.0691,-80.1223,56.5668,-80.0836,56.0551,-79.0681,20,10,40,15,15,30,A
ch2_cla_l1_20240701T185034911_20240701T185042911.fits,2024-07-01 18:50:34.911000,2024-07-01 18:50:42.911000,-130.522,76.4912,-130.623,75.2478,-127.335,75.2095,-126.946,76.4494,20,10,40,15,15,30,A
ch2_cla_l1_20240701T114928112_20240701T114936112.fits,2024-07-01 11:49:28.112000,2024-07-01 11:49:36.112000,-129.435,-59.9893,-129.515,-61.1584,-127.941,-61.1755,-127.913,-60.0059,20,10,40,15,15,30,A
ch2_cla_l1_20240701T170549826_20240701T170557826.fits,2024-07-01 17:05:49.826000,2024-07-01 17:05:57.826000,-130.596,40.7974,-130.612,39.4596,-129.397,39.4458,-129.358,40.7833,20,10,40,15,15,30,A
ch2_cla_l1_20240701T092315848_20240701T092323848.fits,2024-07-01 09:23:15.848000,2024-07-01 09:23:23.848000,-126.429,29.3668,-126.442,28.0077,-125.354,27.996,-125.327,29.355,20,10,40,15,15,30,A
ch2_cla_l1_20240701T085819848_20240701T085827848.fits,2024-07-01 08:58:19.848000,2024-07-01 08:58:27.848000,49.8885,76.4278,50.2184,75.2833,53.1163,75.3143,53.0322,76.4614,20,10,40,15,15,30,A
ch2_cla_l1_20240701T112800112_20240701T112808112.fits,2024-07-01 11:28:00.112000,2024-07-01 11:28:08.112000,-127.814,5.0127,-127.829,3.659,-126.872,3.6485,-126.855,5.0022,20,10,40,15,15,30,A
ch2_cla_l1_20240701T194402911_20240701T194410911.fits,2024-07-01 19:44:02.911000,2024-07-01 19:44:10.911000,-144.322,-85.2547,-147.88,-86.3015,-137.595,-86.4255,-136.283,-85.351,20,10,40,15,15,30,A
ch2_cla_l1_20240701T111224112_20240701T111232112.fits,2024-07-01 11:12:24.112000,2024-07-01 11:12:32.112000,-127.201,51.6943,-127.217,50.3704,-125.77,50.3547,-125.712,51.6782,20,10,40,15,15,30,A
ch2_cla_l1_20240701T155729767_20240701T155737767.fits,2024-07-01 15:57:29.767000,2024-07-01 15:57:37.767000,51.1843,-72.8028,51.2606,-73.8041,53.3478,-73.7806,53.1486,-72.7807,20,10,40,15,15,30,A
ch2_cla_l1_20240701T192706911_20240701T192714911.fits,2024-07-01 19:27:06.911000,2024-07-01 19:27:14.911000,-132.828,-33.3275,-132.859,-34.5965,-131.808,-34.609,-131.792,-33.34,20,10,40,15,15,30,A
ch2_cla_l1_20240701T153601767_20240701T153609767.fits,2024-07-01 15:36:01.767000,2024-07-01 15:36:09.767000,-130.795,-39.723,-130.83,-40.9701,-129.715,-40.9828,-129.699,-39.7355,20,10,40,15,15,30,A
ch2_cla_l1_20240701T191354911_20240701T191402911.fits,2024-07-01 19:13:54.911000,2024-07-01 19:14:02.911000,-132.14,6.4131,-132.157,5.0635,-131.203,5.0522,-131.184,6.4018,20,10,40,15,15,30,A
ch2_cla_l1_20240701T174749826_20240701T174757826.fits,2024-07-01 17:47:49.826000,2024-07-01 17:47:57.826000,-146.96,-86.4143,-153.553,-87.4279,-138.913,-87.6026,-136.43,-86.5378,20,10,40,15,15,30,A
ch2_cla_l1_20240701T145401767_20240701T145409767.fits,2024-07-01 14:54:01.767000,2024-07-01 14:54:09.767000,-125.209,86.6521,-126.321,85.4428,-116.39,85.3306,-111.951,86.5011,20,10,40,15,15,30,A
ch2_cla_l1_20240701T184506911_20240701T184514911.fits,2024-07-01 18:45:06.911000,2024-07-01 18:45:14.911000,20.1403,87.7737,29.9312,86.6849,43.3813,86.8455,40.3137,88.0213,20,10,40,15,15,30,A
ch2_cla_l1_20240701T133421196_20240701T133429196.fits,2024-07-01 13:34:21.196000,2024-07-01 13:34:29.196000,-129.349,-24.3199,-129.372,-25.6153,-128.382,-25.6263,-128.368,-24.3309,20,10,40,15,15,30,A
ch2_cla_l1_20240701T132525195_20240701T132533195.fits,2024-07-01 13:25:25.195000,2024-07-01 13:25:33.195000,-128.934,2.544,-128.95,1.1943,-127.999,1.1837,-127.982,2.5334,20,10,40,15,15,30,A
ch2_cla_l1_20240701T151257767_20240701T151305767.fits,2024-07-01 15:12:57.767000,2024-07-01 15:13:05.767000,-129.673,29.6295,-129.687,28.2765,-128.604,28.2643,-128.576,29.6172,20,10,40,15,15,30,A
ch2_cla_l1_20240701T151529767_20240701T151537767.fits,2024-07-01 15:15:29.767000,2024-07-01 15:15:37.767000,-129.77,22.0521,-129.784,20.6953,-128.76,20.6837,-128.736,22.0405,20,10,40,15,15,30,A
ch2_cla_l1_20240701T115024112_20240701T115032112.fits,2024-07-01 11:50:24.112000,2024-07-01 11:50:32.112000,-129.641,-62.8609,-129.738,-64.0198,-128.031,-64.038,-127.998,-62.8788,20,10,40,15,15,30,A
ch2_cla_l1_20240701T190602911_20240701T190610911.fits,2024-07-01 19:06:02.911000,2024-07-01 19:06:10.911000,-131.824,29.9587,-131.839,28.6099,-130.758,28.5973,-130.729,29.9459,20,10,40,15,15,30,A
ch2_cla_l1_20240701T184938911_20240701T184946911.fits,2024-07-01 18:49:38.911000,2024-07-01 18:49:46.911000,-130.188,79.3232,-130.342,78.0898,-126.339,78.043,-125.741,79.2712,20,10,40,15,15,30,A
ch2_cla_l1_20240701T191010911_20240701T191018911.fits,2024-07-01 19:10:10.911000,2024-07-01 19:10:18.911000,-131.99,17.5897,-132.005,16.2355,-131.011,16.2238,-130.989,17.578,20,10,40,15,15,30,A
ch2_cla_l1_20240701T193234911_20240701T193242911.fits,2024-07-01 19:32:34.911000,2024-07-01 19:32:42.911000,-133.352,-49.9657,-133.404,-51.1781,-132.12,-51.1935,-132.098,-49.9807,20,10,40,15,15,30,A
ch2_cla_l1_20240701T092811848_20240701T092819848.fits,2024-07-01 09:28:11.848000,2024-07-01 09:28:19.848000,-126.607,14.6213,-126.621,13.2597,-125.631,13.249,-125.611,14.6106,20,10,40,15,15,30,A
ch2_cla_l1_20240701T190218911_20240701T190226911.fits,2024-07-01 19:02:18.911000,2024-07-01 19:02:26.911000,-131.663,41.1408,-131.68,39.8061,-130.462,39.792,-130.423,41.1264,20,10,40,15,15,30,A
ch2_cla_l1_20240701T165125826_20240701T165133826.fits,2024-07-01 16:51:25.826000,2024-07-01 16:51:33.826000,-127.959,84.2276,-128.405,83.0101,-121.788,82.9341,-120.002,84.1361,20,10,40,15,15,30,A
ch2_cla_l1_20240701T135757195_20240701T135805196.fits,2024-07-01 13:57:57.195000,2024-07-01 13:58:05.196000,53.5116,-82.0211,53.859,-83.0498,58.886,-82.994,57.89,-81.9726,20,10,40,15,15,30,A
ch2_cla_l1_20240701T145849767_20240701T145857767.fits,2024-07-01 14:58:49.767000,2024-07-01 14:58:57.767000,-128.766,72.0903,-128.82,70.8278,-126.207,70.7985,-125.98,72.0591,20,10,40,15,15,30,A
ch2_cla_l1_20240701T100107848_20240701T100115848.fits,2024-07-01 10:01:07.848000,2024-07-01 10:01:15.848000,-138.568,-85.4894,-142.214,-86.526,-131.457,-86.6423,-130.262,-85.5787,20,10,40,15,15,30,A
ch2_cla_l1_20240701T152345767_20240701T152353767.fits,2024-07-01 15:23:45.767000,2024-07-01 15:23:53.767000,-130.094,-2.6977,-130.111,-4.0394,-129.167,-4.0501,-129.151,-2.7084,20,10,40,15,15,30,A
ch2_cla_l1_20240701T125757195_20240701T125805195.fits,2024-07-01 12:57:57.195000,2024-07-01 12:58:05.195000,-125.644,85.0537,-126.175,83.8349,-118.68,83.752,-116.381,84.9507,20,10,40,15,15,30,A
ch2_cla_l1_20240701T095139848_20240701T095147848.fits,2024-07-01 09:51:39.848000,2024-07-01 09:51:47.848000,-128.11,-56.2685,-128.175,-57.4511,-126.737,-57.4665,-126.714,-56.2835,20,10,40,15,15,30,A
ch2_cla_l1_20240701T134845195_20240701T134853195.fits,2024-07-01 13:48:45.195000,2024-07-01 13:48:53.195000,-131.286,-68.2755,-131.433,-69.4127,-129.367,-69.4355,-129.318,-68.2972,20,10,40,15,15,30,A
ch2_cla_l1_20240701T193154911_20240701T193202911.fits,2024-07-01 19:31:54.911000,2024-07-01 19:32:02.911000,-133.27,-47.9296,-133.318,-49.1492,-132.076,-49.164,-132.055,-47.9441,20,10,40,15,15,30,A
ch2_cla_l1_20240701T150201767_20240701T150209767.fits,2024-07-01 15:02:01.767000,2024-07-01 15:02:09.767000,-129.118,62.4298,-129.146,61.1379,-127.303,61.1173,-127.198,62.4083,20,10,40,15,15,30,A
ch2_cla_l1_20240701T191306911_20240701T191314911.fits,2024-07-01 19:13:06.911000,2024-07-01 19:13:14.911000,-132.108,8.8092,-132.124,7.4576,-131.163,7.4464,-131.144,8.7978,20,10,40,15,15,30,A
ch2_cla_l1_20240701T112624112_20240701T112632112.fits,2024-07-01 11:26:24.112000,2024-07-01 11:26:32.112000,-127.753,9.8019,-127.767,8.444,-126.798,8.4334,-126.78,9.7912,20,10,40,15,15,30,A
ch2_cla_l1_20240701T130829195_20240701T130837195.fits,2024-07-01 13:08:29.195000,2024-07-01 13:08:37.195000,-128.248,53.2353,-128.266,51.9173,-126.78,51.9009,-126.717,53.2184,20,10,40,15,15,30,A
ch2_cla_l1_20240701T194434911_20240701T194442911.fits,2024-07-01 19:44:34.911000,2024-07-01 19:44:42.911000,-150.754,-86.8596,-159.946,-87.8478,-142.485,-88.0663,-138.734,-87.0055,20,10,40,15,15,30,A
ch2_cla_l1_20240701T173149826_20240701T173157826.fits,2024-07-01 17:31:49.826000,2024-07-01 17:31:57.826000,-131.829,-37.3074,-131.862,-38.5633,-130.774,-38.5759,-130.758,-37.3199,20,10,40,15,15,30,A
ch2_cla_l1_20240701T091715848_20240701T091723848.fits,2024-07-01 09:17:15.848000,2024-07-01 09:17:23.848000,-126.192,47.3199,-126.207,45.9844,-124.861,45.97,-124.813,47.3051,20,10,40,15,15,30,A
ch2_cla_l1_20240701T153825767_20240701T153833767.fits,2024-07-01 15:38:25.767000,2024-07-01 15:38:33.767000,-131.026,-47.0358,-131.07,-48.2571,-129.847,-48.271,-129.828,-47.0494,20,10,40,15,15,30,A
ch2_cla_l1_20240701T124901195_20240701T124909195.fits,2024-07-01 12:49:01.195000,2024-07-01 12:49:09.195000,49.2641,68.6507,49.4008,67.539,51.2324,67.5592,51.1905,68.6719,20,10,40,15,15,30,A
ch2_cla_l1_20240701T135325195_20240701T135333195.fits,2024-07-01 13:53:25.195000,2024-07-01 13:53:33.195000,-136.358,-82.7087,-137.677,-83.7796,-131.521,-83.8479,-131.089,-82.7671,20,10,40,15,15,30,A
ch2_cla_l1_20240701T185002911_20240701T185010911.fits,2024-07-01 18:50:02.911000,2024-07-01 18:50:10.911000,-130.349,78.1092,-130.476,76.8713,-126.817,76.8286,-126.326,78.0621,20,10,40,15,15,30,A
ch2_cla_l1_20240701T184610911_20240701T184618911.fits,2024-07-01 18:46:10.911000,2024-07-01 18:46:18.911000,-114.444,89.0538,-119.601,88.6579,-92.4448,88.3092,-64.4909,89.6988,20,10,40,15,15,30,A
ch2_cla_l1_20240701T125325195_20240701T125333196.fits,2024-07-01 12:53:25.195000,2024-07-01 12:53:33.196000,44.3803,82.1989,45.3565,81.0408,50.2181,81.0946,49.9707,82.2606,20,10,40,15,15,30,A
ch2_cla_l1_20240701T111048112_20240701T111056112.fits,2024-07-01 11:10:48.112000,2024-07-01 11:10:56.112000,-127.114,56.4993,-127.134,55.1869,-125.537,55.1695,-125.465,56.4815,20,10,40,15,15,30,A
ch2_cla_l1_20240701T155545767_20240701T155553767.fits,2024-07-01 15:55:45.767000,2024-07-01 15:55:53.767000,51.7267,-78.2353,51.888,-79.254,55.1053,-79.2176,54.6626,-78.2021,20,10,40,15,15,30,A
ch2_cla_l1_20240701T092739848_20240701T092747848.fits,2024-07-01 09:27:39.848000,2024-07-01 09:27:47.848000,-126.588,16.216,-126.601,14.8537,-125.604,14.8429,-125.584,16.2052,20,10,40,15,15,30,A
ch2_cla_l1_20240701T111752112_20240701T111800112.fits,2024-07-01 11:17:52.112000,2024-07-01 11:18:00.112000,-127.437,35.318,-127.45,33.9664,-126.302,33.9539,-126.27,35.3054,20,10,40,15,15,30,A
ch2_cla_l1_20240701T185418911_20240701T185426911.fits,2024-07-01 18:54:18.911000,2024-07-01 18:54:26.911000,-131.147,65.1962,-131.183,63.917,-129.19,63.8938,-129.062,65.1719,20,10,40,15,15,30,A
ch2_cla_l1_20240701T100211848_20240701T100219848.fits,2024-07-01 10:02:11.848000,2024-07-01 10:02:19.848000,168.797,-88.9701,145.042,-89.0702,148.596,-89.7064,-167.33,-88.5741,20,10,40,15,15,30,A
ch2_cla_l1_20240701T094803848_20240701T094811848.fits,2024-07-01 09:48:03.848000,2024-07-01 09:48:11.848000,-127.66,-45.2523,-127.701,-46.4775,-126.512,-46.4903,-126.495,-45.2648,20,10,40,15,15,30,A
ch2_cla_l1_20240701T173853826_20240701T173901826.fits,2024-07-01 17:38:53.826000,2024-07-01 17:39:01.826000,-132.699,-58.8869,-132.779,-60.0645,-131.238,-60.0824,-131.209,-58.9042,20,10,40,15,15,30,A
ch2_cla_l1_20240701T170725826_20240701T170733826.fits,2024-07-01 17:07:25.826000,2024-07-01 17:07:33.826000,-130.665,36.0046,-130.68,34.6601,-129.531,34.647,-129.498,35.9913,20,10,40,15,15,30,A
ch2_cla_l1_20240701T190554911_20240701T190602911.fits,2024-07-01 19:05:54.911000,2024-07-01 19:06:02.911000,-131.819,30.3578,-131.834,29.0094,-130.749,28.9968,-130.719,30.345,20,10,40,15,15,30,A
ch2_cla_l1_20240701T151745767_20240701T151753767.fits,2024-07-01 15:17:45.767000,2024-07-01 15:17:53.767000,-129.856,15.2724,-129.87,13.9151,-128.883,13.904,-128.863,15.2611,20,10,40,15,15,30,A
ch2_cla_l1_20240701T125717196_20240701T125725195.fits,2024-07-01 12:57:17.196000,2024-07-01 12:57:25.195000,-123.726,87.0795,-125.094,85.8712,-114.179,85.7469,-108.678,86.9093,20,10,40,15,15,30,A
ch2_cla_l1_20240701T115248112_20240701T115256112.fits,2024-07-01 11:52:48.112000,2024-07-01 11:52:56.112000,-130.427,-70.2643,-130.601,-71.3917,-128.356,-71.4161,-128.3,-70.2874,20,10,40,15,15,30,A
ch2_cla_l1_20240701T193618911_20240701T193626911.fits,2024-07-01 19:36:18.911000,2024-07-01 19:36:26.911000,-133.995,-61.4071,-134.089,-62.5762,-132.439,-62.5958,-132.404,-61.426,20,10,40,15,15,30,A
ch2_cla_l1_20240701T120424112_20240701T120432112.fits,2024-07-01 12:04:24.112000,2024-07-01 12:04:32.112000,53.2709,-72.4777,53.3397,-73.4728,55.3635,-73.4508,55.1781,-72.4569,20,10,40,15,15,30,A
ch2_cla_l1_20240701T131413196_20240701T131421195.fits,2024-07-01 13:14:13.196000,2024-07-01 13:14:21.195000,-128.508,36.0506,-128.522,34.702,-127.367,34.6893,-127.334,36.0377,20,10,40,15,15,30,A
ch2_cla_l1_20240701T110944112_20240701T110952112.fits,2024-07-01 11:09:44.112000,2024-07-01 11:09:52.112000,-127.048,59.7068,-127.071,58.4026,-125.348,58.3839,-125.261,59.6874,20,10,40,15,15,30,A
ch2_cla_l1_20240701T174525826_20240701T174533826.fits,2024-07-01 17:45:25.826000,2024-07-01 17:45:33.826000,-136.149,-79.0385,-136.735,-80.1338,-132.73,-80.1801,-132.531,-79.0804,20,10,40,15,15,30,A
ch2_cla_l1_20240701T113856112_20240701T113904112.fits,2024-07-01 11:38:56.112000,2024-07-01 11:39:04.112000,-128.322,-27.8723,-128.347,-29.1572,-127.338,-29.1683,-127.324,-27.8833,20,10,40,15,15,30,A
ch2_cla_l1_20240701T190634911_20240701T190642911.fits,2024-07-01 19:06:34.911000,2024-07-01 19:06:42.911000,-131.846,28.3625,-131.861,27.0124,-130.794,27.0,-130.766,28.3499,20,10,40,15,15,30,A
ch2_cla_l1_20240701T192410911_20240701T192418911.fits,2024-07-01 19:24:10.911000,2024-07-01 19:24:18.911000,-132.635,-24.4506,-132.659,-25.7455,-131.669,-25.7573,-131.654,-24.4623,20,10,40,15,15,30,A
ch2_cla_l1_20240701T193202911_20240701T193210911.fits,2024-07-01 19:32:02.911000,2024-07-01 19:32:10.911000,-133.286,-48.3365,-133.335,-49.5546,-132.084,-49.5696,-132.063,-48.3512,20,10,40,15,15,30,A
ch2_cla_l1_20240701T172845826_20240701T172853826.fits,2024-07-01 17:28:45.826000,2024-07-01 17:28:53.826000,-131.612,-28.0113,-131.638,-29.2961,-130.627,-29.3079,-130.612,-28.023,20,10,40,15,15,30,A
ch2_cla_l1_20240701T152129767_20240701T152137767.fits,2024-07-01 15:21:29.767000,2024-07-01 15:21:37.767000,-130.001,4.097,-130.017,2.7469,-129.065,2.7361,-129.047,4.0861,20,10,40,15,15,30,A
ch2_cla_l1_20240701T195106911_20240701T195114911.fits,2024-07-01 19:51:06.911000,2024-07-01 19:51:14.911000,49.0176,-71.495,49.0901,-72.4969,51.0286,-72.4739,50.8503,-71.4732,20,10,40,15,15,30,A
ch2_cla_l1_20240701T165349826_20240701T165357826.fits,2024-07-01 16:53:49.826000,2024-07-01 16:53:57.826000,-129.462,76.9398,-129.563,75.6958,-126.171,75.657,-125.762,76.8975,20,10,40,15,15,30,A
ch2_cla_l1_20240701T154001767_20240701T154009767.fits,2024-07-01 15:40:01.767000,2024-07-01 15:40:09.767000,-131.22,-51.926,-131.274,-53.1289,-129.949,-53.1439,-129.928,-51.9407,20,10,40,15,15,30,A
ch2_cla_l1_20240701T152657767_20240701T152705767.fits,2024-07-01 15:26:57.767000,2024-07-01 15:27:05.767000,-130.236,-12.3097,-130.255,-13.6342,-129.305,-13.6451,-129.29,-12.3205,20,10,40,15,15,30,A
ch2_cla_l1_20240701T171757826_20240701T171805826.fits,2024-07-01 17:17:57.826000,2024-07-01 17:18:05.826000,-131.082,4.4805,-131.098,3.1313,-130.147,3.1203,-130.129,4.4695,20,10,40,15,15,30,A
ch2_cla_l1_20240701T131125195_20240701T131133195.fits,2024-07-01 13:11:25.195000,2024-07-01 13:11:33.195000,-128.391,44.4354,-128.406,43.0995,-127.124,43.0853,-127.08,44.421,20,10,40,15,15,30,A
ch2_cla_l1_20240701T130021196_20240701T130029196.fits,2024-07-01 13:00:21.196000,2024-07-01 13:00:29.196000,-127.319,77.768,-127.422,76.5223,-123.82,76.4825,-123.364,77.7244,20,10,40,15,15,30,A
ch2_cla_l1_20240701T095515848_20240701T095523848.fits,2024-07-01 09:55:15.848000,2024-07-01 09:55:23.848000,-128.943,-67.3496,-129.075,-68.4872,-127.093,-68.5084,-127.051,-67.3698,20,10,40,15,15,30,A
ch2_cla_l1_20240701T115432112_20240701T115440112.fits,2024-07-01 11:54:32.112000,2024-07-01 11:54:40.112000,-131.475,-75.6263,-131.798,-76.7311,-128.775,-76.7639,-128.673,-75.6567,20,10,40,15,15,30,A
ch2_cla_l1_20240701T095147848_20240701T095155848.fits,2024-07-01 09:51:47.848000,2024-07-01 09:51:55.848000,-128.132,-56.6778,-128.198,-57.8587,-126.747,-57.8743,-126.723,-56.6929,20,10,40,15,15,30,A
ch2_cla_l1_20240701T113736112_20240701T113744112.fits,2024-07-01 11:37:36.112000,2024-07-01 11:37:44.112000,-128.245,-23.8416,-128.268,-25.1384,-127.281,-25.1492,-127.267,-23.8524,20,10,40,15,15,30,A
ch2_cla_l1_20240701T113104112_20240701T113112112.fits,2024-07-01 11:31:04.112000,2024-07-01 11:31:12.112000,-127.936,-4.1784,-127.952,-5.5197,-127.007,-5.5301,-126.991,-4.1888,20,10,40,15,15,30,A
ch2_cla_l1_20240701T151521767_20240701T151529767.fits,2024-07-01 15:15:21.767000,2024-07-01 15:15:29.767000,-129.765,22.4508,-129.779,21.094,-128.752,21.0824,-128.728,22.4392,20,10,40,15,15,30,A
ch2_cla_l1_20240701T093243848_20240701T093251848.fits,2024-07-01 09:32:43.848000,2024-07-01 09:32:51.848000,-126.776,1.055,-126.792,-0.2951,-125.841,-0.3054,-125.825,1.0447,20,10,40,15,15,30,A
ch2_cla_l1_20240701T092451848_20240701T092459848.fits,2024-07-01 09:24:51.848000,2024-07-01 09:24:59.848000,-126.487,24.5848,-126.5,23.223,-125.452,23.2117,-125.427,24.5734,20,10,40,15,15,30,A
ch2_cla_l1_20240701T190426911_20240701T190434911.fits,2024-07-01 19:04:26.911000,2024-07-01 19:04:34.911000,-131.757,34.7491,-131.773,33.4052,-130.641,33.3921,-130.609,34.7357,20,10,40,15,15,30,A
ch2_cla_l1_20240701T184722911_20240701T184730911.fits,2024-07-01 18:47:22.911000,2024-07-01 18:47:30.911000,-127.424,86.2123,-128.429,85.0058,-119.375,84.8991,-115.674,86.0731,20,10,40,15,15,30,A
ch2_cla_l1_20240701T185130911_20240701T185138911.fits,2024-07-01 18:51:30.911000,2024-07-01 18:51:38.911000,-130.748,73.6625,-130.82,72.4097,-128.014,72.377,-127.741,73.6273,20,10,40,15,15,30,A
ch2_cla_l1_20240701T134405195_20240701T134413195.fits,2024-07-01 13:44:05.195000,2024-07-01 13:44:13.195000,-130.205,-53.9235,-130.264,-55.1178,-128.89,-55.1331,-128.867,-53.9384,20,10,40,15,15,30,A
ch2_cla_l1_20240701T171557826_20240701T171605826.fits,2024-07-01 17:15:57.826000,2024-07-01 17:16:05.826000,-131.002,10.4697,-131.018,9.1161,-130.051,9.105,-130.031,10.4585,20,10,40,15,15,30,A
ch2_cla_l1_20240701T152937767_20240701T152945767.fits,2024-07-01 15:29:37.767000,2024-07-01 15:29:45.767000,-130.37,-20.3417,-130.392,-21.6476,-129.42,-21.6587,-129.405,-20.3527,20,10,40,15,15,30,A
ch2_cla_l1_20240701T132133195_20240701T132141195.fits,2024-07-01 13:21:33.195000,2024-07-01 13:21:41.195000,-128.786,14.1182,-128.8,12.7601,-127.816,12.7492,-127.796,14.1072,20,10,40,15,15,30,A
ch2_cla_l1_20240701T174741826_20240701T174749826.fits,2024-07-01 17:47:41.826000,2024-07-01 17:47:49.826000,-145.319,-86.0129,-150.481,-87.0411,-137.721,-87.192,-135.824,-86.1239,20,10,40,15,15,30,A
ch2_cla_l1_20240701T145409767_20240701T145417767.fits,2024-07-01 14:54:09.767000,2024-07-01 14:54:17.767000,-125.672,86.2471,-126.581,85.036,-117.415,84.9325,-113.73,86.1115,20,10,40,15,15,30,A
ch2_cla_l1_20240701T133429196_20240701T133437196.fits,2024-07-01 13:34:29.196000,2024-07-01 13:34:37.196000,-129.356,-24.7229,-129.38,-26.017,-128.388,-26.0281,-128.374,-24.7338,20,10,40,15,15,30,A
ch2_cla_l1_20240701T100323848_20240701T100331848.fits,2024-07-01 10:03:23.848000,2024-07-01 10:03:31.848000,57.9866,-86.2732,59.7558,-87.3085,72.4224,-87.1703,67.3198,-86.1725,20,10,40,15,15,30,A
ch2_cla_l1_20240701T165533826_20240701T165541826.fits,2024-07-01 16:55:33.826000,2024-07-01 16:55:41.826000,-129.832,71.69,-129.887,70.4284,-127.328,70.3992,-127.108,71.6589,20,10,40,15,15,30,A
ch2_cla_l1_20240701T184946911_20240701T184954911.fits,2024-07-01 18:49:46.911000,2024-07-01 18:49:54.911000,-130.246,78.9184,-130.389,77.6836,-126.509,77.6382,-125.951,78.8682,20,10,40,15,15,30,A
ch2_cla_l1_20240701T145841767_20240701T145849767.fits,2024-07-01 14:58:41.767000,2024-07-01 14:58:49.767000,-128.744,72.4937,-128.801,71.2325,-126.138,71.2026,-125.901,72.4619,20,10,40,15,15,30,A
ch2_cla_l1_20240701T190754911_20240701T190802911.fits,2024-07-01 19:07:54.911000,2024-07-01 19:08:02.911000,-131.9,24.3723,-131.915,23.0198,-130.879,23.0077,-130.854,24.3601,20,10,40,15,15,30,A
ch2_cla_l1_20240701T135949196_20240701T135957196.fits,2024-07-01 13:59:49.196000,2024-07-01 13:59:57.196000,52.517,-76.1801,52.6296,-77.1896,55.293,-77.1601,54.9833,-76.1528,20,10,40,15,15,30,A
ch2_cla_l1_20240701T132245196_20240701T132253195.fits,2024-07-01 13:22:45.196000,2024-07-01 13:22:53.195000,-128.831,10.5281,-128.845,9.1714,-127.875,9.1606,-127.856,10.5173,20,10,40,15,15,30,A
ch2_cla_l1_20240701T152113767_20240701T152121767.fits,2024-07-01 15:21:13.767000,2024-07-01 15:21:21.767000,-129.99,4.8955,-130.006,3.5447,-129.053,3.534,-129.035,4.8848,20,10,40,15,15,30,A
ch2_cla_l1_20240701T131341195_20240701T131349195.fits,2024-07-01 13:13:41.195000,2024-07-01 13:13:49.195000,-128.487,37.6471,-128.501,36.3004,-127.326,36.2875,-127.291,37.6338,20,10,40,15,15,30,A
ch2_cla_l1_20240701T134157195_20240701T134205195.fits,2024-07-01 13:41:57.195000,2024-07-01 13:42:05.195000,-129.936,-47.3983,-129.98,-48.6172,-128.752,-48.6309,-128.734,-47.4117,20,10,40,15,15,30,A
ch2_cla_l1_20240701T171637826_20240701T171645826.fits,2024-07-01 17:16:37.826000,2024-07-01 17:16:45.826000,-131.029,8.4739,-131.044,7.1215,-130.083,7.1104,-130.065,8.4628,20,10,40,15,15,30,A
ch2_cla_l1_20240701T171005826_20240701T171013826.fits,2024-07-01 17:10:05.826000,2024-07-01 17:10:13.826000,-130.773,28.0232,-130.788,26.6708,-129.721,26.6586,-129.694,28.0108,20,10,40,15,15,30,A
ch2_cla_l1_20240701T154217767_20240701T154225767.fits,2024-07-01 15:42:17.767000,2024-07-01 15:42:25.767000,-131.585,-58.8747,-131.662,-60.0511,-130.126,-60.0685,-130.097,-58.8916,20,10,40,15,15,30,A
ch2_cla_l1_20240701T094931848_20240701T094939848.fits,2024-07-01 09:49:31.848000,2024-07-01 09:49:39.848000,-127.818,-49.7327,-127.865,-50.9408,-126.595,-50.9545,-126.576,-49.746,20,10,40,15,15,30,A
ch2_cla_l1_20240701T112440112_20240701T112448112.fits,2024-07-01 11:24:40.112000,2024-07-01 11:24:48.112000,-127.689,14.9865,-127.703,13.6262,-126.713,13.6154,-126.693,14.9756,20,10,40,15,15,30,A
ch2_cla_l1_20240701T170909826_20240701T170917826.fits,2024-07-01 17:09:09.826000,2024-07-01 17:09:17.826000,-130.736,30.8161,-130.751,29.4658,-129.659,29.4534,-129.629,30.8034,20,10,40,15,15,30,A
ch2_cla_l1_20240701T111552112_20240701T111600112.fits,2024-07-01 11:15:52.112000,2024-07-01 11:16:00.112000,-127.357,41.3036,-127.371,39.9601,-126.14,39.9467,-126.101,41.29,20,10,40,15,15,30,A
ch2_cla_l1_20240701T092859848_20240701T092907848.fits,2024-07-01 09:28:59.848000,2024-07-01 09:29:07.848000,-126.636,12.2293,-126.65,10.8685,-125.671,10.8579,-125.651,12.2186,20,10,40,15,15,30,A
ch2_cla_l1_20240701T130813195_20240701T130821195.fits,2024-07-01 13:08:13.195000,2024-07-01 13:08:21.195000,-128.234,54.0363,-128.252,52.7202,-126.741,52.7036,-126.676,54.0192,20,10,40,15,15,30,A
ch2_cla_l1_20240701T164821826_20240701T164829826.fits,2024-07-01 16:48:21.826000,2024-07-01 16:48:29.826000,26.1617,87.3787,33.4222,86.2634,45.3543,86.4019,43.2733,87.5806,20,10,40,15,15,30,A
ch2_cla_l1_20240701T150017767_20240701T150025767.fits,2024-07-01 15:00:17.767000,2024-07-01 15:00:25.767000,-128.957,67.658,-128.995,66.3814,-126.815,66.357,-126.663,67.6323,20,10,40,15,15,30,A
ch2_cla_l1_20240701T175205826_20240701T175213826.fits,2024-07-01 17:52:05.826000,2024-07-01 17:52:13.826000,50.8383,-79.067,51.0335,-80.091,54.5493,-80.0504,54.0223,-79.0302,20,10,40,15,15,30,A
ch2_cla_l1_20240701T175437826_20240701T175445826.fits,2024-07-01 17:54:37.826000,2024-07-01 17:54:45.826000,50.0278,-71.1293,50.0951,-72.1275,51.9831,-72.1057,51.815,-71.1089,20,10,40,15,15,30,A
ch2_cla_l1_20240701T194842911_20240701T194850911.fits,2024-07-01 19:48:42.911000,2024-07-01 19:48:50.911000,49.8323,-79.0119,50.0354,-80.0379,53.5448,-79.9962,53.012,-78.9741,20,10,40,15,15,30,A
ch2_cla_l1_20240701T125141195_20240701T125149196.fits,2024-07-01 12:51:41.195000,2024-07-01 12:51:49.196000,47.4833,76.8849,47.8417,75.7421,50.8237,75.775,50.727,76.9208,20,10,40,15,15,30,A
ch2_cla_l1_20240701T173733826_20240701T173741826.fits,2024-07-01 17:37:33.826000,2024-07-01 17:37:41.826000,-132.465,-54.7972,-132.529,-55.9907,-131.125,-56.007,-131.1,-54.813,20,10,40,15,15,30,A
ch2_cla_l1_20240701T194626911_20240701T194634911.fits,2024-07-01 19:46:26.911000,2024-07-01 19:46:34.911000,53.231,-86.0773,55.1547,-87.1224,67.1992,-86.9759,62.251,-85.9688,20,10,40,15,15,30,A
ch2_cla_l1_20240701T155721767_20240701T155729767.fits,2024-07-01 15:57:21.767000,2024-07-01 15:57:29.767000,51.2146,-73.2213,51.2946,-74.2239,53.4409,-74.1997,53.2311,-73.1986,20,10,40,15,15,30,A
ch2_cla_l1_20240701T153609767_20240701T153617767.fits,2024-07-01 15:36:09.767000,2024-07-01 15:36:17.767000,-130.806,-40.1285,-130.842,-41.3743,-129.722,-41.387,-129.705,-40.1411,20,10,40,15,15,30,A
ch2_cla_l1_20240701T091347848_20240701T091355848.fits,2024-07-01 09:13:47.848000,2024-07-01 09:13:55.848000,-126.017,57.723,-126.037,56.411,-124.391,56.3934,-124.314,57.7048,20,10,40,15,15,30,A
ch2_cla_l1_20240701T193330911_20240701T193338911.fits,2024-07-01 19:33:30.911000,2024-07-01 19:33:38.911000,-133.479,-52.8197,-133.539,-54.0216,-132.187,-54.0377,-132.163,-52.8355,20,10,40,15,15,30,A
ch2_cla_l1_20240701T132037195_20240701T132045196.fits,2024-07-01 13:20:37.195000,2024-07-01 13:20:45.196000,-128.751,16.91,-128.764,15.5508,-127.768,15.5397,-127.747,16.8989,20,10,40,15,15,30,A
ch2_cla_l1_20240701T192522911_20240701T192530911.fits,2024-07-01 19:25:22.911000,2024-07-01 19:25:30.911000,-132.709,-28.0782,-132.736,-29.3628,-131.725,-29.3749,-131.709,-28.0902,20,10,40,15,15,30,A
ch2_cla_l1_20240701T111632112_20240701T111640112.fits,2024-07-01 11:16:32.112000,2024-07-01 11:16:40.112000,-127.384,39.3077,-127.398,37.9614,-126.197,37.9483,-126.16,39.2944,20,10,40,15,15,30,A
ch2_cla_l1_20240701T114920112_20240701T114928112.fits,2024-07-01 11:49:20.112000,2024-07-01 11:49:28.112000,-129.409,-59.5795,-129.487,-60.7502,-127.929,-60.7672,-127.902,-59.5959,20,10,40,15,15,30,A
ch2_cla_l1_20240701T194954911_20240701T195002911.fits,2024-07-01 19:49:54.911000,2024-07-01 19:50:02.911000,49.3292,-75.2572,49.4421,-76.2709,51.9499,-76.2412,51.6629,-75.2295,20,10,40,15,15,30,A
ch2_cla_l1_20240701T105304112_20240701T105312112.fits,2024-07-01 10:53:04.112000,2024-07-01 10:53:12.112000,50.0796,70.6726,50.2449,69.5514,52.2767,69.5734,52.2291,70.6958,20,10,40,15,15,30,A
ch2_cla_l1_20240701T133253196_20240701T133301195.fits,2024-07-01 13:32:53.196000,2024-07-01 13:33:01.195000,-129.269,-19.8931,-129.29,-21.2002,-128.32,-21.2111,-128.305,-19.9038,20,10,40,15,15,30,A
ch2_cla_l1_20240701T105536112_20240701T105544112.fits,2024-07-01 10:55:36.112000,2024-07-01 10:55:44.112000,47.9851,78.4815,48.4426,77.3318,51.831,77.3686,51.7143,78.522,20,10,40,15,15,30,A
ch2_cla_l1_20240701T170541826_20240701T170549826.fits,2024-07-01 17:05:41.826000,2024-07-01 17:05:49.826000,-130.59,41.1968,-130.606,39.8599,-129.385,39.846,-129.346,41.1826,20,10,40,15,15,30,A
ch2_cla_l1_20240701T112808112_20240701T112816112.fits,2024-07-01 11:28:08.112000,2024-07-01 11:28:16.112000,-127.819,4.6133,-127.834,3.2602,-126.879,3.2497,-126.861,4.6028,20,10,40,15,15,30,A
ch2_cla_l1_20240701T191058911_20240701T191106911.fits,2024-07-01 19:10:58.911000,2024-07-01 19:11:06.911000,-132.022,15.1955,-132.037,13.8416,-131.054,13.8301,-131.033,15.1839,20,10,40,15,15,30,A
ch2_cla_l1_20240701T130605195_20240701T130613195.fits,2024-07-01 13:06:05.195000,2024-07-01 13:06:13.195000,-128.101,60.4514,-128.125,59.1517,-126.374,59.1324,-126.283,60.4314,20,10,40,15,15,30,A
ch2_cla_l1_20240701T150833767_20240701T150841767.fits,2024-07-01 15:08:33.767000,2024-07-01 15:08:41.767000,-129.492,42.8019,-129.507,41.4654,-128.257,41.4515,-128.216,42.7877,20,10,40,15,15,30,A
ch2_cla_l1_20240701T135901195_20240701T135909195.fits,2024-07-01 13:59:01.195000,2024-07-01 13:59:09.195000,52.8238,-78.6858,52.992,-79.7036,56.3416,-79.6665,55.8689,-78.6521,20,10,40,15,15,30,A
ch2_cla_l1_20240701T133829195_20240701T133837195.fits,2024-07-01 13:38:29.195000,2024-07-01 13:38:37.195000,-129.62,-36.8402,-129.651,-38.0965,-128.569,-38.1086,-128.554,-36.8521,20,10,40,15,15,30,A
ch2_cla_l1_20240701T194002911_20240701T194010911.fits,2024-07-01 19:40:02.911000,2024-07-01 19:40:10.911000,-135.416,-72.9125,-135.663,-74.0359,-133.071,-74.0667,-132.984,-72.9414,20,10,40,15,15,30,A
ch2_cla_l1_20240701T111624112_20240701T111632112.fits,2024-07-01 11:16:24.112000,2024-07-01 11:16:32.112000,-127.379,39.7069,-127.393,38.3608,-126.186,38.3477,-126.149,39.6935,20,10,40,15,15,30,A
ch2_cla_l1_20240701T155329767_20240701T155337767.fits,2024-07-01 15:53:29.767000,2024-07-01 15:53:37.767000,54.1664,-85.312,55.3223,-86.3526,64.9122,-86.2429,61.6958,-85.2264,20,10,40,15,15,30,A
ch2_cla_l1_20240701T153201767_20240701T153209767.fits,2024-07-01 15:32:01.767000,2024-07-01 15:32:09.767000,-130.507,-27.5909,-130.533,-28.8768,-129.525,-28.8883,-129.51,-27.6022,20,10,40,15,15,30,A
ch2_cla_l1_20240701T134805196_20240701T134813196.fits,2024-07-01 13:48:05.196000,2024-07-01 13:48:13.196000,-131.057,-66.2187,-131.181,-67.3644,-129.271,-67.3856,-129.229,-66.239,20,10,40,15,15,30,A
ch2_cla_l1_20240701T192306911_20240701T192314911.fits,2024-07-01 19:23:06.911000,2024-07-01 19:23:14.911000,-132.573,-21.2305,-132.596,-22.5335,-131.62,-22.5451,-131.605,-21.2421,20,10,40,15,15,30,A
ch2_cla_l1_20240701T155457767_20240701T155505767.fits,2024-07-01 15:54:57.767000,2024-07-01 15:55:05.767000,52.1729,-80.737,52.4371,-81.764,56.6777,-81.7161,55.9411,-80.6945,20,10,40,15,15,30,A
ch2_cla_l1_20240701T185434911_20240701T185442911.fits,2024-07-01 18:54:34.911000,2024-07-01 18:54:42.911000,-131.174,64.3914,-131.208,63.1098,-129.265,63.0872,-129.144,64.3678,20,10,40,15,15,30,A
ch2_cla_l1_20240701T170149826_20240701T170157826.fits,2024-07-01 17:01:49.826000,2024-07-01 17:01:57.826000,-130.397,52.7991,-130.417,51.4847,-128.95,51.4681,-128.888,52.7819,20,10,40,15,15,30,A
ch2_cla_l1_20240701T092715848_20240701T092723848.fits,2024-07-01 09:27:15.848000,2024-07-01 09:27:23.848000,-126.573,17.4117,-126.587,16.0493,-125.584,16.0385,-125.563,17.4008,20,10,40,15,15,30,A
ch2_cla_l1_20240701T150825767_20240701T150833767.fits,2024-07-01 15:08:25.767000,2024-07-01 15:08:33.767000,-129.486,43.2016,-129.501,41.8656,-128.244,41.8515,-128.202,43.1873,20,10,40,15,15,30,A
ch2_cla_l1_20240701T134613196_20240701T134621196.fits,2024-07-01 13:46:13.196000,2024-07-01 13:46:21.196000,-130.578,-60.4714,-130.661,-61.6401,-129.064,-61.6578,-129.034,-60.4885,20,10,40,15,15,30,A
ch2_cla_l1_20240701T112048112_20240701T112056112.fits,2024-07-01 11:20:48.112000,2024-07-01 11:20:56.112000,-127.547,26.5465,-127.56,25.1875,-126.499,25.1759,-126.474,26.5348,20,10,40,15,15,30,A
ch2_cla_l1_20240701T091739848_20240701T091747848.fits,2024-07-01 09:17:39.848000,2024-07-01 09:17:47.848000,-126.21,46.1212,-126.224,44.7835,-124.903,44.7694,-124.857,46.1068,20,10,40,15,15,30,A
ch2_cla_l1_20240701T085803848_20240701T085811848.fits,2024-07-01 08:58:03.848000,2024-07-01 08:58:11.848000,50.1369,75.607,50.4308,74.4655,53.1665,74.4947,53.0906,75.6386,20,10,40,15,15,30,A
ch2_cla_l1_20240701T112752112_20240701T112800112.fits,2024-07-01 11:27:52.112000,2024-07-01 11:28:00.112000,-127.809,5.412,-127.824,4.058,-126.867,4.0475,-126.849,5.4015,20,10,40,15,15,30,A
ch2_cla_l1_20240701T164957826_20240701T165005826.fits,2024-07-01 16:49:57.826000,2024-07-01 16:50:05.826000,-119.138,88.6761,-124.524,87.4863,-107.566,87.2867,-91.3765,88.3286,20,10,40,15,15,30,A
ch2_cla_l1_20240701T194418911_20240701T194426911.fits,2024-07-01 19:44:18.911000,2024-07-01 19:44:26.911000,-146.884,-86.063,-152.313,-87.0895,-139.312,-87.248,-137.245,-86.179,20,10,40,15,15,30,A
ch2_cla_l1_20240701T135549195_20240701T135557195.fits,2024-07-01 13:55:49.195000,2024-07-01 13:55:57.195000,64.6562,-88.6474,70.4233,-89.0467,101.356,-89.5915,87.0842,-88.3766,20,10,40,15,15,30,A
ch2_cla_l1_20240701T170853826_20240701T170901826.fits,2024-07-01 17:08:53.826000,2024-07-01 17:09:01.826000,-130.726,31.614,-130.74,30.2647,-129.64,30.2521,-129.61,31.6013,20,10,40,15,15,30,A
ch2_cla_l1_20240701T173725826_20240701T173733826.fits,2024-07-01 17:37:25.826000,2024-07-01 17:37:33.826000,-132.445,-54.388,-132.507,-55.5836,-131.115,-55.5997,-131.09,-54.4037,20,10,40,15,15,30,A
ch2_cla_l1_20240701T144545767_20240701T144553767.fits,2024-07-01 14:45:45.767000,2024-07-01 14:45:53.767000,48.0897,69.0762,48.2334,67.964,50.099,67.9849,50.0541,69.0982,20,10,40,15,15,30,A
ch2_cla_l1_20240701T100507848_20240701T100515848.fits,2024-07-01 10:05:07.848000,2024-07-01 10:05:15.848000,55.2768,-80.8625,55.5211,-81.8825,59.7719,-81.837,59.0499,-80.8221,20,10,40,15,15,30,A
ch2_cla_l1_20240701T165525826_20240701T165533826.fits,2024-07-01 16:55:25.826000,2024-07-01 16:55:33.826000,-129.81,72.0934,-129.868,70.8332,-127.261,70.8034,-127.032,72.0617,20,10,40,15,15,30,A
ch2_cla_l1_20240701T095539848_20240701T095547848.fits,2024-07-01 09:55:39.848000,2024-07-01 09:55:47.848000,-129.085,-68.5847,-129.232,-69.7172,-127.151,-69.7395,-127.104,-68.6058,20,10,40,15,15,30,A
ch2_cla_l1_20240701T152745767_20240701T152753767.fits,2024-07-01 15:27:45.767000,2024-07-01 15:27:53.767000,-130.275,-14.7171,-130.294,-16.0363,-129.339,-16.0472,-129.325,-14.7279,20,10,40,15,15,30,A
ch2_cla_l1_20240701T193554911_20240701T193602911.fits,2024-07-01 19:35:54.911000,2024-07-01 19:36:02.911000,-133.905,-60.178,-133.992,-61.352,-132.396,-61.371,-132.364,-60.1964,20,10,40,15,15,30,A
ch2_cla_l1_20240701T113944112_20240701T113952112.fits,2024-07-01 11:39:44.112000,2024-07-01 11:39:52.112000,-128.372,-30.294,-128.398,-31.5716,-127.373,-31.5828,-127.358,-30.3052,20,10,40,15,15,30,A
ch2_cla_l1_20240701T131749195_20240701T131757195.fits,2024-07-01 13:17:49.195000,2024-07-01 13:17:57.195000,-128.646,25.2827,-128.66,23.925,-127.611,23.9133,-127.586,25.271,20,10,40,15,15,30,A
ch2_cla_l1_20240701T095907848_20240701T095915848.fits,2024-07-01 09:59:07.848000,2024-07-01 09:59:15.848000,-131.642,-79.3143,-132.219,-80.4005,-128.164,-80.4438,-127.984,-79.3534,20,10,40,15,15,30,A
ch2_cla_l1_20240701T190618911_20240701T190626911.fits,2024-07-01 19:06:18.911000,2024-07-01 19:06:26.911000,-131.835,29.1606,-131.85,27.8113,-130.776,27.7988,-130.748,29.1479,20,10,40,15,15,30,A
ch2_cla_l1_20240701T171845826_20240701T171853826.fits,2024-07-01 17:18:45.826000,2024-07-01 17:18:53.826000,-131.115,2.0834,-131.131,0.7368,-130.184,0.7258,-130.167,2.0724,20,10,40,15,15,30,A
ch2_cla_l1_20240701T151129767_20240701T151137767.fits,2024-07-01 15:11:29.767000,2024-07-01 15:11:37.767000,-129.615,34.018,-129.629,32.6691,-128.501,32.6565,-128.469,34.0051,20,10,40,15,15,30,A
ch2_cla_l1_20240701T115424112_20240701T115432112.fits,2024-07-01 11:54:24.112000,2024-07-01 11:54:32.112000,-131.37,-75.2141,-131.673,-76.3201,-128.732,-76.3521,-128.638,-75.2437,20,10,40,15,15,30,A
ch2_cla_l1_20240701T191410911_20240701T191418911.fits,2024-07-01 19:14:10.911000,2024-07-01 19:14:18.911000,-132.151,5.6146,-132.168,4.2655,-131.215,4.2542,-131.197,5.6032,20,10,40,15,15,30,A
ch2_cla_l1_20240701T190202911_20240701T190210911.fits,2024-07-01 19:02:02.911000,2024-07-01 19:02:10.911000,-131.65,41.9404,-131.667,40.6068,-130.437,40.5925,-130.396,41.9258,20,10,40,15,15,30,A
ch2_cla_l1_20240701T110856112_20240701T110904112.fits,2024-07-01 11:08:56.112000,2024-07-01 11:09:04.112000,-126.993,62.1145,-127.018,60.8168,-125.181,60.7969,-125.08,62.0937,20,10,40,15,15,30,A
ch2_cla_l1_20240701T193634911_20240701T193642911.fits,2024-07-01 19:36:34.911000,2024-07-01 19:36:42.911000,-134.059,-62.2266,-134.158,-63.3926,-132.469,-63.4127,-132.432,-62.2461,20,10,40,15,15,30,A
ch2_cla_l1_20240701T184106911_20240701T184114911.fits,2024-07-01 18:41:06.911000,2024-07-01 18:41:14.911000,44.4623,75.6828,44.7741,74.5495,47.4914,74.5814,47.3969,75.7173,20,10,40,15,15,30,A
ch2_cla_l1_20240701T174349826_20240701T174357826.fits,2024-07-01 17:43:49.826000,2024-07-01 17:43:57.826000,-134.518,-74.0897,-134.796,-75.2066,-132.03,-75.2386,-131.935,-74.1195,20,10,40,15,15,30,A
ch2_cla_l1_20240701T145001767_20240701T145009767.fits,2024-07-01 14:50:01.767000,2024-07-01 14:50:09.767000,43.2021,82.2133,44.1904,81.0571,49.0482,81.1118,48.7887,82.2762,20,10,40,15,15,30,A
ch2_cla_l1_20240701T120248112_20240701T120256112.fits,2024-07-01 12:02:48.112000,2024-07-01 12:02:56.112000,53.7074,-77.4974,53.8406,-78.5087,56.8136,-78.4764,56.4368,-77.4677,20,10,40,15,15,30,A
ch2_cla_l1_20240701T132125195_20240701T132133195.fits,2024-07-01 13:21:25.195000,2024-07-01 13:21:33.195000,-128.78,14.5172,-128.795,13.1585,-127.809,13.1476,-127.789,14.5062,20,10,40,15,15,30,A
ch2_cla_l1_20240701T151657767_20240701T151705767.fits,2024-07-01 15:16:57.767000,2024-07-01 15:17:05.767000,-129.826,17.6654,-129.84,16.3079,-128.841,16.2967,-128.82,17.654,20,10,40,15,15,30,A
ch2_cla_l1_20240701T172757826_20240701T172805826.fits,2024-07-01 17:27:57.826000,2024-07-01 17:28:05.826000,-131.563,-25.5927,-131.587,-26.884,-130.591,-26.8956,-130.576,-25.6042,20,10,40,15,15,30,A
ch2_cla_l1_20240701T152521767_20240701T152529767.fits,2024-07-01 15:25:21.767000,2024-07-01 15:25:29.767000,-130.163,-7.5004,-130.181,-8.8342,-129.236,-8.845,-129.221,-7.5112,20,10,40,15,15,30,A
ch2_cla_l1_20240701T090243848_20240701T090251848.fits,2024-07-01 09:02:43.848000,2024-07-01 09:02:51.848000,-33.0482,89.7841,14.1908,88.423,43.8464,88.7688,38.9823,89.1663,20,10,40,15,15,30,A
ch2_cla_l1_20240701T132429196_20240701T132437195.fits,2024-07-01 13:24:29.196000,2024-07-01 13:24:37.195000,-128.897,5.3395,-128.912,3.9868,-127.957,3.9762,-127.939,5.3288,20,10,40,15,15,30,A
ch2_cla_l1_20240701T091451848_20240701T091459848.fits,2024-07-01 09:14:51.848000,2024-07-01 09:14:59.848000,-126.076,54.5187,-126.094,53.1989,-124.56,53.1825,-124.494,54.5018,20,10,40,15,15,30,A
ch2_cla_l1_20240701T184258911_20240701T184306911.fits,2024-07-01 18:42:58.911000,2024-07-01 18:43:06.911000,41.5737,81.4166,42.4139,80.266,46.8362,80.3179,46.596,81.4756,20,10,40,15,15,30,A
ch2_cla_l1_20240701T193426911_20240701T193434911.fits,2024-07-01 19:34:26.911000,2024-07-01 19:34:34.911000,-133.626,-55.6783,-133.693,-56.8691,-132.261,-56.8862,-132.234,-55.6949,20,10,40,15,15,30,A
ch2_cla_l1_20240701T110736112_20240701T110744112.fits,2024-07-01 11:07:36.112000,2024-07-01 11:07:44.112000,-126.885,66.1321,-126.916,64.8461,-124.838,64.8235,-124.705,66.1084,20,10,40,15,15,30,A
ch2_cla_l1_20240701T110104112_20240701T110112112.fits,2024-07-01 11:01:04.112000,2024-07-01 11:01:12.112000,-124.131,85.9145,-124.841,84.697,-116.174,84.6024,-113.016,85.7927,20,10,40,15,15,30,A
ch2_cla_l1_20240701T165741826_20240701T165749826.fits,2024-07-01 16:57:41.826000,2024-07-01 16:57:49.826000,-130.095,65.2443,-130.129,63.9629,-128.127,63.9401,-128.0,65.2204,20,10,40,15,15,30,A
ch2_cla_l1_20240701T135357195_20240701T135405195.fits,2024-07-01 13:53:57.195000,2024-07-01 13:54:05.195000,-138.571,-84.352,-140.855,-85.4083,-132.603,-85.5003,-131.842,-84.4268,20,10,40,15,15,30,A
ch2_cla_l1_20240701T154409767_20240701T154417767.fits,2024-07-01 15:44:09.767000,2024-07-01 15:44:17.767000,-132.02,-64.6159,-132.132,-65.7695,-130.32,-65.79,-130.281,-64.6356,20,10,40,15,15,30,A
ch2_cla_l1_20240701T194130911_20240701T194138911.fits,2024-07-01 19:41:30.911000,2024-07-01 19:41:38.911000,-136.659,-77.4461,-137.114,-78.5504,-133.615,-78.592,-133.456,-77.4842,20,10,40,15,15,30,A
ch2_cla_l1_20240701T125405195_20240701T125413195.fits,2024-07-01 12:54:05.195000,2024-07-01 12:54:13.195000,41.6913,84.225,43.4079,83.0654,49.7527,83.1356,49.3239,84.3095,20,10,40,15,15,30,A
ch2_cla_l1_20240701T125237195_20240701T125245195.fits,2024-07-01 12:52:37.195000,2024-07-01 12:52:45.195000,46.2075,79.7517,46.7862,78.5998,50.5634,78.6414,50.413,79.7981,20,10,40,15,15,30,A
ch2_cla_l1_20240701T131133195_20240701T131141195.fits,2024-07-01 13:11:33.195000,2024-07-01 13:11:41.195000,-128.397,44.0359,-128.412,42.6992,-127.137,42.6852,-127.094,44.0216,20,10,40,15,15,30,A
ch2_cla_l1_20240701T172557826_20240701T172605826.fits,2024-07-01 17:25:57.826000,2024-07-01 17:26:05.826000,-131.449,-19.5549,-131.471,-20.8625,-130.502,-20.8738,-130.487,-19.5662,20,10,40,15,15,30,A
ch2_cla_l1_20240701T151937767_20240701T151945767.fits,2024-07-01 15:19:37.767000,2024-07-01 15:19:45.767000,-129.928,9.6866,-129.943,8.3318,-128.977,8.3209,-128.958,9.6756,20,10,40,15,15,30,A
ch2_cla_l1_20240701T115640112_20240701T115648112.fits,2024-07-01 11:56:40.112000,2024-07-01 11:56:48.112000,-134.712,-82.2318,-135.846,-83.3038,-130.129,-83.3661,-129.767,-82.2856,20,10,40,15,15,30,A
ch2_cla_l1_20240701T145217767_20240701T145225767.fits,2024-07-01 14:52:17.767000,2024-07-01 14:52:25.767000,-3.1554,88.7181,22.7348,87.7943,43.3533,88.0359,32.3587,89.2034,20,10,40,15,15,30,A
ch2_cla_l1_20240701T085931848_20240701T085939848.fits,2024-07-01 08:59:31.848000,2024-07-01 08:59:39.848000,48.273,80.1128,48.884,78.9558,52.8099,78.9978,52.6621,80.1598,20,10,40,15,15,30,A
ch2_cla_l1_20240701T193754911_20240701T193802911.fits,2024-07-01 19:37:54.911000,2024-07-01 19:38:02.911000,-134.442,-66.3305,-134.575,-67.4804,-132.643,-67.5034,-132.595,-66.3525,20,10,40,15,15,30,A
ch2_cla_l1_20240701T133917195_20240701T133925196.fits,2024-07-01 13:39:17.195000,2024-07-01 13:39:25.196000,-129.683,-39.2718,-129.717,-40.5201,-128.609,-40.5324,-128.592,-39.284,20,10,40,15,15,30,A
ch2_cla_l1_20240701T120432112_20240701T120440112.fits,2024-07-01 12:04:32.112000,2024-07-01 12:04:40.112000,53.2445,-72.0588,53.3104,-73.0525,55.2806,-73.0311,55.1041,-72.0386,20,10,40,15,15,30,A
ch2_cla_l1_20240701T154841767_20240701T154849767.fits,2024-07-01 15:48:41.767000,2024-07-01 15:48:49.767000,-134.789,-78.6204,-135.321,-79.7156,-131.48,-79.7591,-131.305,-78.6598,20,10,40,15,15,30,A
ch2_cla_l1_20240701T133245196_20240701T133253196.fits,2024-07-01 13:32:45.196000,2024-07-01 13:32:53.196000,-129.262,-19.4909,-129.283,-20.7992,-128.314,-20.81,-128.299,-19.5017,20,10,40,15,15,30,A
ch2_cla_l1_20240701T172637826_20240701T172645826.fits,2024-07-01 17:26:37.826000,2024-07-01 17:26:45.826000,-131.485,-21.5657,-131.508,-22.8681,-130.531,-22.8796,-130.516,-21.577,20,10,40,15,15,30,A
ch2_cla_l1_20240701T172005826_20240701T172013826.fits,2024-07-01 17:20:05.826000,2024-07-01 17:20:13.826000,-131.171,-1.9145,-131.188,-3.2562,-130.245,-3.2672,-130.228,-1.9254,20,10,40,15,15,30,A
ch2_cla_l1_20240701T100659848_20240701T100707848.fits,2024-07-01 10:06:59.848000,2024-07-01 10:07:07.848000,54.5135,-75.0132,54.6034,-76.0139,57.0087,-75.9882,56.7558,-74.9893,20,10,40,15,15,30,A
ch2_cla_l1_20240701T151113767_20240701T151121767.fits,2024-07-01 15:11:13.767000,2024-07-01 15:11:21.767000,-129.604,34.816,-129.618,33.4681,-128.481,33.4553,-128.449,34.803,20,10,40,15,15,30,A
ch2_cla_l1_20240701T132341195_20240701T132349195.fits,2024-07-01 13:23:41.195000,2024-07-01 13:23:49.195000,-128.866,7.7348,-128.881,6.38,-127.92,6.3693,-127.902,7.7241,20,10,40,15,15,30,A
ch2_cla_l1_20240701T174533826_20240701T174541826.fits,2024-07-01 17:45:33.826000,2024-07-01 17:45:41.826000,-136.354,-79.451,-136.986,-80.5442,-132.819,-80.5924,-132.605,-79.4944,20,10,40,15,15,30,A
ch2_cla_l1_20240701T185842911_20240701T185850911.fits,2024-07-01 18:58:42.911000,2024-07-01 18:58:50.911000,-131.479,51.9452,-131.499,50.6315,-130.059,50.6148,-129.999,51.9281,20,10,40,15,15,30,A
ch2_cla_l1_20240701T112552112_20240701T112600112.fits,2024-07-01 11:25:52.112000,2024-07-01 11:26:00.112000,-127.733,11.3973,-127.747,10.0388,-126.773,10.0281,-126.754,11.3866,20,10,40,15,15,30,A
ch2_cla_l1_20240701T091859848_20240701T091907848.fits,2024-07-01 09:18:59.848000,2024-07-01 09:19:07.848000,-126.266,42.1281,-126.28,40.7836,-125.031,40.7703,-124.992,42.1145,20,10,40,15,15,30,A
ch2_cla_l1_20240701T173909826_20240701T173917826.fits,2024-07-01 17:39:09.826000,2024-07-01 17:39:17.826000,-132.753,-59.7058,-132.836,-60.8803,-131.263,-60.8985,-131.233,-59.7235,20,10,40,15,15,30,A
ch2_cla_l1_20240701T111440112_20240701T111448112.fits,2024-07-01 11:14:40.112000,2024-07-01 11:14:48.112000,-127.306,44.8975,-127.321,43.5601,-126.027,43.546,-125.983,44.8832,20,10,40,15,15,30,A
ch2_cla_l1_20240701T164205826_20240701T164213826.fits,2024-07-01 16:42:05.826000,2024-07-01 16:42:13.826000,47.0872,68.2321,47.2219,67.1247,49.0095,67.1452,48.9654,68.2536,20,10,40,15,15,30,A
ch2_cla_l1_20240701T164437826_20240701T164445826.fits,2024-07-01 16:44:37.826000,2024-07-01 16:44:45.826000,45.4886,76.0611,45.8128,74.9248,48.6092,74.9569,48.5148,76.0957,20,10,40,15,15,30,A
ch2_cla_l1_20240701T170733826_20240701T170741826.fits,2024-07-01 17:07:33.826000,2024-07-01 17:07:41.826000,-130.671,35.6053,-130.686,34.2603,-129.542,34.2473,-129.508,35.5921,20,10,40,15,15,30,A
ch2_cla_l1_20240701T155313767_20240701T155321767.fits,2024-07-01 15:53:13.767000,2024-07-01 15:53:21.767000,55.024,-86.1414,56.8397,-87.1828,69.079,-87.0416,64.1385,-86.0374,20,10,40,15,15,30,A
ch2_cla_l1_20240701T153017767_20240701T153025767.fits,2024-07-01 15:30:17.767000,2024-07-01 15:30:25.767000,-130.406,-22.3533,-130.429,-23.6539,-129.449,-23.6651,-129.434,-22.3644,20,10,40,15,15,30,A
ch2_cla_l1_20240701T133813195_20240701T133821195.fits,2024-07-01 13:38:13.195000,2024-07-01 13:38:21.195000,-129.599,-36.03,-129.63,-37.2891,-128.556,-37.3012,-128.541,-36.0419,20,10,40,15,15,30,A
ch2_cla_l1_20240701T112632112_20240701T112640112.fits,2024-07-01 11:26:32.112000,2024-07-01 11:26:40.112000,-127.758,9.4027,-127.772,8.0454,-126.805,8.0348,-126.786,9.3921,20,10,40,15,15,30,A
ch2_cla_l1_20240701T092347848_20240701T092355848.fits,2024-07-01 09:23:47.848000,2024-07-01 09:23:55.848000,-126.448,27.7728,-126.461,26.4124,-125.388,26.4008,-125.362,27.7611,20,10,40,15,15,30,A
ch2_cla_l1_20240701T190330911_20240701T190338911.fits,2024-07-01 19:03:30.911000,2024-07-01 19:03:38.911000,-131.717,37.5448,-131.733,36.2046,-130.567,36.1911,-130.531,37.5309,20,10,40,15,15,30,A
ch2_cla_l1_20240701T191522911_20240701T191530911.fits,2024-07-01 19:15:22.911000,2024-07-01 19:15:30.911000,-132.201,2.0183,-132.218,0.6729,-131.272,0.6617,-131.255,2.0071,20,10,40,15,15,30,A
ch2_cla_l1_20240701T105920112_20240701T105928112.fits,2024-07-01 10:59:20.112000,2024-07-01 10:59:28.112000,-36.3457,89.7741,12.6391,88.4257,42.2036,88.7771,37.024,89.1736,20,10,40,15,15,30,A
ch2_cla_l1_20240701T150609767_20240701T150617767.fits,2024-07-01 15:06:09.767000,2024-07-01 15:06:17.767000,-129.378,50.0,-129.395,48.6771,-127.998,48.6615,-127.944,49.984,20,10,40,15,15,30,A
ch2_cla_l1_20240701T114304112_20240701T114312112.fits,2024-07-01 11:43:04.112000,2024-07-01 11:43:12.112000,-128.615,-40.4138,-128.65,-41.6574,-127.529,-41.6696,-127.513,-40.4259,20,10,40,15,15,30,A
ch2_cla_l1_20240701T114536112_20240701T114544112.fits,2024-07-01 11:45:36.112000,2024-07-01 11:45:44.112000,-128.86,-48.1386,-128.905,-49.3537,-127.665,-49.3673,-127.647,-48.1519,20,10,40,15,15,30,A
ch2_cla_l1_20240701T095651848_20240701T095659848.fits,2024-07-01 09:56:51.848000,2024-07-01 09:56:59.848000,-129.626,-72.2943,-129.837,-73.4114,-127.366,-73.4378,-127.299,-72.3191,20,10,40,15,15,30,A
ch2_cla_l1_20240701T094043848_20240701T094051848.fits,2024-07-01 09:40:43.848000,2024-07-01 09:40:51.848000,-127.137,-22.9985,-127.159,-24.2977,-126.175,-24.3082,-126.161,-23.009,20,10,40,15,15,30,A
ch2_cla_l1_20240701T153833767_20240701T153841767.fits,2024-07-01 15:38:33.767000,2024-07-01 15:38:41.767000,-131.04,-47.4429,-131.086,-48.6626,-129.855,-48.6766,-129.836,-47.4566,20,10,40,15,15,30,A
ch2_cla_l1_20240701T133037195_20240701T133045195.fits,2024-07-01 13:30:37.195000,2024-07-01 13:30:45.195000,-129.157,-13.0657,-129.176,-14.3889,-128.224,-14.3996,-128.209,-13.0763,20,10,40,15,15,30,A
ch2_cla_l1_20240701T111808112_20240701T111816112.fits,2024-07-01 11:18:08.112000,2024-07-01 11:18:16.112000,-127.447,34.5203,-127.461,33.1678,-126.321,33.1554,-126.29,34.5077,20,10,40,15,15,30,A
ch2_cla_l1_20240701T185626911_20240701T185634911.fits,2024-07-01 18:56:26.911000,2024-07-01 18:56:34.911000,-131.331,58.7643,-131.357,57.4671,-129.692,57.4478,-129.607,58.7442,20,10,40,15,15,30,A
ch2_cla_l1_20240701T192058911_20240701T192106911.fits,2024-07-01 19:20:58.911000,2024-07-01 19:21:06.911000,-132.459,-14.8012,-132.48,-16.1194,-131.525,-16.1307,-131.51,-14.8125,20,10,40,15,15,30,A
ch2_cla_l1_20240701T144721767_20240701T144729767.fits,2024-07-01 14:47:21.767000,2024-07-01 14:47:29.767000,47.1809,74.0224,47.4262,72.8918,49.8757,72.9193,49.8046,74.0518,20,10,40,15,15,30,A
ch2_cla_l1_20240701T135333195_20240701T135341195.fits,2024-07-01 13:53:33.195000,2024-07-01 13:53:41.195000,-136.813,-83.1203,-138.304,-84.188,-131.734,-84.261,-131.244,-83.1821,20,10,40,15,15,30,A
ch2_cla_l1_20240701T173541826_20240701T173549826.fits,2024-07-01 17:35:41.826000,2024-07-01 17:35:49.826000,-132.208,-49.0861,-132.257,-50.3009,-130.993,-50.3156,-130.973,-49.1005,20,10,40,15,15,30,A
ch2_cla_l1_20240701T193922911_20240701T193930911.fits,2024-07-01 19:39:22.911000,2024-07-01 19:39:30.911000,-135.042,-70.8537,-135.24,-71.9855,-132.908,-72.0133,-132.838,-70.8799,20,10,40,15,15,30,A
ch2_cla_l1_20240701T132021195_20240701T132029195.fits,2024-07-01 13:20:21.195000,2024-07-01 13:20:29.195000,-128.741,17.7075,-128.755,16.3482,-127.754,16.3372,-127.732,17.6963,20,10,40,15,15,30,A
ch2_cla_l1_20240701T145105767_20240701T145113767.fits,2024-07-01 14:51:05.767000,2024-07-01 14:51:13.767000,37.6838,85.4433,40.3624,84.2899,48.097,84.3772,47.4009,85.5534,20,10,40,15,15,30,A
ch2_cla_l1_20240701T145737767_20240701T145745767.fits,2024-07-01 14:57:37.767000,2024-07-01 14:57:45.767000,-128.536,75.723,-128.617,74.4725,-125.461,74.4371,-125.116,75.6846,20,10,40,15,15,30,A
ch2_cla_l1_20240701T174013826_20240701T174021826.fits,2024-07-01 17:40:13.826000,2024-07-01 17:40:21.826000,-132.998,-62.9848,-133.099,-64.1457,-131.375,-64.1659,-131.338,-63.0041,20,10,40,15,15,30,A
ch2_cla_l1_20240701T151433767_20240701T151441767.fits,2024-07-01 15:14:33.767000,2024-07-01 15:14:41.767000,-129.734,24.8436,-129.748,23.4876,-128.705,23.4759,-128.68,24.8318,20,10,40,15,15,30,A
ch2_cla_l1_20240701T115520112_20240701T115528112.fits,2024-07-01 11:55:20.112000,2024-07-01 11:55:28.112000,-132.271,-78.1039,-132.742,-79.1978,-129.096,-79.2374,-128.947,-78.14,20,10,40,15,15,30,A
ch2_cla_l1_20240701T120112112_20240701T120120112.fits,2024-07-01 12:01:12.112000,2024-07-01 12:01:20.112000,54.6714,-82.5031,55.054,-83.5311,60.4414,-83.4724,59.3206,-82.4525,20,10,40,15,15,30,A
ch2_cla_l1_20240701T171941826_20240701T171949826.fits,2024-07-01 17:19:41.826000,2024-07-01 17:19:49.826000,-131.154,-0.7148,-131.171,-2.0581,-130.227,-2.0691,-130.21,-0.7257,20,10,40,15,15,30,A
ch2_cla_l1_20240701T113408112_20240701T113416112.fits,2024-07-01 11:34:08.112000,2024-07-01 11:34:16.112000,-128.07,-13.3917,-128.089,-14.7151,-127.136,-14.7256,-127.121,-13.4022,20,10,40,15,15,30,A
ch2_cla_l1_20240701T172317826_20240701T172325826.fits,2024-07-01 17:23:17.826000,2024-07-01 17:23:25.826000,-131.315,-11.5249,-131.334,-12.8505,-130.386,-12.8615,-130.37,-11.5359,20,10,40,15,15,30,A
ch2_cla_l1_20240701T093459848_20240701T093507848.fits,2024-07-01 09:34:59.848000,2024-07-01 09:35:07.848000,-126.868,-5.7419,-126.884,-7.0815,-125.938,-7.0917,-125.923,-5.7522,20,10,40,15,15,30,A
ch2_cla_l1_20240701T113840112_20240701T113848112.fits,2024-07-01 11:38:40.112000,2024-07-01 11:38:48.112000,-128.307,-27.0657,-128.331,-28.3531,-127.326,-28.3641,-127.312,-27.0766,20,10,40,15,15,30,A
ch2_cla_l1_20240701T133413195_20240701T133421196.fits,2024-07-01 13:34:13.195000,2024-07-01 13:34:21.196000,-129.341,-23.9171,-129.364,-25.2136,-128.376,-25.2246,-128.362,-23.9281,20,10,40,15,15,30,A
ch2_cla_l1_20240701T171509826_20240701T171517826.fits,2024-07-01 17:15:09.826000,2024-07-01 17:15:17.826000,-130.971,12.8642,-130.986,11.5094,-130.01,11.4982,-129.99,12.853,20,10,40,15,15,30,A
ch2_cla_l1_20240701T110216112_20240701T110224112.fits,2024-07-01 11:02:16.112000,2024-07-01 11:02:24.112000,-125.641,82.269,-125.865,81.0373,-120.583,80.9799,-119.545,82.2027,20,10,40,15,15,30,A
ch2_cla_l1_20240701T194250911_20240701T194258911.fits,2024-07-01 19:42:50.911000,2024-07-01 19:42:58.911000,-138.931,-81.5674,-139.959,-82.6508,-134.658,-82.714,-134.296,-81.6226,20,10,40,15,15,30,A
ch2_cla_l1_20240701T152641767_20240701T152649767.fits,2024-07-01 15:26:41.767000,2024-07-01 15:26:49.767000,-130.224,-11.5077,-130.243,-12.8339,-129.294,-12.8447,-129.279,-11.5185,20,10,40,15,15,30,A
ch2_cla_l1_20240701T090123848_20240701T090131848.fits,2024-07-01 09:01:23.848000,2024-07-01 09:01:31.848000,40.2575,85.7806,43.2658,84.6222,51.564,84.7115,50.8648,85.8951,20,10,40,15,15,30,A
ch2_cla_l1_20240701T193746911_20240701T193754911.fits,2024-07-01 19:37:46.911000,2024-07-01 19:37:54.911000,-134.398,-65.9196,-134.527,-67.0712,-132.623,-67.0939,-132.577,-65.9413,20,10,40,15,15,30,A
ch2_cla_l1_20240701T091731848_20240701T091739848.fits,2024-07-01 09:17:31.848000,2024-07-01 09:17:39.848000,-126.204,46.5206,-126.219,45.1838,-124.889,45.1696,-124.843,46.5061,20,10,40,15,15,30,A
ch2_cla_l1_20240701T132749196_20240701T132757195.fits,2024-07-01 13:27:49.196000,2024-07-01 13:27:57.195000,-129.032,-4.6526,-129.049,-5.992,-128.105,-6.0025,-128.089,-4.6631,20,10,40,15,15,30,A
ch2_cla_l1_20240701T165421826_20240701T165429826.fits,2024-07-01 16:54:21.826000,2024-07-01 16:54:29.826000,-129.601,75.3232,-129.683,74.0737,-126.607,74.0385,-126.276,75.2852,20,10,40,15,15,30,A
ch2_cla_l1_20240701T174837826_20240701T174845826.fits,2024-07-01 17:48:37.826000,2024-07-01 17:48:45.826000,156.099,-88.9697,132.527,-89.0095,120.615,-89.6441,-176.98,-88.6313,20,10,40,15,15,30,A
ch2_cla_l1_20240701T114016112_20240701T114024112.fits,2024-07-01 11:40:16.112000,2024-07-01 11:40:24.112000,-128.407,-31.9101,-128.434,-33.1822,-127.396,-33.1936,-127.382,-31.9213,20,10,40,15,15,30,A
ch2_cla_l1_20240701T185546911_20240701T185554911.fits,2024-07-01 18:55:46.911000,2024-07-01 18:55:54.911000,-131.28,60.7728,-131.308,59.481,-129.556,59.4606,-129.461,60.7516,20,10,40,15,15,30,A
ch2_cla_l1_20240701T173621826_20240701T173629826.fits,2024-07-01 17:36:21.826000,2024-07-01 17:36:29.826000,-132.292,-51.1241,-132.346,-52.3312,-131.038,-52.3464,-131.016,-51.1389,20,10,40,15,15,30,A
ch2_cla_l1_20240701T112312112_20240701T112320112.fits,2024-07-01 11:23:12.112000,2024-07-01 11:23:20.112000,-127.635,19.3719,-127.649,18.0109,-126.637,17.9998,-126.615,19.3608,20,10,40,15,15,30,A
ch2_cla_l1_20240701T164933826_20240701T164941826.fits,2024-07-01 16:49:33.826000,2024-07-01 16:49:41.826000,-113.633,89.0947,-118.866,88.6982,-90.9143,88.3474,-57.025,89.7275,20,10,40,15,15,30,A
ch2_cla_l1_20240701T095531848_20240701T095539848.fits,2024-07-01 09:55:31.848000,2024-07-01 09:55:39.848000,-129.036,-68.1729,-129.178,-69.3071,-127.131,-69.329,-127.086,-68.1937,20,10,40,15,15,30,A
ch2_cla_l1_20240701T094323848_20240701T094331848.fits,2024-07-01 09:43:23.848000,2024-07-01 09:43:31.848000,-127.293,-31.0638,-127.319,-32.3387,-126.288,-32.3498,-126.274,-31.0748,20,10,40,15,15,30,A
ch2_cla_l1_20240701T155553767_20240701T155601767.fits,2024-07-01 15:55:53.767000,2024-07-01 15:56:01.767000,51.6694,-77.8179,51.8197,-78.8353,54.9109,-78.8004,54.4997,-77.7859,20,10,40,15,15,30,A
ch2_cla_l1_20240701T085659848_20240701T085707848.fits,2024-07-01 08:56:59.848000,2024-07-01 08:57:07.848000,50.9047,72.3175,51.1005,71.1883,53.3289,71.2121,53.2754,72.3428,20,10,40,15,15,30,A
ch2_cla_l1_20240701T190050911_20240701T190058911.fits,2024-07-01 19:00:50.911000,2024-07-01 19:00:58.911000,-131.593,45.5394,-131.61,44.2123,-130.317,44.1973,-130.27,45.5241,20,10,40,15,15,30,A
ch2_cla_l1_20240701T092027848_20240701T092035848.fits,2024-07-01 09:20:27.848000,2024-07-01 09:20:35.848000,-126.324,37.7392,-126.338,36.3883,-125.155,36.3756,-125.121,37.7263,20,10,40,15,15,30,A
ch2_cla_l1_20240701T191642911_20240701T191650911.fits,2024-07-01 19:16:42.911000,2024-07-01 19:16:50.911000,-132.259,-1.9801,-132.276,-3.3208,-131.334,-3.3319,-131.317,-1.9913,20,10,40,15,15,30,A
ch2_cla_l1_20240701T133517195_20240701T133525195.fits,2024-07-01 13:35:17.195000,2024-07-01 13:35:25.195000,-129.403,-27.141,-129.428,-28.4282,-128.423,-28.4394,-128.408,-27.1521,20,10,40,15,15,30,A
ch2_cla_l1_20240701T150921767_20240701T150929767.fits,2024-07-01 15:09:21.767000,2024-07-01 15:09:29.767000,-129.527,40.4052,-129.542,39.0647,-128.33,39.0511,-128.292,40.3914,20,10,40,15,15,30,A
ch2_cla_l1_20240701T093851848_20240701T093859848.fits,2024-07-01 09:38:51.848000,2024-07-01 09:38:59.848000,-127.041,-17.3683,-127.061,-18.6825,-126.098,-18.693,-126.084,-17.3786,20,10,40,15,15,30,A
ch2_cla_l1_20240701T191826911_20240701T191834911.fits,2024-07-01 19:18:26.911000,2024-07-01 19:18:34.911000,-132.336,-7.1832,-132.355,-8.5162,-131.412,-8.5274,-131.396,-7.1944,20,10,40,15,15,30,A
ch2_cla_l1_20240701T105608112_20240701T105616112.fits,2024-07-01 10:56:08.112000,2024-07-01 10:56:16.112000,47.1337,80.1175,47.7495,78.9625,51.6675,79.0051,51.5135,80.1651,20,10,40,15,15,30,A
ch2_cla_l1_20240701T114832112_20240701T114840112.fits,2024-07-01 11:48:32.112000,2024-07-01 11:48:40.112000,-129.263,-57.1221,-129.331,-58.3024,-127.863,-58.3185,-127.838,-57.1376,20,10,40,15,15,30,A
ch2_cla_l1_20240701T130309195_20240701T130317195.fits,2024-07-01 13:03:09.195000,2024-07-01 13:03:17.195000,-127.838,69.2957,-127.879,68.022,-125.553,67.9963,-125.38,69.2687,20,10,40,15,15,30,A
ch2_cla_l1_20240701T153537767_20240701T153545767.fits,2024-07-01 15:35:37.767000,2024-07-01 15:35:45.767000,-130.762,-38.5066,-130.795,-39.7579,-129.695,-39.7705,-129.678,-38.519,20,10,40,15,15,30,A
ch2_cla_l1_20240701T153305767_20240701T153313767.fits,2024-07-01 15:33:05.767000,2024-07-01 15:33:13.767000,-130.576,-30.8197,-130.603,-32.096,-129.573,-32.1077,-129.558,-30.8313,20,10,40,15,15,30,A
ch2_cla_l1_20240701T183826911_20240701T183834911.fits,2024-07-01 18:38:26.911000,2024-07-01 18:38:34.911000,46.0684,67.4366,46.1953,66.3336,47.9144,66.3538,47.8713,67.4577,20,10,40,15,15,30,A
ch2_cla_l1_20240701T144809767_20240701T144817767.fits,2024-07-01 14:48:09.767000,2024-07-01 14:48:17.767000,46.4864,76.4881,46.8275,75.3487,49.7173,75.3811,49.6216,76.5233,20,10,40,15,15,30,A
ch2_cla_l1_20240701T111720112_20240701T111728112.fits,2024-07-01 11:17:20.112000,2024-07-01 11:17:28.112000,-127.416,36.9137,-127.429,35.564,-126.261,35.5513,-126.227,36.9008,20,10,40,15,15,30,A
ch2_cla_l1_20240701T155633767_20240701T155641767.fits,2024-07-01 15:56:33.767000,2024-07-01 15:56:41.767000,51.4295,-75.7299,51.5393,-76.7405,54.1192,-76.7114,53.8245,-75.7029,20,10,40,15,15,30,A
ch2_cla_l1_20240701T170213826_20240701T170221826.fits,2024-07-01 17:02:13.826000,2024-07-01 17:02:21.826000,-130.42,51.5974,-130.439,50.2803,-129.005,50.264,-128.946,51.5807,20,10,40,15,15,30,A
ch2_cla_l1_20240701T091219848_20240701T091227848.fits,2024-07-01 09:12:19.848000,2024-07-01 09:12:27.848000,-125.923,62.1342,-125.947,60.8342,-124.104,60.8145,-124.004,62.1137,20,10,40,15,15,30,A
ch2_cla_l1_20240701T173445826_20240701T173453826.fits,2024-07-01 17:34:45.826000,2024-07-01 17:34:53.826000,-132.101,-46.2368,-132.146,-47.4619,-130.935,-47.4759,-130.916,-46.2506,20,10,40,15,15,30,A
ch2_cla_l1_20240701T144625767_20240701T144633767.fits,2024-07-01 14:46:25.767000,2024-07-01 14:46:33.767000,47.7667,71.1393,47.9434,70.0194,50.017,70.0427,49.9635,71.1639,20,10,40,15,15,30,A
ch2_cla_l1_20240701T132605196_20240701T132613196.fits,2024-07-01 13:26:05.196000,2024-07-01 13:26:13.196000,-128.961,0.546,-128.977,-0.8011,-128.029,-0.8117,-128.013,0.5354,20,10,40,15,15,30,A
ch2_cla_l1_20240701T112456112_20240701T112504112.fits,2024-07-01 11:24:56.112000,2024-07-01 11:25:04.112000,-127.699,14.189,-127.713,12.8289,-126.727,12.8182,-126.707,14.1782,20,10,40,15,15,30,A
ch2_cla_l1_20240701T133701195_20240701T133709195.fits,2024-07-01 13:37:01.195000,2024-07-01 13:37:09.195000,-129.514,-32.3896,-129.542,-33.6605,-128.5,-33.6721,-128.485,-32.401,20,10,40,15,15,30,A
ch2_cla_l1_20240701T193810911_20240701T193818911.fits,2024-07-01 19:38:10.911000,2024-07-01 19:38:18.911000,-134.534,-67.1522,-134.676,-68.2988,-132.684,-68.3225,-132.633,-67.1749,20,10,40,15,15,30,A
ch2_cla_l1_20240701T112328112_20240701T112336112.fits,2024-07-01 11:23:28.112000,2024-07-01 11:23:36.112000,-127.645,18.5747,-127.658,17.2138,-126.651,17.2028,-126.629,18.5636,20,10,40,15,15,30,A
ch2_cla_l1_20240701T092155848_20240701T092203848.fits,2024-07-01 09:21:55.848000,2024-07-01 09:22:03.848000,-126.38,33.3529,-126.393,31.9969,-125.264,31.9848,-125.234,33.3406,20,10,40,15,15,30,A
ch2_cla_l1_20240701T094915848_20240701T094923848.fits,2024-07-01 09:49:15.848000,2024-07-01 09:49:23.848000,-127.787,-48.9172,-127.833,-50.1285,-126.579,-50.142,-126.561,-48.9303,20,10,40,15,15,30,A
ch2_cla_l1_20240701T114200112_20240701T114208112.fits,2024-07-01 11:42:00.112000,2024-07-01 11:42:08.112000,-128.53,-37.1702,-128.561,-38.4249,-127.477,-38.4368,-127.462,-37.1819,20,10,40,15,15,30,A
ch2_cla_l1_20240701T105824112_20240701T105832112.fits,2024-07-01 10:58:24.112000,2024-07-01 10:58:32.112000,33.4327,86.9623,38.8816,85.8237,49.6192,85.9414,48.2712,87.1264,20,10,40,15,15,30,A
ch2_cla_l1_20240701T194138911_20240701T194146911.fits,2024-07-01 19:41:38.911000,2024-07-01 19:41:46.911000,-136.818,-77.8585,-137.304,-78.9607,-133.685,-79.0038,-133.515,-77.8978,20,10,40,15,15,30,A
ch2_cla_l1_20240701T170229826_20240701T170237826.fits,2024-07-01 17:02:29.826000,2024-07-01 17:02:37.826000,-130.434,50.7964,-130.453,49.4775,-129.04,49.4615,-128.983,50.7799,20,10,40,15,15,30,A
ch2_cla_l1_20240701T164653826_20240701T164701826.fits,2024-07-01 16:46:53.826000,2024-07-01 16:47:01.826000,41.1347,83.0104,42.359,81.8552,47.6988,81.9165,47.367,83.082,20,10,40,15,15,30,A
ch2_cla_l1_20240701T091955848_20240701T092003848.fits,2024-07-01 09:19:55.848000,2024-07-01 09:20:03.848000,-126.303,39.3349,-126.317,37.9862,-125.112,37.9733,-125.076,39.3217,20,10,40,15,15,30,A
ch2_cla_l1_20240701T090355848_20240701T090403848.fits,2024-07-01 09:03:55.848000,2024-07-01 09:04:03.848000,-121.173,87.5462,-122.808,86.3343,-110.527,86.2014,-103.481,87.3522,20,10,40,15,15,30,A
ch2_cla_l1_20240701T111544112_20240701T111552112.fits,2024-07-01 11:15:44.112000,2024-07-01 11:15:52.112000,-127.352,41.7028,-127.366,40.3599,-126.128,40.3464,-126.088,41.6891,20,10,40,15,15,30,A
ch2_cla_l1_20240701T155049767_20240701T155057767.fits,2024-07-01 15:50:49.767000,2024-07-01 15:50:57.767000,-141.575,-85.2015,-144.906,-86.2475,-134.827,-86.3628,-133.672,-85.2914,20,10,40,15,15,30,A
ch2_cla_l1_20240701T164301826_20240701T164309826.fits,2024-07-01 16:43:01.826000,2024-07-01 16:43:09.826000,46.6473,71.1218,46.8256,70.0035,48.8925,70.0271,48.8369,71.1468,20,10,40,15,15,30,A
ch2_cla_l1_20240701T135141196_20240701T135149195.fits,2024-07-01 13:51:41.196000,2024-07-01 13:51:49.195000,-133.14,-77.3457,-133.562,-78.4447,-130.124,-78.4828,-129.987,-77.3805,20,10,40,15,15,30,A
ch2_cla_l1_20240701T092235848_20240701T092243848.fits,2024-07-01 09:22:35.848000,2024-07-01 09:22:43.848000,-126.405,31.3596,-126.418,30.0018,-125.31,29.99,-125.282,31.3476,20,10,40,15,15,30,A
ch2_cla_l1_20240701T155753767_20240701T155801767.fits,2024-07-01 15:57:53.767000,2024-07-01 15:58:01.767000,51.1008,-71.5471,51.1675,-72.5444,53.0947,-72.5227,52.9227,-71.5265,20,10,40,15,15,30,A
ch2_cla_l1_20240701T085939848_20240701T085947848.fits,2024-07-01 08:59:39.848000,2024-07-01 08:59:47.848000,48.0172,80.5211,48.68,79.363,52.764,79.4068,52.6044,80.5702,20,10,40,15,15,30,A
ch2_cla_l1_20240701T091603848_20240701T091611848.fits,2024-07-01 09:16:03.848000,2024-07-01 09:16:11.848000,-126.137,50.9175,-126.153,49.5895,-124.722,49.5742,-124.666,50.9018,20,10,40,15,15,30,A
ch2_cla_l1_20240701T090011848_20240701T090019848.fits,2024-07-01 09:00:11.848000,2024-07-01 09:00:19.848000,46.7318,82.1509,47.6824,80.9889,52.5408,81.0409,52.3163,82.2107,20,10,40,15,15,30,A
ch2_cla_l1_20240701T185114911_20240701T185122911.fits,2024-07-01 18:51:14.911000,2024-07-01 18:51:22.911000,-130.691,74.4702,-130.77,73.2202,-127.843,73.1861,-127.543,74.4335,20,10,40,15,15,30,A
ch2_cla_l1_20240701T120128112_20240701T120136112.fits,2024-07-01 12:01:28.112000,2024-07-01 12:01:36.112000,54.4341,-81.67,54.74,-82.6952,59.4983,-82.6434,58.605,-81.6246,20,10,40,15,15,30,A
ch2_cla_l1_20240701T100803848_20240701T100811848.fits,2024-07-01 10:08:03.848000,2024-07-01 10:08:11.848000,54.2822,-71.6628,54.3435,-72.6526,56.2561,-72.6322,56.09,-71.6434,20,10,40,15,15,30,A
ch2_cla_l1_20240701T184818911_20240701T184826911.fits,2024-07-01 18:48:18.911000,2024-07-01 18:48:26.911000,-129.246,83.3746,-129.614,82.1559,-123.697,82.0865,-122.282,83.2928,20,10,40,15,15,30,A
ch2_cla_l1_20240701T125949195_20240701T125957195.fits,2024-07-01 12:59:49.195000,2024-07-01 12:59:57.195000,-127.143,79.3851,-127.275,78.1452,-123.22,78.1004,-122.632,79.3353,20,10,40,15,15,30,A
ch2_cla_l1_20240701T193314911_20240701T193322911.fits,2024-07-01 19:33:14.911000,2024-07-01 19:33:22.911000,-133.441,-52.004,-133.499,-53.2089,-132.167,-53.2247,-132.144,-52.0195,20,10,40,15,15,30,A
ch2_cla_l1_20240701T172101826_20240701T172109826.fits,2024-07-01 17:21:01.826000,2024-07-01 17:21:09.826000,-131.211,-4.7151,-131.229,-6.0527,-130.286,-6.0636,-130.27,-4.726,20,10,40,15,15,30,A
ch2_cla_l1_20240701T154945767_20240701T154953767.fits,2024-07-01 15:49:45.767000,2024-07-01 15:49:53.767000,-136.805,-81.9199,-137.884,-82.9977,-132.368,-83.0601,-132.009,-81.9741,20,10,40,15,15,30,A
ch2_cla_l1_20240701T174029826_20240701T174037826.fits,2024-07-01 17:40:29.826000,2024-07-01 17:40:37.826000,-133.068,-63.8056,-133.176,-64.9641,-131.407,-64.9845,-131.368,-63.8253,20,10,40,15,15,30,A
ch2_cla_l1_20240701T093707848_20240701T093715848.fits,2024-07-01 09:37:07.848000,2024-07-01 09:37:15.848000,-126.96,-12.151,-126.978,-13.4776,-126.026,-13.488,-126.012,-12.1613,20,10,40,15,15,30,A
ch2_cla_l1_20240701T094211848_20240701T094219848.fits,2024-07-01 09:42:11.848000,2024-07-01 09:42:19.848000,-127.219,-27.4307,-127.243,-28.717,-126.237,-28.7279,-126.223,-27.4415,20,10,40,15,15,30,A
ch2_cla_l1_20240701T095403848_20240701T095411848.fits,2024-07-01 09:54:03.848000,2024-07-01 09:54:11.848000,-128.592,-63.6486,-128.693,-64.8014,-126.949,-64.8201,-126.915,-63.6666,20,10,40,15,15,30,A
ch2_cla_l1_20240701T172453826_20240701T172501826.fits,2024-07-01 17:24:53.826000,2024-07-01 17:25:01.826000,-131.393,-16.3404,-131.414,-17.6557,-130.455,-17.6668,-130.44,-16.3515,20,10,40,15,15,30,A
ch2_cla_l1_20240701T151249767_20240701T151257767.fits,2024-07-01 15:12:49.767000,2024-07-01 15:12:57.767000,-129.667,30.0284,-129.682,28.6757,-128.595,28.6635,-128.566,30.016,20,10,40,15,15,30,A
ch2_cla_l1_20240701T115744112_20240701T115752112.fits,2024-07-01 11:57:44.112000,2024-07-01 11:57:52.112000,-139.875,-85.5141,-143.623,-86.5516,-132.749,-86.6714,-131.495,-85.6058,20,10,40,15,15,30,A
ch2_cla_l1_20240701T140149196_20240701T140157195.fits,2024-07-01 14:01:49.196000,2024-07-01 14:01:57.195000,52.062,-69.9018,52.1171,-70.8913,53.8585,-70.872,53.7168,-69.8835,20,10,40,15,15,30,A
ch2_cla_l1_20240701T131429195_20240701T131437195.fits,2024-07-01 13:14:29.195000,2024-07-01 13:14:37.195000,-128.518,35.2528,-128.533,33.9031,-127.387,33.8905,-127.355,35.24,20,10,40,15,15,30,A
ch2_cla_l1_20240701T145857767_20240701T145905767.fits,2024-07-01 14:58:57.767000,2024-07-01 14:59:05.767000,-128.786,71.687,-128.839,70.4232,-126.273,70.3945,-126.055,71.6564,20,10,40,15,15,30,A
ch2_cla_l1_20240701T125053195_20240701T125101195.fits,2024-07-01 12:50:53.195000,2024-07-01 12:51:01.195000,48.2088,74.4203,48.4644,73.2865,50.9819,73.3143,50.9104,74.4502,20,10,40,15,15,30,A
ch2_cla_l1_20240701T183954911_20240701T184002911.fits,2024-07-01 18:39:54.911000,2024-07-01 18:40:02.911000,45.3603,71.9781,45.5585,70.8584,47.7196,70.8837,47.6565,72.005,20,10,40,15,15,30,A
ch2_cla_l1_20240701T095019848_20240701T095027848.fits,2024-07-01 09:50:19.848000,2024-07-01 09:50:27.848000,-127.917,-52.1807,-127.97,-53.3798,-126.645,-53.394,-126.625,-52.1946,20,10,40,15,15,30,A
ch2_cla_l1_20240701T125501195_20240701T125509195.fits,2024-07-01 12:55:01.195000,2024-07-01 12:55:09.195000,31.8884,87.0022,37.5106,85.8675,48.3336,85.9881,46.8845,87.171,20,10,40,15,15,30,A
ch2_cla_l1_20240701T190338911_20240701T190346911.fits,2024-07-01 19:03:38.911000,2024-07-01 19:03:46.911000,-131.723,37.1455,-131.739,35.8044,-130.578,35.791,-130.543,37.1317,20,10,40,15,15,30,A
ch2_cla_l1_20240701T110000112_20240701T110008112.fits,2024-07-01 11:00:00.112000,2024-07-01 11:00:08.112000,-112.153,89.1393,-120.933,87.9501,-100.51,87.7203,-76.2877,88.6832,20,10,40,15,15,30,A
ch2_cla_l1_20240701T165645826_20240701T165653826.fits,2024-07-01 16:56:45.826000,2024-07-01 16:56:53.826000,-129.995,68.0622,-130.036,66.7893,-127.83,66.7641,-127.672,68.0358,20,10,40,15,15,30,A
ch2_cla_l1_20240701T152425767_20240701T152433767.fits,2024-07-01 15:24:25.767000,2024-07-01 15:24:33.767000,-130.122,-4.6982,-130.14,-6.0367,-129.196,-6.0474,-129.18,-4.7089,20,10,40,15,15,30,A
ch2_cla_l1_20240701T115936112_20240701T115944112.fits,2024-07-01 11:59:36.112000,2024-07-01 11:59:44.112000,59.2992,-87.486,64.2215,-88.5199,85.2109,-88.275,72.8652,-87.3348,20,10,40,15,15,30,A
ch2_cla_l1_20240701T165013826_20240701T165021826.fits,2024-07-01 16:50:13.826000,2024-07-01 16:50:21.826000,-123.473,87.8727,-126.0,86.6734,-112.769,86.5196,-103.883,87.6398,20,10,40,15,15,30,A
ch2_cla_l1_20240701T190922911_20240701T190930911.fits,2024-07-01 19:09:22.911000,2024-07-01 19:09:30.911000,-131.958,19.9836,-131.973,18.6298,-130.966,18.6179,-130.943,19.9717,20,10,40,15,15,30,A
ch2_cla_l1_20240701T110408112_20240701T110416112.fits,2024-07-01 11:04:08.112000,2024-07-01 11:04:16.112000,-126.385,76.6084,-126.467,75.3563,-123.119,75.32,-122.737,76.5688,20,10,40,15,15,30,A
ch2_cla_l1_20240701T154105767_20240701T154113767.fits,2024-07-01 15:41:05.767000,2024-07-01 15:41:13.767000,-131.376,-55.193,-131.439,-56.3834,-130.026,-56.3994,-130.002,-55.2085,20,10,40,15,15,30,A
ch2_cla_l1_20240701T154737767_20240701T154745767.fits,2024-07-01 15:47:37.767000,2024-07-01 15:47:45.767000,-133.673,-75.3195,-133.993,-76.4294,-131.013,-76.4631,-130.907,-75.3507,20,10,40,15,15,30,A
ch2_cla_l1_20240701T171317826_20240701T171325826.fits,2024-07-01 17:13:17.826000,2024-07-01 17:13:25.826000,-130.898,18.45,-130.913,17.0941,-129.912,17.0826,-129.89,18.4384,20,10,40,15,15,30,A
ch2_cla_l1_20240701T172941826_20240701T172949826.fits,2024-07-01 17:29:41.826000,2024-07-01 17:29:49.826000,-131.673,-30.8366,-131.701,-32.1131,-130.67,-32.1251,-130.655,-30.8484,20,10,40,15,15,30,A
ch2_cla_l1_20240701T152433767_20240701T152441767.fits,2024-07-01 15:24:33.767000,2024-07-01 15:24:41.767000,-130.128,-5.0984,-130.145,-6.4363,-129.202,-6.447,-129.186,-5.1091,20,10,40,15,15,30,A
ch2_cla_l1_20240701T125109195_20240701T125117195.fits,2024-07-01 12:51:09.195000,2024-07-01 12:51:17.195000,47.9934,75.2424,48.2776,74.1057,50.9339,74.135,50.8555,75.274,20,10,40,15,15,30,A
ch2_cla_l1_20240701T100043848_20240701T100051848.fits,2024-07-01 10:00:43.848000,2024-07-01 10:00:51.848000,-135.995,-84.2624,-138.135,-85.3162,-130.097,-85.4027,-129.414,-84.3329,20,10,40,15,15,30,A
ch2_cla_l1_20240701T135109195_20240701T135117196.fits,2024-07-01 13:51:09.195000,2024-07-01 13:51:17.196000,-132.631,-75.6944,-132.962,-76.8009,-129.916,-76.8346,-129.809,-75.7256,20,10,40,15,15,30,A
ch2_cla_l1_20240701T172509826_20240701T172517826.fits,2024-07-01 17:25:09.826000,2024-07-01 17:25:17.826000,-131.407,-17.1437,-131.428,-18.4569,-130.467,-18.4681,-130.452,-17.1548,20,10,40,15,15,30,A
ch2_cla_l1_20240701T113216112_20240701T113224112.fits,2024-07-01 11:32:16.112000,2024-07-01 11:32:24.112000,-127.987,-7.7807,-128.004,-9.1156,-127.058,-9.126,-127.043,-7.7911,20,10,40,15,15,30,A
ch2_cla_l1_20240701T174421826_20240701T174429826.fits,2024-07-01 17:44:21.826000,2024-07-01 17:44:29.826000,-134.938,-75.7389,-135.283,-76.8488,-132.208,-76.8844,-132.091,-75.7719,20,10,40,15,15,30,A
ch2_cla_l1_20240701T165837826_20240701T165845826.fits,2024-07-01 16:58:37.826000,2024-07-01 16:58:45.826000,-130.179,62.4296,-130.208,61.14,-128.37,61.119,-128.265,62.4078,20,10,40,15,15,30,A
ch2_cla_l1_20240701T133749196_20240701T133757196.fits,2024-07-01 13:37:49.196000,2024-07-01 13:37:57.196000,-129.57,-34.8161,-129.6,-36.0793,-128.538,-36.0911,-128.522,-34.8278,20,10,40,15,15,30,A
ch2_cla_l1_20240701T110840112_20240701T110848112.fits,2024-07-01 11:08:40.112000,2024-07-01 11:08:48.112000,-126.974,62.9174,-126.999,61.6223,-125.12,61.6018,-125.014,62.8962,20,10,40,15,15,30,A
ch2_cla_l1_20240701T184442911_20240701T184450911.fits,2024-07-01 18:44:42.911000,2024-07-01 18:44:50.911000,30.2048,86.6426,34.9548,85.5087,44.8007,85.6252,43.428,86.8004,20,10,40,15,15,30,A
ch2_cla_l1_20240701T115112112_20240701T115120112.fits,2024-07-01 11:51:12.112000,2024-07-01 11:51:20.112000,-129.853,-65.3256,-129.967,-66.4734,-128.121,-66.4934,-128.083,-65.3449,20,10,40,15,15,30,A
ch2_cla_l1_20240701T090459848_20240701T090507848.fits,2024-07-01 09:04:59.848000,2024-07-01 09:05:07.848000,-124.045,84.3067,-124.418,83.0804,-117.657,83.0079,-115.879,84.2189,20,10,40,15,15,30,A
ch2_cla_l1_20240701T185250911_20240701T185258911.fits,2024-07-01 18:52:50.911000,2024-07-01 18:52:58.911000,-130.973,69.6273,-131.022,68.3615,-128.685,68.3343,-128.502,69.5985,20,10,40,15,15,30,A
ch2_cla_l1_20240701T120520112_20240701T120528112.fits,2024-07-01 12:05:20.112000,2024-07-01 12:05:28.112000,53.1056,-69.5438,53.1572,-70.5298,54.856,-70.5114,54.7215,-69.5263,20,10,40,15,15,30,A
ch2_cla_l1_20240701T173957826_20240701T174005826.fits,2024-07-01 17:39:57.826000,2024-07-01 17:40:05.826000,-132.93,-62.1647,-133.027,-63.3293,-131.345,-63.3488,-131.309,-62.1834,20,10,40,15,15,30,A
ch2_cla_l1_20240701T151641767_20240701T151649767.fits,2024-07-01 15:16:41.767000,2024-07-01 15:16:49.767000,-129.815,18.4631,-129.83,17.1057,-128.827,17.0944,-128.805,18.4517,20,10,40,15,15,30,A
ch2_cla_l1_20240701T093123848_20240701T093131848.fits,2024-07-01 09:31:23.848000,2024-07-01 09:31:31.848000,-126.725,5.0482,-126.74,3.6933,-125.783,3.683,-125.765,5.0378,20,10,40,15,15,30,A
ch2_cla_l1_20240701T190746911_20240701T190754911.fits,2024-07-01 19:07:46.911000,2024-07-01 19:07:54.911000,-131.895,24.7712,-131.91,23.419,-130.871,23.4069,-130.845,24.759,20,10,40,15,15,30,A
ch2_cla_l1_20240701T092731848_20240701T092739848.fits,2024-07-01 09:27:31.848000,2024-07-01 09:27:39.848000,-126.583,16.6145,-126.596,15.2522,-125.598,15.2414,-125.577,16.6037,20,10,40,15,15,30,A
ch2_cla_l1_20240701T134717195_20240701T134725195.fits,2024-07-01 13:47:17.195000,2024-07-01 13:47:25.195000,-130.827,-63.7535,-130.931,-64.9091,-129.173,-64.9285,-129.137,-63.7722,20,10,40,15,15,30,A
ch2_cla_l1_20240701T095227848_20240701T095235848.fits,2024-07-01 09:52:27.848000,2024-07-01 09:52:35.848000,-128.248,-58.7255,-128.321,-59.8981,-126.799,-59.9144,-126.774,-58.7412,20,10,40,15,15,30,A
ch2_cla_l1_20240701T144553767_20240701T144601767.fits,2024-07-01 14:45:53.767000,2024-07-01 14:46:01.767000,48.0301,69.4891,48.1796,68.3754,50.0836,68.3967,50.0372,69.5116,20,10,40,15,15,30,A
ch2_cla_l1_20240701T094659848_20240701T094707848.fits,2024-07-01 09:46:59.848000,2024-07-01 09:47:07.848000,-127.561,-42.0005,-127.597,-43.2375,-126.456,-43.2498,-126.441,-42.0125,20,10,40,15,15,30,A
ch2_cla_l1_20240701T111312112_20240701T111320112.fits,2024-07-01 11:13:12.112000,2024-07-01 11:13:20.112000,-127.239,49.2941,-127.256,47.9652,-125.868,47.9501,-125.816,49.2787,20,10,40,15,15,30,A
ch2_cla_l1_20240701T170621826_20240701T170629826.fits,2024-07-01 17:06:21.826000,2024-07-01 17:06:29.826000,-130.62,39.1993,-130.635,37.8594,-129.444,37.8458,-129.407,39.1854,20,10,40,15,15,30,A
ch2_cla_l1_20240701T193050911_20240701T193058911.fits,2024-07-01 19:30:50.911000,2024-07-01 19:30:58.911000,-133.152,-44.6758,-133.195,-45.9071,-132.009,-45.9213,-131.99,-44.6898,20,10,40,15,15,30,A
ch2_cla_l1_20240701T091027848_20240701T091035848.fits,2024-07-01 09:10:27.848000,2024-07-01 09:10:35.848000,-125.769,67.7587,-125.802,66.4753,-123.596,66.4517,-123.446,67.7339,20,10,40,15,15,30,A
ch2_cla_l1_20240701T192642911_20240701T192650911.fits,2024-07-01 19:26:42.911000,2024-07-01 19:26:50.911000,-132.799,-32.1151,-132.829,-33.3877,-131.788,-33.4002,-131.772,-32.1274,20,10,40,15,15,30,A
ch2_cla_l1_20240701T194546911_20240701T194554911.fits,2024-07-01 19:45:46.911000,2024-07-01 19:45:54.911000,59.0295,-88.1355,72.8301,-89.15,100.356,-88.7362,76.6207,-87.9146,20,10,40,15,15,30,A
ch2_cla_l1_20240701T155441767_20240701T155449767.fits,2024-07-01 15:54:41.767000,2024-07-01 15:54:49.767000,52.3776,-81.5701,52.6983,-82.5999,57.432,-82.5464,56.532,-81.5231,20,10,40,15,15,30,A
ch2_cla_l1_20240701T164709826_20240701T164717826.fits,2024-07-01 16:47:09.826000,2024-07-01 16:47:17.826000,39.9902,83.8203,41.5318,82.665,47.485,82.7334,47.0691,83.9017,20,10,40,15,15,30,A
ch2_cla_l1_20240701T133309195_20240701T133317195.fits,2024-07-01 13:33:09.195000,2024-07-01 13:33:17.195000,-129.283,-20.6974,-129.304,-22.0023,-128.331,-22.0132,-128.316,-20.7082,20,10,40,15,15,30,A
ch2_cla_l1_20240701T144633767_20240701T144641767.fits,2024-07-01 14:46:33.767000,2024-07-01 14:46:41.767000,47.694,71.5516,47.8783,70.4301,49.9988,70.4538,49.9435,71.5768,20,10,40,15,15,30,A
ch2_cla_l1_20240701T135221195_20240701T135229195.fits,2024-07-01 13:52:21.195000,2024-07-01 13:52:29.195000,-133.995,-79.4097,-134.601,-80.4993,-130.479,-80.545,-130.283,-79.4508,20,10,40,15,15,30,A
ch2_cla_l1_20240701T153921767_20240701T153929767.fits,2024-07-01 15:39:21.767000,2024-07-01 15:39:29.767000,-131.134,-49.8869,-131.184,-51.0976,-129.905,-51.1121,-129.885,-49.9011,20,10,40,15,15,30,A
ch2_cla_l1_20240701T090851848_20240701T090859848.fits,2024-07-01 09:08:51.848000,2024-07-01 09:08:59.848000,-125.58,72.5899,-125.63,71.3219,-122.932,71.293,-122.697,72.559,20,10,40,15,15,30,A
ch2_cla_l1_20240701T192826911_20240701T192834911.fits,2024-07-01 19:28:26.911000,2024-07-01 19:28:34.911000,-132.932,-37.3737,-132.965,-38.6297,-131.876,-38.6427,-131.859,-37.3865,20,10,40,15,15,30,A
ch2_cla_l1_20240701T155809767_20240701T155817767.fits,2024-07-01 15:58:09.767000,2024-07-01 15:58:17.767000,51.0503,-70.7094,51.1109,-71.7045,52.9439,-71.6839,52.7878,-70.6897,20,10,40,15,15,30,A
ch2_cla_l1_20240701T105832112_20240701T105840112.fits,2024-07-01 10:58:32.112000,2024-07-01 10:58:40.112000,30.4723,87.3442,37.3724,86.2176,49.263,86.3482,47.5208,87.534,20,10,40,15,15,30,A
ch2_cla_l1_20240701T173213826_20240701T173221826.fits,2024-07-01 17:32:13.826000,2024-07-01 17:32:21.826000,-131.862,-38.5227,-131.896,-39.7746,-130.794,-39.7874,-130.778,-38.5353,20,10,40,15,15,30,A
ch2_cla_l1_20240701T113952112_20240701T114000112.fits,2024-07-01 11:39:52.112000,2024-07-01 11:40:00.112000,-128.381,-30.698,-128.407,-31.9742,-127.379,-31.9855,-127.364,-30.7091,20,10,40,15,15,30,A
ch2_cla_l1_20240701T112720112_20240701T112728112.fits,2024-07-01 11:27:20.112000,2024-07-01 11:27:28.112000,-127.788,7.0085,-127.803,5.6531,-126.842,5.6425,-126.824,6.998,20,10,40,15,15,30,A
ch2_cla_l1_20240701T175117826_20240701T175125826.fits,2024-07-01 17:51:17.826000,2024-07-01 17:51:25.826000,51.3839,-81.5664,51.7186,-82.5986,56.47,-82.5437,55.5533,-81.5182,20,10,40,15,15,30,A
ch2_cla_l1_20240701T150537767_20240701T150545767.fits,2024-07-01 15:05:37.767000,2024-07-01 15:05:45.767000,-129.35,51.6012,-129.368,50.2818,-127.93,50.2658,-127.872,51.5848,20,10,40,15,15,30,A
ch2_cla_l1_20240701T150305767_20240701T150313767.fits,2024-07-01 15:03:05.767000,2024-07-01 15:03:13.767000,-129.197,59.2174,-129.221,57.9165,-127.529,57.8976,-127.442,59.1978,20,10,40,15,15,30,A
ch2_cla_l1_20240701T114608112_20240701T114616112.fits,2024-07-01 11:46:08.112000,2024-07-01 11:46:16.112000,-128.922,-49.7689,-128.97,-50.978,-127.697,-50.9918,-127.678,-49.7824,20,10,40,15,15,30,A
ch2_cla_l1_20240701T190810911_20240701T190818911.fits,2024-07-01 19:08:10.911000,2024-07-01 19:08:18.911000,-131.911,23.5745,-131.926,22.2216,-130.895,22.2096,-130.87,23.5622,20,10,40,15,15,30,A
ch2_cla_l1_20240701T185138911_20240701T185146911.fits,2024-07-01 18:51:38.911000,2024-07-01 18:51:46.911000,-130.775,73.2586,-130.844,72.0046,-128.095,71.9725,-127.833,73.2243,20,10,40,15,15,30,A
ch2_cla_l1_20240701T111456112_20240701T111504112.fits,2024-07-01 11:14:56.112000,2024-07-01 11:15:04.112000,-127.318,44.0987,-127.332,42.7597,-126.053,42.7458,-126.01,44.0845,20,10,40,15,15,30,A
ch2_cla_l1_20240701T085915848_20240701T085923848.fits,2024-07-01 08:59:15.848000,2024-07-01 08:59:23.848000,48.7265,79.2954,49.2507,78.141,52.8931,78.18,52.7648,79.3386,20,10,40,15,15,30,A
ch2_cla_l1_20240701T131037196_20240701T131045196.fits,2024-07-01 13:10:37.196000,2024-07-01 13:10:45.196000,-128.355,46.8335,-128.37,45.5019,-127.041,45.4873,-126.994,46.8186,20,10,40,15,15,30,A
ch2_cla_l1_20240701T105200112_20240701T105208112.fits,2024-07-01 10:52:00.112000,2024-07-01 10:52:08.112000,50.5392,67.3703,50.6598,66.262,52.3885,66.2807,52.3519,67.39,20,10,40,15,15,30,A
ch2_cla_l1_20240701T092219848_20240701T092227848.fits,2024-07-01 09:22:19.848000,2024-07-01 09:22:27.848000,-126.395,32.1568,-126.408,30.7998,-125.292,30.7878,-125.263,32.1447,20,10,40,15,15,30,A
ch2_cla_l1_20240701T170445826_20240701T170453826.fits,2024-07-01 17:04:45.826000,2024-07-01 17:04:53.826000,-130.548,43.9946,-130.564,42.6623,-129.296,42.6478,-129.253,43.9799,20,10,40,15,15,30,A
ch2_cla_l1_20240701T114824112_20240701T114832112.fits,2024-07-01 11:48:24.112000,2024-07-01 11:48:32.112000,-129.24,-56.7128,-129.307,-57.8949,-127.852,-57.9108,-127.828,-56.7282,20,10,40,15,15,30,A
ch2_cla_l1_20240701T130253195_20240701T130301195.fits,2024-07-01 13:02:53.195000,2024-07-01 13:03:01.195000,-127.805,70.1014,-127.849,68.8301,-125.447,68.8036,-125.26,70.0733,20,10,40,15,15,30,A
ch2_cla_l1_20240701T125333196_20240701T125341196.fits,2024-07-01 12:53:33.196000,2024-07-01 12:53:41.196000,43.96,82.6054,45.0395,81.4465,50.1418,81.5029,49.8699,82.6708,20,10,40,15,15,30,A
ch2_cla_l1_20240701T111328112_20240701T111336112.fits,2024-07-01 11:13:28.112000,2024-07-01 11:13:36.112000,-127.252,48.4946,-127.268,47.164,-125.899,47.1492,-125.849,48.4794,20,10,40,15,15,30,A
ch2_cla_l1_20240701T155625767_20240701T155633767.fits,2024-07-01 15:56:25.767000,2024-07-01 15:56:33.767000,51.4721,-76.1477,51.5883,-77.1596,54.2572,-77.1295,53.9436,-76.1198,20,10,40,15,15,30,A
ch2_cla_l1_20240701T091155848_20240701T091203848.fits,2024-07-01 09:11:55.848000,2024-07-01 09:12:03.848000,-125.894,63.3385,-125.92,62.0418,-124.011,62.0214,-123.903,63.3172,20,10,40,15,15,30,A
ch2_cla_l1_20240701T093355848_20240701T093403848.fits,2024-07-01 09:33:55.848000,2024-07-01 09:34:03.848000,-126.824,-2.542,-126.84,-3.8868,-125.893,-3.8971,-125.877,-2.5522,20,10,40,15,15,30,A
ch2_cla_l1_20240701T135045195_20240701T135053195.fits,2024-07-01 13:50:45.195000,2024-07-01 13:50:53.195000,-132.321,-74.4567,-132.601,-75.5683,-129.79,-75.5994,-129.699,-74.4857,20,10,40,15,15,30,A
ch2_cla_l1_20240701T194114911_20240701T194122911.fits,2024-07-01 19:41:14.911000,2024-07-01 19:41:22.911000,-136.371,-76.6213,-136.772,-77.7293,-133.488,-77.7684,-133.348,-76.6574,20,10,40,15,15,30,A
ch2_cla_l1_20240701T175301826_20240701T175309826.fits,2024-07-01 17:53:01.826000,2024-07-01 17:53:09.826000,50.4411,-76.1464,50.5623,-77.1607,53.2431,-77.1297,52.9234,-76.1177,20,10,40,15,15,30,A
ch2_cla_l1_20240701T164925826_20240701T164933826.fits,2024-07-01 16:49:25.826000,2024-07-01 16:49:33.826000,-113.633,89.0947,-63.9907,88.8551,-22.9828,88.9005,-57.025,89.7275,20,10,40,15,15,30,A
ch2_cla_l1_20240701T144753767_20240701T144801767.fits,2024-07-01 14:47:53.767000,2024-07-01 14:48:01.767000,46.7437,75.6668,47.0474,74.5303,49.7748,74.5609,49.6888,75.6999,20,10,40,15,15,30,A
ch2_cla_l1_20240701T094939848_20240701T094947848.fits,2024-07-01 09:49:39.848000,2024-07-01 09:49:47.848000,-127.834,-50.1405,-127.882,-51.3473,-126.603,-51.361,-126.584,-50.1539,20,10,40,15,15,30,A
ch2_cla_l1_20240701T173229826_20240701T173237826.fits,2024-07-01 17:32:29.826000,2024-07-01 17:32:37.826000,-131.885,-39.3335,-131.92,-40.5827,-130.808,-40.5956,-130.792,-39.3463,20,10,40,15,15,30,A
ch2_cla_l1_20240701T094507848_20240701T094515848.fits,2024-07-01 09:45:07.848000,2024-07-01 09:45:15.848000,-127.412,-36.3222,-127.442,-37.5797,-126.367,-37.5913,-126.352,-36.3337,20,10,40,15,15,30,A
ch2_cla_l1_20240701T092603848_20240701T092611848.fits,2024-07-01 09:26:03.848000,2024-07-01 09:26:11.848000,-126.53,20.9985,-126.543,19.6356,-125.52,19.6246,-125.497,20.9874,20,10,40,15,15,30,A
ch2_cla_l1_20240701T093011848_20240701T093019848.fits,2024-07-01 09:30:11.848000,2024-07-01 09:30:19.848000,-126.68,8.6396,-126.695,7.2814,-125.728,7.2709,-125.71,8.6291,20,10,40,15,15,30,A
ch2_cla_l1_20240701T112544112_20240701T112552112.fits,2024-07-01 11:25:44.112000,2024-07-01 11:25:52.112000,-127.728,11.7962,-127.742,10.4373,-126.766,10.4266,-126.747,11.7854,20,10,40,15,15,30,A
ch2_cla_l1_20240701T091235848_20240701T091243848.fits,2024-07-01 09:12:35.848000,2024-07-01 09:12:43.848000,-125.941,61.3319,-125.965,60.0294,-124.162,60.0102,-124.066,61.3118,20,10,40,15,15,30,A
ch2_cla_l1_20240701T130341196_20240701T130349196.fits,2024-07-01 13:03:41.196000,2024-07-01 13:03:49.196000,-127.897,67.6854,-127.934,66.4066,-125.746,66.3825,-125.594,67.6601,20,10,40,15,15,30,A
ch2_cla_l1_20240701T171101826_20240701T171109826.fits,2024-07-01 17:11:01.826000,2024-07-01 17:11:09.826000,-130.81,25.2306,-130.825,23.8767,-129.78,23.8647,-129.755,25.2186,20,10,40,15,15,30,A
ch2_cla_l1_20240701T190314911_20240701T190322911.fits,2024-07-01 19:03:14.911000,2024-07-01 19:03:22.911000,-131.705,38.3439,-131.721,37.0046,-130.545,36.991,-130.508,38.3299,20,10,40,15,15,30,A
ch2_cla_l1_20240701T131245195_20240701T131253195.fits,2024-07-01 13:12:45.195000,2024-07-01 13:12:53.195000,-128.448,40.4414,-128.463,39.0986,-127.247,39.0852,-127.21,40.4277,20,10,40,15,15,30,A
ch2_cla_l1_20240701T171453826_20240701T171501826.fits,2024-07-01 17:14:53.826000,2024-07-01 17:15:01.826000,-130.96,13.6625,-130.975,12.3071,-129.997,12.2959,-129.977,13.6512,20,10,40,15,15,30,A
ch2_cla_l1_20240701T095035848_20240701T095043848.fits,2024-07-01 09:50:35.848000,2024-07-01 09:50:43.848000,-127.953,-52.9979,-128.008,-54.1934,-126.662,-54.2078,-126.642,-53.0119,20,10,40,15,15,30,A
ch2_cla_l1_20240701T152249767_20240701T152257767.fits,2024-07-01 15:22:49.767000,2024-07-01 15:22:57.767000,-130.055,0.1012,-130.071,-1.2443,-129.126,-1.255,-129.109,0.0904,20,10,40,15,15,30,A
ch2_cla_l1_20240701T145945767_20240701T145953767.fits,2024-07-01 14:59:45.767000,2024-07-01 14:59:53.767000,-128.895,69.2688,-128.938,67.9972,-126.621,67.9713,-126.447,69.2414,20,10,40,15,15,30,A
ch2_cla_l1_20240701T165029826_20240701T165037826.fits,2024-07-01 16:50:29.826000,2024-07-01 16:50:37.826000,-125.426,87.0642,-126.898,85.8594,-116.077,85.7343,-110.565,86.8907,20,10,40,15,15,30,A
ch2_cla_l1_20240701T090707848_20240701T090715848.fits,2024-07-01 09:07:07.848000,2024-07-01 09:07:15.848000,-125.238,77.8349,-125.331,76.5848,-121.692,76.5458,-121.24,77.7921,20,10,40,15,15,30,A
ch2_cla_l1_20240701T174645826_20240701T174653826.fits,2024-07-01 17:46:45.826000,2024-07-01 17:46:53.826000,-139.287,-83.1574,-140.852,-84.2285,-134.192,-84.3058,-133.652,-83.2228,20,10,40,15,15,30,A
ch2_cla_l1_20240701T152953767_20240701T153001767.fits,2024-07-01 15:29:53.767000,2024-07-01 15:30:01.767000,-130.384,-21.1461,-130.406,-22.4496,-129.431,-22.4608,-129.416,-21.1571,20,10,40,15,15,30,A
ch2_cla_l1_20240701T134501195_20240701T134509195.fits,2024-07-01 13:45:01.195000,2024-07-01 13:45:09.195000,-130.352,-56.7856,-130.42,-57.9688,-128.96,-57.9849,-128.935,-56.8013,20,10,40,15,15,30,A
ch2_cla_l1_20240701T115656112_20240701T115704112.fits,2024-07-01 11:56:56.112000,2024-07-01 11:57:04.112000,-135.545,-83.0554,-136.985,-84.122,-130.507,-84.1926,-130.044,-83.1153,20,10,40,15,15,30,A
ch2_cla_l1_20240701T151425767_20240701T151433767.fits,2024-07-01 15:14:25.767000,2024-07-01 15:14:33.767000,-129.729,25.2423,-129.743,23.8866,-128.697,23.8748,-128.671,25.2304,20,10,40,15,15,30,A
ch2_cla_l1_20240701T115128112_20240701T115136112.fits,2024-07-01 11:51:28.112000,2024-07-01 11:51:36.112000,-129.933,-66.1479,-130.055,-67.2923,-128.154,-67.3129,-128.114,-66.1676,20,10,40,15,15,30,A
ch2_cla_l1_20240701T113000112_20240701T113008112.fits,2024-07-01 11:30:00.112000,2024-07-01 11:30:08.112000,-127.892,-0.9794,-127.908,-2.3255,-126.961,-2.336,-126.945,-0.9898,20,10,40,15,15,30,A
ch2_cla_l1_20240701T154857767_20240701T154905767.fits,2024-07-01 15:48:57.767000,2024-07-01 15:49:05.767000,-135.176,-79.4457,-135.796,-80.5371,-131.646,-80.584,-131.441,-79.4879,20,10,40,15,15,30,A
ch2_cla_l1_20240701T193338911_20240701T193346911.fits,2024-07-01 19:33:38.911000,2024-07-01 19:33:46.911000,-133.499,-53.2279,-133.559,-54.4281,-132.197,-54.4444,-132.173,-53.2438,20,10,40,15,15,30,A
ch2_cla_l1_20240701T184834911_20240701T184842911.fits,2024-07-01 18:48:34.911000,2024-07-01 18:48:42.911000,-129.514,82.5638,-129.812,81.3421,-124.42,81.2789,-123.269,82.4905,20,10,40,15,15,30,A
ch2_cla_l1_20240701T134053195_20240701T134101195.fits,2024-07-01 13:40:53.195000,2024-07-01 13:41:01.195000,-129.826,-44.1438,-129.865,-45.3746,-128.692,-45.3876,-128.675,-44.1566,20,10,40,15,15,30,A
ch2_cla_l1_20240701T092635848_20240701T092643848.fits,2024-07-01 09:26:35.848000,2024-07-01 09:26:43.848000,-126.549,19.4046,-126.563,18.0418,-125.549,18.0308,-125.527,19.3936,20,10,40,15,15,30,A
ch2_cla_l1_20240701T111144112_20240701T111152112.fits,2024-07-01 11:11:44.112000,2024-07-01 11:11:52.112000,-127.166,53.6956,-127.184,52.3763,-125.679,52.3599,-125.616,53.6788,20,10,40,15,15,30,A
ch2_cla_l1_20240701T155449767_20240701T155457767.fits,2024-07-01 15:54:49.767000,2024-07-01 15:54:57.767000,52.2709,-81.1536,52.5609,-82.182,57.0351,-82.1314,56.2233,-81.1089,20,10,40,15,15,30,A
ch2_cla_l1_20240701T164701826_20240701T164709826.fits,2024-07-01 16:47:01.826000,2024-07-01 16:47:09.826000,40.5971,83.4158,41.9668,82.2603,47.5974,82.325,47.227,83.492,20,10,40,15,15,30,A
ch2_cla_l1_20240701T090411848_20240701T090419848.fits,2024-07-01 09:04:11.848000,2024-07-01 09:04:19.848000,-122.422,86.7366,-123.428,85.5207,-113.237,85.4109,-108.7,86.5878,20,10,40,15,15,30,A
ch2_cla_l1_20240701T091203848_20240701T091211848.fits,2024-07-01 09:12:03.848000,2024-07-01 09:12:11.848000,-125.904,62.9369,-125.929,61.6394,-124.043,61.6192,-123.937,62.9159,20,10,40,15,15,30,A
ch2_cla_l1_20240701T185514911_20240701T185522911.fits,2024-07-01 18:55:14.911000,2024-07-01 18:55:22.911000,-131.235,62.3805,-131.266,61.0932,-129.435,61.0719,-129.329,62.3583,20,10,40,15,15,30,A
ch2_cla_l1_20240701T170629826_20240701T170637826.fits,2024-07-01 17:06:29.826000,2024-07-01 17:06:37.826000,-130.626,38.8001,-130.641,37.4594,-129.455,37.4459,-129.419,38.7863,20,10,40,15,15,30,A
ch2_cla_l1_20240701T164253826_20240701T164301826.fits,2024-07-01 16:42:53.826000,2024-07-01 16:43:01.826000,46.7178,70.7093,46.8888,69.5926,48.9109,69.6158,48.8572,70.7338,20,10,40,15,15,30,A
ch2_cla_l1_20240701T092555848_20240701T092603848.fits,2024-07-01 09:25:55.848000,2024-07-01 09:26:03.848000,-126.525,21.3969,-126.538,20.0344,-125.512,20.0233,-125.49,21.3858,20,10,40,15,15,30,A
ch2_cla_l1_20240701T112728112_20240701T112736112.fits,2024-07-01 11:27:28.112000,2024-07-01 11:27:36.112000,-127.793,6.6094,-127.808,5.2544,-126.848,5.2438,-126.83,6.5988,20,10,40,15,15,30,A
ch2_cla_l1_20240701T114600112_20240701T114608112.fits,2024-07-01 11:46:00.112000,2024-07-01 11:46:08.112000,-128.906,-49.3611,-128.953,-50.5718,-127.689,-50.5856,-127.67,-49.3746,20,10,40,15,15,30,A
ch2_cla_l1_20240701T194538911_20240701T194546911.fits,2024-07-01 19:45:38.911000,2024-07-01 19:45:46.911000,62.1352,-88.5407,67.5924,-88.9384,93.131,-89.497,83.2417,-88.2667,20,10,40,15,15,30,A
ch2_cla_l1_20240701T133653195_20240701T133701195.fits,2024-07-01 13:36:53.195000,2024-07-01 13:37:01.195000,-129.505,-31.9854,-129.532,-33.2577,-128.494,-33.2693,-128.479,-31.9969,20,10,40,15,15,30,A
ch2_cla_l1_20240701T130925195_20240701T130933195.fits,2024-07-01 13:09:25.195000,2024-07-01 13:09:33.195000,-128.297,50.4333,-128.314,49.109,-126.903,49.0935,-126.847,50.4173,20,10,40,15,15,30,A
ch2_cla_l1_20240701T153929767_20240701T153937767.fits,2024-07-01 15:39:29.767000,2024-07-01 15:39:37.767000,-131.151,-50.2946,-131.201,-51.5038,-129.914,-51.5184,-129.893,-50.3089,20,10,40,15,15,30,A
ch2_cla_l1_20240701T091619848_20240701T091627848.fits,2024-07-01 09:16:19.848000,2024-07-01 09:16:27.848000,-126.149,50.1178,-126.165,48.788,-124.755,48.7729,-124.701,50.1023,20,10,40,15,15,30,A
ch2_cla_l1_20240701T173045826_20240701T173053826.fits,2024-07-01 17:30:45.826000,2024-07-01 17:30:53.826000,-131.748,-34.0697,-131.778,-35.3361,-130.721,-35.3484,-130.705,-34.0818,20,10,40,15,15,30,A
ch2_cla_l1_20240701T155801767_20240701T155809767.fits,2024-07-01 15:58:01.767000,2024-07-01 15:58:09.767000,51.0745,-71.1286,51.1393,-72.1243,53.0182,-72.1031,52.8532,-71.1087,20,10,40,15,15,30,A
ch2_cla_l1_20240701T194906911_20240701T194914911.fits,2024-07-01 19:49:06.911000,2024-07-01 19:49:14.911000,49.6326,-77.7612,49.7957,-78.7831,52.8968,-78.7463,52.4726,-77.7274,20,10,40,15,15,30,A
ch2_cla_l1_20240701T133301195_20240701T133309195.fits,2024-07-01 13:33:01.195000,2024-07-01 13:33:09.195000,-129.276,-20.2952,-129.297,-21.6014,-128.325,-21.6122,-128.311,-20.3059,20,10,40,15,15,30,A
ch2_cla_l1_20240701T112056112_20240701T112104112.fits,2024-07-01 11:20:56.112000,2024-07-01 11:21:04.112000,-127.552,26.1479,-127.565,24.7887,-126.507,24.7772,-126.482,26.1362,20,10,40,15,15,30,A
ch2_cla_l1_20240701T135229195_20240701T135237195.fits,2024-07-01 13:52:29.195000,2024-07-01 13:52:37.195000,-134.207,-79.8225,-134.863,-80.91,-130.568,-80.9576,-130.356,-79.8652,20,10,40,15,15,30,A
ch2_cla_l1_20240701T125101195_20240701T125109195.fits,2024-07-01 12:51:01.195000,2024-07-01 12:51:09.195000,48.104,74.8314,48.3732,73.6962,50.9584,73.7247,50.8836,74.8621,20,10,40,15,15,30,A
ch2_cla_l1_20240701T184802911_20240701T184810911.fits,2024-07-01 18:48:02.911000,2024-07-01 18:48:10.911000,-128.905,84.1853,-129.372,82.9699,-122.81,82.8929,-121.029,84.0927,20,10,40,15,15,30,A
ch2_cla_l1_20240701T190738911_20240701T190746911.fits,2024-07-01 19:07:38.911000,2024-07-01 19:07:46.911000,-131.889,25.1704,-131.904,23.8181,-130.862,23.806,-130.837,25.158,20,10,40,15,15,30,A
ch2_cla_l1_20240701T100819848_20240701T100827848.fits,2024-07-01 10:08:19.848000,2024-07-01 10:08:27.848000,54.2356,-70.8241,54.2924,-71.8113,56.1105,-71.7918,55.9588,-70.8057,20,10,40,15,15,30,A
ch2_cla_l1_20240701T110400112_20240701T110408112.fits,2024-07-01 11:04:00.112000,2024-07-01 11:04:08.112000,-126.352,77.0123,-126.439,75.7617,-123.004,75.7244,-122.6,76.9716,20,10,40,15,15,30,A
ch2_cla_l1_20240701T165245826_20240701T165253826.fits,2024-07-01 16:52:45.826000,2024-07-01 16:52:53.826000,-129.06,80.1762,-129.228,78.9437,-124.927,78.8944,-124.239,80.121,20,10,40,15,15,30,A
ch2_cla_l1_20240701T152025767_20240701T152033767.fits,2024-07-01 15:20:25.767000,2024-07-01 15:20:33.767000,-129.959,7.2915,-129.974,5.9386,-129.015,5.9277,-128.997,7.2806,20,10,40,15,15,30,A
ch2_cla_l1_20240701T172949826_20240701T172957826.fits,2024-07-01 17:29:49.826000,2024-07-01 17:29:57.826000,-131.682,-31.2406,-131.71,-32.5157,-130.677,-32.5277,-130.661,-31.2525,20,10,40,15,15,30,A
ch2_cla_l1_20240701T130533196_20240701T130541196.fits,2024-07-01 13:05:33.196000,2024-07-01 13:05:41.196000,-128.062,62.0573,-128.088,60.7619,-126.26,60.7418,-126.158,62.0363,20,10,40,15,15,30,A
ch2_cla_l1_20240701T125453195_20240701T125501195.fits,2024-07-01 12:54:53.195000,2024-07-01 12:55:01.195000,34.2639,86.6147,38.7961,85.4716,48.6464,85.5812,47.4948,86.763,20,10,40,15,15,30,A
ch2_cla_l1_20240701T095419848_20240701T095427848.fits,2024-07-01 09:54:19.848000,2024-07-01 09:54:27.848000,-128.662,-64.4705,-128.768,-65.6199,-126.978,-65.6391,-126.943,-64.4889,20,10,40,15,15,30,A
ch2_cla_l1_20240701T093307848_20240701T093315848.fits,2024-07-01 09:33:07.848000,2024-07-01 09:33:15.848000,-126.792,-0.1436,-126.808,-1.4921,-125.859,-1.5024,-125.843,-0.1539,20,10,40,15,15,30,A
ch2_cla_l1_20240701T095003848_20240701T095011848.fits,2024-07-01 09:50:03.848000,2024-07-01 09:50:11.848000,-127.883,-51.3646,-127.934,-52.5664,-126.628,-52.5804,-126.608,-51.3782,20,10,40,15,15,30,A
ch2_cla_l1_20240701T094611848_20240701T094619848.fits,2024-07-01 09:46:11.848000,2024-07-01 09:46:19.848000,-127.494,-39.5649,-127.527,-40.8108,-126.417,-40.8228,-126.402,-39.5767,20,10,40,15,15,30,A
ch2_cla_l1_20240701T120256112_20240701T120304112.fits,2024-07-01 12:02:56.112000,2024-07-01 12:03:04.112000,53.6593,-77.0796,53.7839,-78.0895,56.647,-78.0584,56.2957,-77.051,20,10,40,15,15,30,A
ch2_cla_l1_20240701T151649767_20240701T151657767.fits,2024-07-01 15:16:49.767000,2024-07-01 15:16:57.767000,-129.82,18.0644,-129.835,16.7067,-128.834,16.6954,-128.812,18.053,20,10,40,15,15,30,A
ch2_cla_l1_20240701T115344112_20240701T115352112.fits,2024-07-01 11:53:44.112000,2024-07-01 11:53:52.112000,-130.911,-73.1503,-131.147,-74.2655,-128.55,-74.2938,-128.475,-73.1767,20,10,40,15,15,30,A
ch2_cla_l1_20240701T172053826_20240701T172101826.fits,2024-07-01 17:20:53.826000,2024-07-01 17:21:01.826000,-131.206,-4.3148,-131.223,-5.6532,-130.28,-5.6641,-130.264,-4.3257,20,10,40,15,15,30,A
ch2_cla_l1_20240701T131741196_20240701T131749195.fits,2024-07-01 13:17:41.196000,2024-07-01 13:17:49.195000,-128.641,25.6812,-128.655,24.3239,-127.603,24.3122,-127.577,25.6695,20,10,40,15,15,30,A
ch2_cla_l1_20240701T120528112_20240701T120536112.fits,2024-07-01 12:05:28.112000,2024-07-01 12:05:36.112000,53.0853,-69.1243,53.1349,-70.1091,54.7952,-70.091,54.6665,-69.1071,20,10,40,15,15,30,A
ch2_cla_l1_20240701T132645195_20240701T132653195.fits,2024-07-01 13:26:45.195000,2024-07-01 13:26:53.195000,-128.988,-1.4527,-129.004,-2.7971,-128.059,-2.8076,-128.042,-1.4632,20,10,40,15,15,30,A
ch2_cla_l1_20240701T193714911_20240701T193722911.fits,2024-07-01 19:37:14.911000,2024-07-01 19:37:22.911000,-134.236,-64.2777,-134.35,-65.4356,-132.55,-65.457,-132.508,-64.2983,20,10,40,15,15,30,A
ch2_cla_l1_20240701T172501826_20240701T172509826.fits,2024-07-01 17:25:01.826000,2024-07-01 17:25:09.826000,-131.4,-16.7421,-131.421,-18.0564,-130.461,-18.0675,-130.446,-16.7532,20,10,40,15,15,30,A
ch2_cla_l1_20240701T174429826_20240701T174437826.fits,2024-07-01 17:44:29.826000,2024-07-01 17:44:37.826000,-135.058,-76.1512,-135.423,-77.2593,-132.259,-77.2959,-132.135,-76.1851,20,10,40,15,15,30,A
ch2_cla_l1_20240701T133741196_20240701T133749196.fits,2024-07-01 13:37:41.196000,2024-07-01 13:37:49.196000,-129.56,-34.4116,-129.59,-35.6759,-128.531,-35.6877,-128.516,-34.4232,20,10,40,15,15,30,A
ch2_cla_l1_20240701T110848112_20240701T110856112.fits,2024-07-01 11:08:48.112000,2024-07-01 11:08:56.112000,-126.983,62.516,-127.009,61.2195,-125.151,61.1993,-125.047,62.495,20,10,40,15,15,30,A
ch2_cla_l1_20240701T194650911_20240701T194658911.fits,2024-07-01 19:46:50.911000,2024-07-01 19:46:58.911000,51.9691,-84.8344,52.9905,-85.878,61.5554,-85.7752,58.8509,-84.7522,20,10,40,15,15,30,A
ch2_cla_l1_20240701T195042911_20240701T195050911.fits,2024-07-01 19:50:42.911000,2024-07-01 19:50:50.911000,49.1078,-72.7498,49.1908,-73.7557,51.2894,-73.7309,51.083,-72.7264,20,10,40,15,15,30,A
ch2_cla_l1_20240701T131013195_20240701T131021195.fits,2024-07-01 13:10:13.195000,2024-07-01 13:10:21.195000,-128.336,48.0333,-128.352,46.704,-126.997,46.6891,-126.948,48.018,20,10,40,15,15,30,A
ch2_cla_l1_20240701T193346911_20240701T193354911.fits,2024-07-01 19:33:46.911000,2024-07-01 19:33:54.911000,-133.519,-53.636,-133.581,-54.8347,-132.207,-54.8511,-132.183,-53.652,20,10,40,15,15,30,A
ch2_cla_l1_20240701T091331848_20240701T091339848.fits,2024-07-01 09:13:31.848000,2024-07-01 09:13:39.848000,-126.001,58.5244,-126.022,57.2147,-124.344,57.1967,-124.263,58.5059,20,10,40,15,15,30,A
ch2_cla_l1_20240701T152241767_20240701T152249767.fits,2024-07-01 15:22:41.767000,2024-07-01 15:22:49.767000,-130.049,0.501,-130.066,-0.8451,-129.12,-0.8558,-129.103,0.4902,20,10,40,15,15,30,A
ch2_cla_l1_20240701T090523848_20240701T090531848.fits,2024-07-01 09:05:23.848000,2024-07-01 09:05:31.848000,-124.432,83.0919,-124.695,81.8609,-118.894,81.7988,-117.631,83.0189,20,10,40,15,15,30,A
ch2_cla_l1_20240701T151817767_20240701T151825767.fits,2024-07-01 15:18:17.767000,2024-07-01 15:18:25.767000,-129.876,13.6767,-129.891,12.3199,-128.911,12.3088,-128.891,13.6656,20,10,40,15,15,30,A
ch2_cla_l1_20240701T165021826_20240701T165029826.fits,2024-07-01 16:50:21.826000,2024-07-01 16:50:29.826000,-124.604,87.4688,-126.498,86.2665,-114.59,86.1285,-107.682,87.2698,20,10,40,15,15,30,A
ch2_cla_l1_20240701T093059848_20240701T093107848.fits,2024-07-01 09:30:59.848000,2024-07-01 09:31:07.848000,-126.71,6.2457,-126.725,4.8898,-125.764,4.8793,-125.747,6.2353,20,10,40,15,15,30,A
ch2_cla_l1_20240701T125317195_20240701T125325195.fits,2024-07-01 12:53:17.195000,2024-07-01 12:53:25.195000,44.7597,81.792,45.6456,80.6346,50.2873,80.6859,50.0623,81.8506,20,10,40,15,15,30,A
ch2_cla_l1_20240701T130349196_20240701T130357196.fits,2024-07-01 13:03:49.196000,2024-07-01 13:03:57.196000,-127.911,67.283,-127.946,66.0029,-125.79,65.9791,-125.643,67.258,20,10,40,15,15,30,A
ch2_cla_l1_20240701T110616112_20240701T110624112.fits,2024-07-01 11:06:16.112000,2024-07-01 11:06:24.112000,-126.745,70.156,-126.787,68.8825,-124.372,68.8563,-124.186,70.1282,20,10,40,15,15,30,A
ch2_cla_l1_20240701T171109826_20240701T171117826.fits,2024-07-01 17:11:09.826000,2024-07-01 17:11:17.826000,-130.815,24.8318,-130.83,23.4776,-129.788,23.4657,-129.763,24.8197,20,10,40,15,15,30,A
ch2_cla_l1_20240701T131837195_20240701T131845195.fits,2024-07-01 13:18:37.195000,2024-07-01 13:18:45.195000,-128.676,22.8905,-128.69,21.5319,-127.658,21.5205,-127.634,22.879,20,10,40,15,15,30,A
ch2_cla_l1_20240701T151033767_20240701T151041767.fits,2024-07-01 15:10:33.767000,2024-07-01 15:10:41.767000,-129.577,36.8116,-129.592,35.4661,-128.43,35.4531,-128.396,36.7984,20,10,40,15,15,30,A
ch2_cla_l1_20240701T174413826_20240701T174421826.fits,2024-07-01 17:44:13.826000,2024-07-01 17:44:21.826000,-134.824,-75.3265,-135.15,-76.4383,-132.16,-76.4729,-132.049,-75.3586,20,10,40,15,15,30,A
ch2_cla_l1_20240701T140045195_20240701T140053195.fits,2024-07-01 14:00:45.195000,2024-07-01 14:00:53.195000,52.2672,-73.2526,52.3446,-74.2527,54.4851,-74.229,54.2782,-73.2304,20,10,40,15,15,30,A
ch2_cla_l1_20240701T120512112_20240701T120520112.fits,2024-07-01 12:05:12.112000,2024-07-01 12:05:20.112000,53.1268,-69.9632,53.1805,-70.9503,54.9194,-70.9314,54.779,-69.9453,20,10,40,15,15,30,A
ch2_cla_l1_20240701T115120112_20240701T115128112.fits,2024-07-01 11:51:20.112000,2024-07-01 11:51:28.112000,-129.892,-65.7369,-130.01,-66.8826,-128.137,-66.903,-128.098,-65.7564,20,10,40,15,15,30,A
ch2_cla_l1_20240701T172717826_20240701T172725826.fits,2024-07-01 17:27:17.826000,2024-07-01 17:27:25.826000,-131.523,-23.578,-131.547,-24.8753,-130.561,-24.8869,-130.546,-23.5895,20,10,40,15,15,30,A
ch2_cla_l1_20240701T113008112_20240701T113016112.fits,2024-07-01 11:30:08.112000,2024-07-01 11:30:16.112000,-127.898,-1.3792,-127.914,-2.7247,-126.967,-2.7351,-126.951,-1.3896,20,10,40,15,15,30,A
ch2_cla_l1_20240701T190858911_20240701T190906911.fits,2024-07-01 19:08:58.911000,2024-07-01 19:09:06.911000,-131.943,21.1805,-131.958,19.8271,-130.943,19.8152,-130.919,21.1685,20,10,40,15,15,30,A
ch2_cla_l1_20240701T134509195_20240701T134517195.fits,2024-07-01 13:45:09.195000,2024-07-01 13:45:17.195000,-130.375,-57.1949,-130.444,-58.3761,-128.971,-58.3925,-128.945,-57.2107,20,10,40,15,15,30,A
ch2_cla_l1_20240701T145505767_20240701T145513767.fits,2024-07-01 14:55:05.767000,2024-07-01 14:55:13.767000,-127.319,83.4104,-127.651,82.1874,-121.676,82.1202,-120.274,83.3311,20,10,40,15,15,30,A
ch2_cla_l1_20240701T145337767_20240701T145345767.fits,2024-07-01 14:53:37.767000,2024-07-01 14:53:45.767000,-122.78,87.8657,-125.162,86.6638,-111.915,86.5128,-103.138,87.6372,20,10,40,15,15,30,A
ch2_cla_l1_20240701T153137767_20240701T153145767.fits,2024-07-01 15:31:37.767000,2024-07-01 15:31:45.767000,-130.483,-26.3811,-130.508,-27.6705,-129.507,-27.6819,-129.492,-26.3924,20,10,40,15,15,30,A
ch2_cla_l1_20240701T153705767_20240701T153713767.fits,2024-07-01 15:37:05.767000,2024-07-01 15:37:13.767000,-130.89,-42.9699,-130.929,-44.2058,-129.771,-44.219,-129.754,-42.9828,20,10,40,15,15,30,A
ch2_cla_l1_20240701T145353767_20240701T145401767.fits,2024-07-01 14:53:53.767000,2024-07-01 14:54:01.767000,-124.62,87.0571,-126.009,85.8498,-115.173,85.727,-109.728,86.8867,20,10,40,15,15,30,A
ch2_cla_l1_20240701T111320112_20240701T111328112.fits,2024-07-01 11:13:20.112000,2024-07-01 11:13:28.112000,-127.246,48.8943,-127.262,47.5646,-125.884,47.5496,-125.833,48.879,20,10,40,15,15,30,A
ch2_cla_l1_20240701T125957195_20240701T130005195.fits,2024-07-01 12:59:57.195000,2024-07-01 13:00:05.195000,-127.193,78.9807,-127.316,77.7393,-123.385,77.6959,-122.836,78.9326,20,10,40,15,15,30,A
ch2_cla_l1_20240701T170613826_20240701T170621826.fits,2024-07-01 17:06:13.826000,2024-07-01 17:06:21.826000,-130.614,39.5987,-130.629,38.2592,-129.432,38.2456,-129.395,39.5848,20,10,40,15,15,30,A
ch2_cla_l1_20240701T184930911_20240701T184938911.fits,2024-07-01 18:49:30.911000,2024-07-01 18:49:38.911000,-130.126,79.728,-130.291,78.4961,-126.157,78.4477,-125.517,79.674,20,10,40,15,15,30,A
ch2_cla_l1_20240701T155233767_20240701T155241767.fits,2024-07-01 15:52:33.767000,2024-07-01 15:52:41.767000,60.6044,-88.2029,74.7139,-89.2163,103.692,-88.8001,78.7501,-87.9867,20,10,40,15,15,30,A
ch2_cla_l1_20240701T092755848_20240701T092803848.fits,2024-07-01 09:27:55.848000,2024-07-01 09:28:03.848000,-126.597,15.4189,-126.611,14.0566,-125.618,14.0459,-125.598,15.408,20,10,40,15,15,30,A
ch2_cla_l1_20240701T112904112_20240701T112912112.fits,2024-07-01 11:29:04.112000,2024-07-01 11:29:12.112000,-127.855,1.818,-127.871,0.468,-126.92,0.4575,-126.904,1.8075,20,10,40,15,15,30,A
ch2_cla_l1_20240701T105208112_20240701T105216112.fits,2024-07-01 10:52:08.112000,2024-07-01 10:52:16.112000,50.4888,67.7837,50.6143,66.6734,52.3762,66.6925,52.3381,67.8037,20,10,40,15,15,30,A
ch2_cla_l1_20240701T164517826_20240701T164525826.fits,2024-07-01 16:45:17.826000,2024-07-01 16:45:25.826000,44.7303,78.1127,45.1729,76.9694,48.4365,77.0068,48.3109,78.1537,20,10,40,15,15,30,A
ch2_cla_l1_20240701T094947848_20240701T094955848.fits,2024-07-01 09:49:47.848000,2024-07-01 09:49:55.848000,-127.85,-50.5486,-127.899,-51.7535,-126.611,-51.7673,-126.592,-50.5621,20,10,40,15,15,30,A
ch2_cla_l1_20240701T170805826_20240701T170813826.fits,2024-07-01 17:08:05.826000,2024-07-01 17:08:13.826000,-130.693,34.0086,-130.708,32.6618,-129.582,32.649,-129.551,33.9956,20,10,40,15,15,30,A
ch2_cla_l1_20240701T094723848_20240701T094731848.fits,2024-07-01 09:47:23.848000,2024-07-01 09:47:31.848000,-127.597,-43.2193,-127.634,-44.4521,-126.477,-44.4645,-126.461,-43.2315,20,10,40,15,15,30,A
ch2_cla_l1_20240701T095131848_20240701T095139848.fits,2024-07-01 09:51:31.848000,2024-07-01 09:51:39.848000,-128.089,-55.8594,-128.152,-57.0435,-126.727,-57.0588,-126.704,-55.8742,20,10,40,15,15,30,A
ch2_cla_l1_20240701T135213195_20240701T135221195.fits,2024-07-01 13:52:13.195000,2024-07-01 13:52:21.195000,-133.798,-78.9968,-134.359,-80.0884,-130.397,-80.1323,-130.216,-79.0365,20,10,40,15,15,30,A
ch2_cla_l1_20240701T155153767_20240701T155201767.fits,2024-07-01 15:51:53.767000,2024-07-01 15:52:01.767000,176.848,-88.7908,-176.225,-89.5538,-148.566,-88.9932,-165.141,-88.3216,20,10,40,15,15,30,A
ch2_cla_l1_20240701T153913767_20240701T153921767.fits,2024-07-01 15:39:13.767000,2024-07-01 15:39:21.767000,-131.118,-49.4793,-131.167,-50.6915,-129.896,-50.7059,-129.876,-49.4934,20,10,40,15,15,30,A
ch2_cla_l1_20240701T191242911_20240701T191250911.fits,2024-07-01 19:12:42.911000,2024-07-01 19:12:50.911000,-132.092,10.0069,-132.107,8.6549,-131.143,8.6436,-131.124,9.9954,20,10,40,15,15,30,A
ch2_cla_l1_20240701T190450911_20240701T190458911.fits,2024-07-01 19:04:50.911000,2024-07-01 19:04:58.911000,-131.774,33.5512,-131.79,32.206,-130.672,32.193,-130.64,33.5381,20,10,40,15,15,30,A
ch2_cla_l1_20240701T092427848_20240701T092435848.fits,2024-07-01 09:24:27.848000,2024-07-01 09:24:35.848000,-126.473,25.7803,-126.486,24.4188,-125.428,24.4074,-125.403,25.7688,20,10,40,15,15,30,A
ch2_cla_l1_20240701T175309826_20240701T175317826.fits,2024-07-01 17:53:09.826000,2024-07-01 17:53:17.826000,50.3967,-75.7287,50.5111,-76.7418,53.1027,-76.7119,52.8023,-75.7009,20,10,40,15,15,30,A
ch2_cla_l1_20240701T114416112_20240701T114424112.fits,2024-07-01 11:44:16.112000,2024-07-01 11:44:24.112000,-128.723,-44.0692,-128.762,-45.2996,-127.59,-45.3124,-127.574,-44.0818,20,10,40,15,15,30,A
ch2_cla_l1_20240701T185146911_20240701T185154911.fits,2024-07-01 18:51:46.911000,2024-07-01 18:51:54.911000,-130.801,72.8549,-130.866,71.5994,-128.171,71.568,-127.921,72.8213,20,10,40,15,15,30,A
ch2_cla_l1_20240701T173221826_20240701T173229826.fits,2024-07-01 17:32:21.826000,2024-07-01 17:32:29.826000,-131.873,-38.928,-131.908,-40.1787,-130.801,-40.1915,-130.785,-38.9407,20,10,40,15,15,30,A
ch2_cla_l1_20240701T112712112_20240701T112720112.fits,2024-07-01 11:27:12.112000,2024-07-01 11:27:20.112000,-127.783,7.4076,-127.798,6.0519,-126.836,6.0413,-126.818,7.397,20,10,40,15,15,30,A
ch2_cla_l1_20240701T094107848_20240701T094115848.fits,2024-07-01 09:41:07.848000,2024-07-01 09:41:15.848000,-127.158,-24.2065,-127.181,-25.5021,-126.191,-25.5128,-126.178,-24.217,20,10,40,15,15,30,A
ch2_cla_l1_20240701T093411848_20240701T093419848.fits,2024-07-01 09:34:11.848000,2024-07-01 09:34:19.848000,-126.835,-3.3417,-126.851,-4.6853,-125.904,-4.6955,-125.889,-3.3519,20,10,40,15,15,30,A
ch2_cla_l1_20240701T092203848_20240701T092211848.fits,2024-07-01 09:22:03.848000,2024-07-01 09:22:11.848000,-126.385,32.9542,-126.398,31.5978,-125.274,31.5857,-125.244,32.942,20,10,40,15,15,30,A
ch2_cla_l1_20240701T091635848_20240701T091643848.fits,2024-07-01 09:16:35.848000,2024-07-01 09:16:43.848000,-126.162,49.3182,-126.178,47.9868,-124.786,47.9719,-124.734,49.303,20,10,40,15,15,30,A
ch2_cla_l1_20240701T175253826_20240701T175301826.fits,2024-07-01 17:52:53.826000,2024-07-01 17:53:01.826000,50.4878,-76.5638,50.6166,-77.5796,53.3926,-77.5476,53.0517,-76.5342,20,10,40,15,15,30,A
ch2_cla_l1_20240701T112144112_20240701T112152112.fits,2024-07-01 11:21:44.112000,2024-07-01 11:21:52.112000,-127.581,23.7563,-127.595,22.3961,-126.555,22.3847,-126.531,23.7448,20,10,40,15,15,30,A
ch2_cla_l1_20240701T194514911_20240701T194522911.fits,2024-07-01 19:45:14.911000,2024-07-01 19:45:22.911000,179.65,-88.6551,128.333,-88.9821,112.335,-89.6062,-153.643,-89.0381,20,10,40,15,15,30,A
ch2_cla_l1_20240701T173629826_20240701T173637826.fits,2024-07-01 17:36:29.826000,2024-07-01 17:36:37.826000,-132.31,-51.5318,-132.365,-52.7373,-131.047,-52.7527,-131.025,-51.5468,20,10,40,15,15,30,A
ch2_cla_l1_20240701T130653195_20240701T130701195.fits,2024-07-01 13:06:53.195000,2024-07-01 13:07:01.195000,-128.155,58.0441,-128.176,56.7381,-126.527,56.7199,-126.447,58.0254,20,10,40,15,15,30,A
ch2_cla_l1_20240701T133437196_20240701T133445195.fits,2024-07-01 13:34:37.196000,2024-07-01 13:34:45.195000,-129.364,-25.1258,-129.387,-26.4185,-128.394,-26.4296,-128.379,-25.1368,20,10,40,15,15,30,A
ch2_cla_l1_20240701T091555848_20240701T091603848.fits,2024-07-01 09:15:55.848000,2024-07-01 09:16:03.848000,-126.131,51.3174,-126.147,49.9904,-124.705,49.975,-124.649,51.3016,20,10,40,15,15,30,A
ch2_cla_l1_20240701T144801767_20240701T144809767.fits,2024-07-01 14:48:01.767000,2024-07-01 14:48:09.767000,46.6189,76.0776,46.9403,74.9395,49.7467,74.971,49.6563,76.1117,20,10,40,15,15,30,A
ch2_cla_l1_20240701T111728112_20240701T111736112.fits,2024-07-01 11:17:28.112000,2024-07-01 11:17:36.112000,-127.421,36.5148,-127.435,35.1645,-126.271,35.1518,-126.238,36.502,20,10,40,15,15,30,A
ch2_cla_l1_20240701T185906911_20240701T185914911.fits,2024-07-01 18:59:06.911000,2024-07-01 18:59:14.911000,-131.501,50.7435,-131.521,49.4269,-130.113,49.4106,-130.056,50.7267,20,10,40,15,15,30,A
ch2_cla_l1_20240701T155225767_20240701T155233767.fits,2024-07-01 15:52:25.767000,2024-07-01 15:52:33.767000,63.6879,-88.6094,69.2797,-89.0084,97.835,-89.5603,85.6548,-88.3389,20,10,40,15,15,30,A
ch2_cla_l1_20240701T185538911_20240701T185546911.fits,2024-07-01 18:55:38.911000,2024-07-01 18:55:46.911000,-131.269,61.1747,-131.298,59.8839,-129.527,59.8633,-129.429,61.1533,20,10,40,15,15,30,A
ch2_cla_l1_20240701T130301195_20240701T130309195.fits,2024-07-01 13:03:01.195000,2024-07-01 13:03:09.195000,-127.822,69.6985,-127.864,68.4259,-125.501,68.3999,-125.321,69.671,20,10,40,15,15,30,A
ch2_cla_l1_20240701T111056112_20240701T111104112.fits,2024-07-01 11:10:56.112000,2024-07-01 11:11:04.112000,-127.122,56.0987,-127.141,54.7851,-125.559,54.7679,-125.487,56.081,20,10,40,15,15,30,A
ch2_cla_l1_20240701T150929767_20240701T150937767.fits,2024-07-01 15:09:29.767000,2024-07-01 15:09:37.767000,-129.532,40.0057,-129.547,38.6647,-128.342,38.6512,-128.304,39.992,20,10,40,15,15,30,A
ch2_cla_l1_20240701T105600112_20240701T105608112.fits,2024-07-01 10:56:00.112000,2024-07-01 10:56:08.112000,47.3715,79.7089,47.9408,78.5551,51.7123,78.5961,51.5693,79.7545,20,10,40,15,15,30,A
ch2_cla_l1_20240701T092619848_20240701T092627848.fits,2024-07-01 09:26:19.848000,2024-07-01 09:26:27.848000,-126.54,20.2014,-126.553,18.8386,-125.534,18.8276,-125.512,20.1903,20,10,40,15,15,30,A
ch2_cla_l1_20240701T170045826_20240701T170053826.fits,2024-07-01 17:00:45.826000,2024-07-01 17:00:53.826000,-130.333,56.006,-130.355,54.6993,-128.788,54.6815,-128.716,55.9875,20,10,40,15,15,30,A
ch2_cla_l1_20240701T151025767_20240701T151033767.fits,2024-07-01 15:10:25.767000,2024-07-01 15:10:33.767000,-129.572,37.211,-129.586,35.8658,-128.419,35.8528,-128.385,37.1977,20,10,40,15,15,30,A
ch2_cla_l1_20240701T115528112_20240701T115536112.fits,2024-07-01 11:55:28.112000,2024-07-01 11:55:36.112000,-132.437,-78.5169,-132.943,-79.6088,-129.163,-79.6499,-129.003,-78.5542,20,10,40,15,15,30,A
ch2_cla_l1_20240701T171949826_20240701T171957826.fits,2024-07-01 17:19:49.826000,2024-07-01 17:19:57.826000,-131.16,-1.1146,-131.176,-2.4575,-130.233,-2.4684,-130.216,-1.1255,20,10,40,15,15,30,A
ch2_cla_l1_20240701T113400112_20240701T113408112.fits,2024-07-01 11:34:00.112000,2024-07-01 11:34:08.112000,-128.064,-12.9907,-128.083,-14.3148,-127.13,-14.3253,-127.116,-13.0012,20,10,40,15,15,30,A
ch2_cla_l1_20240701T193738911_20240701T193746911.fits,2024-07-01 19:37:38.911000,2024-07-01 19:37:46.911000,-134.356,-65.5091,-134.48,-66.6621,-132.604,-66.6844,-132.559,-65.5305,20,10,40,15,15,30,A
ch2_cla_l1_20240701T174245826_20240701T174253826.fits,2024-07-01 17:42:45.826000,2024-07-01 17:42:53.826000,-133.891,-70.7939,-134.084,-71.9244,-131.764,-71.9512,-131.698,-70.8193,20,10,40,15,15,30,A
ch2_cla_l1_20240701T135637196_20240701T135645196.fits,2024-07-01 13:56:37.196000,2024-07-01 13:56:45.196000,55.9853,-86.1776,57.7704,-87.2172,70.1186,-87.0776,65.1534,-86.075,20,10,40,15,15,30,A
ch2_cla_l1_20240701T115256112_20240701T115304112.fits,2024-07-01 11:52:56.112000,2024-07-01 11:53:04.112000,-130.487,-70.6764,-130.669,-71.8021,-128.38,-71.8269,-128.322,-70.6999,20,10,40,15,15,30,A
ch2_cla_l1_20240701T120344112_20240701T120352112.fits,2024-07-01 12:03:44.112000,2024-07-01 12:03:52.112000,53.4217,-74.5708,53.5097,-75.5725,55.848,-75.5471,55.606,-74.547,20,10,40,15,15,30,A
ch2_cla_l1_20240701T132029195_20240701T132037195.fits,2024-07-01 13:20:29.195000,2024-07-01 13:20:37.195000,-128.746,17.3086,-128.76,15.9497,-127.761,15.9386,-127.74,17.2975,20,10,40,15,15,30,A
ch2_cla_l1_20240701T152649767_20240701T152657767.fits,2024-07-01 15:26:49.767000,2024-07-01 15:26:57.767000,-130.23,-11.9087,-130.249,-13.234,-129.299,-13.2449,-129.285,-11.9195,20,10,40,15,15,30,A
ch2_cla_l1_20240701T171053826_20240701T171101826.fits,2024-07-01 17:10:53.826000,2024-07-01 17:11:01.826000,-130.805,25.6296,-130.82,24.2758,-129.772,24.2638,-129.746,25.6175,20,10,40,15,15,30,A
ch2_cla_l1_20240701T095435848_20240701T095443848.fits,2024-07-01 09:54:35.848000,2024-07-01 09:54:43.848000,-128.736,-65.2922,-128.849,-66.4388,-127.009,-66.4585,-126.971,-65.3111,20,10,40,15,15,30,A
ch2_cla_l1_20240701T165429826_20240701T165437826.fits,2024-07-01 16:54:29.826000,2024-07-01 16:54:37.826000,-129.632,74.9192,-129.709,73.6683,-126.702,73.634,-126.388,74.8822,20,10,40,15,15,30,A
ch2_cla_l1_20240701T090307848_20240701T090315848.fits,2024-07-01 09:03:07.848000,2024-07-01 09:03:15.848000,-111.159,89.1668,-116.08,88.7681,-86.2094,88.4199,-38.131,89.786,20,10,40,15,15,30,A
ch2_cla_l1_20240701T085611848_20240701T085619848.fits,2024-07-01 08:56:11.848000,2024-07-01 08:56:19.848000,51.3206,69.8449,51.4716,68.7253,53.4228,68.7462,53.3798,69.8669,20,10,40,15,15,30,A
ch2_cla_l1_20240701T113848112_20240701T113856112.fits,2024-07-01 11:38:48.112000,2024-07-01 11:38:56.112000,-128.314,-27.469,-128.339,-28.7551,-127.332,-28.7662,-127.318,-27.48,20,10,40,15,15,30,A
ch2_cla_l1_20240701T171501826_20240701T171509826.fits,2024-07-01 17:15:01.826000,2024-07-01 17:15:09.826000,-130.966,13.2632,-130.981,11.9083,-130.004,11.8971,-129.984,13.252,20,10,40,15,15,30,A
ch2_cla_l1_20240701T190714911_20240701T190722911.fits,2024-07-01 19:07:14.911000,2024-07-01 19:07:22.911000,-131.873,26.3673,-131.888,25.0159,-130.837,25.0037,-130.811,26.3549,20,10,40,15,15,30,A
ch2_cla_l1_20240701T100835848_20240701T100843848.fits,2024-07-01 10:08:35.848000,2024-07-01 10:08:43.848000,54.1922,-69.9855,54.2444,-70.97,55.9767,-70.9514,55.8382,-69.9679,20,10,40,15,15,30,A
ch2_cla_l1_20240701T131645195_20240701T131653195.fits,2024-07-01 13:16:45.195000,2024-07-01 13:16:53.195000,-128.606,28.4724,-128.62,27.1166,-127.545,27.1047,-127.518,28.4604,20,10,40,15,15,30,A
ch2_cla_l1_20240701T152817767_20240701T152825767.fits,2024-07-01 15:28:17.767000,2024-07-01 15:28:25.767000,-130.301,-16.3229,-130.322,-17.6386,-129.362,-17.6495,-129.348,-16.3338,20,10,40,15,15,30,A
ch2_cla_l1_20240701T132013195_20240701T132021195.fits,2024-07-01 13:20:13.195000,2024-07-01 13:20:21.195000,-128.736,18.1063,-128.75,16.747,-127.747,16.7359,-127.725,18.095,20,10,40,15,15,30,A
ch2_cla_l1_20240701T190346911_20240701T190354911.fits,2024-07-01 19:03:46.911000,2024-07-01 19:03:54.911000,-131.729,36.7458,-131.744,35.4045,-130.589,35.3911,-130.554,36.7322,20,10,40,15,15,30,A
ch2_cla_l1_20240701T092331848_20240701T092339848.fits,2024-07-01 09:23:31.848000,2024-07-01 09:23:39.848000,-126.439,28.5698,-126.452,27.21,-125.371,27.1983,-125.344,28.5581,20,10,40,15,15,30,A
ch2_cla_l1_20240701T151241767_20240701T151249767.fits,2024-07-01 15:12:41.767000,2024-07-01 15:12:49.767000,-129.662,30.4272,-129.676,29.0749,-128.586,29.0627,-128.557,30.4148,20,10,40,15,15,30,A
ch2_cla_l1_20240701T093523848_20240701T093531848.fits,2024-07-01 09:35:23.848000,2024-07-01 09:35:31.848000,-126.884,-6.9426,-126.901,-8.2799,-125.955,-8.2902,-125.94,-6.9528,20,10,40,15,15,30,A
ch2_cla_l1_20240701T095627848_20240701T095635848.fits,2024-07-01 09:56:27.848000,2024-07-01 09:56:35.848000,-129.423,-71.0571,-129.609,-72.1793,-127.285,-72.2042,-127.227,-71.0805,20,10,40,15,15,30,A
ch2_cla_l1_20240701T134317195_20240701T134325195.fits,2024-07-01 13:43:17.195000,2024-07-01 13:43:25.195000,-130.095,-51.4742,-130.147,-52.6777,-128.835,-52.6922,-128.814,-51.4884,20,10,40,15,15,30,A
ch2_cla_l1_20240701T113616112_20240701T113624112.fits,2024-07-01 11:36:16.112000,2024-07-01 11:36:24.112000,-128.174,-19.8178,-128.195,-21.1254,-127.225,-21.136,-127.211,-19.8284,20,10,40,15,15,30,A
ch2_cla_l1_20240701T172109826_20240701T172117826.fits,2024-07-01 17:21:09.826000,2024-07-01 17:21:17.826000,-131.217,-5.1152,-131.235,-6.4522,-130.292,-6.4631,-130.276,-5.1262,20,10,40,15,15,30,A
ch2_cla_l1_20240701T130013195_20240701T130021196.fits,2024-07-01 13:00:13.195000,2024-07-01 13:00:21.196000,-127.283,78.1721,-127.386,76.928,-123.681,76.8871,-123.203,78.1271,20,10,40,15,15,30,A
ch2_cla_l1_20240701T174021826_20240701T174029826.fits,2024-07-01 17:40:21.826000,2024-07-01 17:40:29.826000,-133.031,-63.3943,-133.137,-64.5553,-131.391,-64.5755,-131.352,-63.414,20,10,40,15,15,30,A
ch2_cla_l1_20240701T090059848_20240701T090107848.fits,2024-07-01 09:00:59.848000,2024-07-01 09:01:07.848000,43.3724,84.5801,45.2757,83.4167,52.0084,83.4889,51.5667,84.6681,20,10,40,15,15,30,A
ch2_cla_l1_20240701T185650911_20240701T185658911.fits,2024-07-01 18:56:50.911000,2024-07-01 18:56:58.911000,-131.36,57.5601,-131.384,56.2596,-129.766,56.2408,-129.687,57.5406,20,10,40,15,15,30,A
ch2_cla_l1_20240701T120120112_20240701T120128112.fits,2024-07-01 12:01:20.112000,2024-07-01 12:01:28.112000,54.5467,-82.0866,54.8879,-83.1131,59.942,-83.0581,58.9444,-82.0388,20,10,40,15,15,30,A
ch2_cla_l1_20240701T184042911_20240701T184050911.fits,2024-07-01 18:40:42.911000,2024-07-01 18:40:50.911000,44.8077,74.4492,45.0732,73.3204,47.5776,73.3498,47.4955,74.4808,20,10,40,15,15,30,A
ch2_cla_l1_20240701T115512112_20240701T115520112.fits,2024-07-01 11:55:12.112000,2024-07-01 11:55:20.112000,-132.117,-77.6909,-132.557,-78.7866,-129.033,-78.8249,-128.894,-77.7259,20,10,40,15,15,30,A
ch2_cla_l1_20240701T135941195_20240701T135949196.fits,2024-07-01 13:59:41.195000,2024-07-01 13:59:49.196000,52.5606,-76.5979,52.6802,-77.6089,55.4387,-77.5784,55.1084,-76.5698,20,10,40,15,15,30,A
ch2_cla_l1_20240701T125941195_20240701T125949195.fits,2024-07-01 12:59:41.195000,2024-07-01 12:59:49.195000,-127.09,79.7896,-127.231,78.5511,-123.043,78.5049,-122.411,79.738,20,10,40,15,15,30,A
ch2_cla_l1_20240701T171717826_20240701T171725826.fits,2024-07-01 17:17:17.826000,2024-07-01 17:17:25.826000,-131.055,6.4776,-131.071,5.1265,-130.115,5.1155,-130.097,6.4665,20,10,40,15,15,30,A
ch2_cla_l1_20240701T110008112_20240701T110016112.fits,2024-07-01 11:00:08.112000,2024-07-01 11:00:16.112000,-116.988,88.7426,-121.984,87.5443,-104.451,87.349,-87.5938,88.3949,20,10,40,15,15,30,A
ch2_cla_l1_20240701T193858911_20240701T193906911.fits,2024-07-01 19:38:58.911000,2024-07-01 19:39:06.911000,-134.853,-69.6192,-135.029,-70.756,-132.825,-70.7822,-132.762,-69.6441,20,10,40,15,15,30,A
ch2_cla_l1_20240701T154505767_20240701T154513767.fits,2024-07-01 15:45:05.767000,2024-07-01 15:45:13.767000,-132.316,-67.4928,-132.456,-68.6349,-130.447,-68.6576,-130.4,-67.5144,20,10,40,15,15,30,A
ch2_cla_l1_20240701T154337767_20240701T154345767.fits,2024-07-01 15:43:37.767000,2024-07-01 15:43:45.767000,-131.878,-62.9739,-131.978,-64.1338,-130.258,-64.1534,-130.223,-62.9926,20,10,40,15,15,30,A
ch2_cla_l1_20240701T152033767_20240701T152041767.fits,2024-07-01 15:20:33.767000,2024-07-01 15:20:41.767000,-129.964,6.8923,-129.979,5.5397,-129.021,5.5288,-129.003,6.8814,20,10,40,15,15,30,A
ch2_cla_l1_20240701T132837195_20240701T132845195.fits,2024-07-01 13:28:37.195000,2024-07-01 13:28:45.195000,-129.067,-7.054,-129.084,-8.3894,-128.139,-8.4,-128.124,-7.0645,20,10,40,15,15,30,A
ch2_cla_l1_20240701T100443848_20240701T100451848.fits,2024-07-01 10:04:43.848000,2024-07-01 10:04:51.848000,55.5774,-82.1133,55.9095,-83.1376,60.9611,-83.0835,59.9717,-82.0663,20,10,40,15,15,30,A
ch2_cla_l1_20240701T130525196_20240701T130533196.fits,2024-07-01 13:05:25.196000,2024-07-01 13:05:33.196000,-128.052,62.4589,-128.079,61.1647,-126.229,61.1443,-126.125,62.4377,20,10,40,15,15,30,A
ch2_cla_l1_20240701T095843848_20240701T095851848.fits,2024-07-01 09:58:43.848000,2024-07-01 09:58:51.848000,-131.116,-78.0748,-131.578,-79.1668,-127.953,-79.2055,-127.809,-78.1101,20,10,40,15,15,30,A
ch2_cla_l1_20240701T131421195_20240701T131429195.fits,2024-07-01 13:14:21.195000,2024-07-01 13:14:29.195000,-128.513,35.6516,-128.527,34.3027,-127.377,34.29,-127.345,35.6388,20,10,40,15,15,30,A
ch2_cla_l1_20240701T165413826_20240701T165421826.fits,2024-07-01 16:54:13.826000,2024-07-01 16:54:21.826000,-129.569,75.7272,-129.655,74.4791,-126.506,74.4431,-126.159,75.6882,20,10,40,15,15,30,A
ch2_cla_l1_20240701T131709195_20240701T131717196.fits,2024-07-01 13:17:09.195000,2024-07-01 13:17:17.196000,-128.621,27.2761,-128.635,25.9194,-127.57,25.9077,-127.544,27.2642,20,10,40,15,15,30,A
ch2_cla_l1_20240701T173613826_20240701T173621826.fits,2024-07-01 17:36:13.826000,2024-07-01 17:36:21.826000,-132.275,-50.7163,-132.328,-51.925,-131.028,-51.9401,-131.007,-50.731,20,10,40,15,15,30,A
ch2_cla_l1_20240701T085947848_20240701T085955848.fits,2024-07-01 08:59:47.848000,2024-07-01 08:59:55.848000,47.7388,80.9291,48.4598,79.7698,52.7143,79.8154,52.5418,80.9805,20,10,40,15,15,30,A
ch2_cla_l1_20240701T091755848_20240701T091803848.fits,2024-07-01 09:17:55.848000,2024-07-01 09:18:03.848000,-126.221,45.3224,-126.236,43.9832,-124.93,43.9692,-124.886,45.3081,20,10,40,15,15,30,A
ch2_cla_l1_20240701T112320112_20240701T112328112.fits,2024-07-01 11:23:20.112000,2024-07-01 11:23:28.112000,-127.64,18.9732,-127.653,17.6124,-126.644,17.6013,-126.622,18.9621,20,10,40,15,15,30,A
ch2_cla_l1_20240701T130933195_20240701T130941195.fits,2024-07-01 13:09:33.195000,2024-07-01 13:09:41.195000,-128.303,50.0331,-128.32,48.708,-126.919,48.6926,-126.865,50.0173,20,10,40,15,15,30,A
ch2_cla_l1_20240701T150137767_20240701T150145767.fits,2024-07-01 15:01:37.767000,2024-07-01 15:01:45.767000,-129.085,63.6352,-129.115,62.3468,-127.205,62.3255,-127.093,63.613,20,10,40,15,15,30,A
ch2_cla_l1_20240701T150705767_20240701T150713767.fits,2024-07-01 15:07:05.767000,2024-07-01 15:07:13.767000,-129.424,47.1994,-129.441,45.8707,-128.107,45.8558,-128.059,47.1841,20,10,40,15,15,30,A
ch2_cla_l1_20240701T114208112_20240701T114216112.fits,2024-07-01 11:42:08.112000,2024-07-01 11:42:16.112000,-128.54,-37.5753,-128.572,-38.8289,-127.483,-38.8408,-127.468,-37.587,20,10,40,15,15,30,A
ch2_cla_l1_20240701T125853196_20240701T125901196.fits,2024-07-01 12:58:53.196000,2024-07-01 12:59:01.196000,-126.66,82.2179,-126.892,80.9883,-121.654,80.9304,-120.62,82.1512,20,10,40,15,15,30,A
ch2_cla_l1_20240701T175517826_20240701T175525826.fits,2024-07-01 17:55:17.826000,2024-07-01 17:55:25.826000,49.9086,-69.0347,49.9634,-70.0269,51.6402,-70.0076,51.5056,-69.0163,20,10,40,15,15,30,A
ch2_cla_l1_20240701T133709195_20240701T133717195.fits,2024-07-01 13:37:09.195000,2024-07-01 13:37:17.195000,-129.523,-32.7937,-129.551,-34.0635,-128.506,-34.0751,-128.492,-32.8053,20,10,40,15,15,30,A
ch2_cla_l1_20240701T154353767_20240701T154401767.fits,2024-07-01 15:43:53.767000,2024-07-01 15:44:01.767000,-131.947,-63.7948,-132.053,-64.9517,-130.288,-64.9716,-130.252,-63.814,20,10,40,15,15,30,A
ch2_cla_l1_20240701T111904112_20240701T111912112.fits,2024-07-01 11:19:04.112000,2024-07-01 11:19:12.112000,-127.482,31.729,-127.496,30.3735,-126.387,30.3615,-126.358,31.7168,20,10,40,15,15,30,A
ch2_cla_l1_20240701T192242911_20240701T192250911.fits,2024-07-01 19:22:42.911000,2024-07-01 19:22:50.911000,-132.55,-20.0239,-132.573,-21.33,-131.602,-21.3416,-131.587,-20.0354,20,10,40,15,15,30,A
ch2_cla_l1_20240701T130117195_20240701T130125195.fits,2024-07-01 13:01:17.195000,2024-07-01 13:01:25.195000,-127.551,74.9404,-127.621,73.685,-124.594,73.6516,-124.284,74.9044,20,10,40,15,15,30,A
ch2_cla_l1_20240701T193450911_20240701T193458911.fits,2024-07-01 19:34:50.911000,2024-07-01 19:34:58.911000,-133.695,-56.9043,-133.767,-58.0908,-132.295,-58.1083,-132.267,-56.9213,20,10,40,15,15,30,A
ch2_cla_l1_20240701T091427848_20240701T091435848.fits,2024-07-01 09:14:27.848000,2024-07-01 09:14:35.848000,-126.055,55.7199,-126.074,54.403,-124.5,54.3862,-124.43,55.7025,20,10,40,15,15,30,A
ch2_cla_l1_20240701T150913767_20240701T150921767.fits,2024-07-01 15:09:13.767000,2024-07-01 15:09:21.767000,-129.521,40.8047,-129.536,39.4648,-128.318,39.4512,-128.279,40.7908,20,10,40,15,15,30,A
ch2_cla_l1_20240701T155041767_20240701T155049767.fits,2024-07-01 15:50:41.767000,2024-07-01 15:50:49.767000,-140.65,-84.7937,-143.43,-85.846,-134.302,-85.9501,-133.346,-84.8766,20,10,40,15,15,30,A
ch2_cla_l1_20240701T164309826_20240701T164317826.fits,2024-07-01 16:43:09.826000,2024-07-01 16:43:17.826000,46.5738,71.5341,46.76,70.4143,48.8736,70.4385,48.8159,71.5598,20,10,40,15,15,30,A
ch2_cla_l1_20240701T194146911_20240701T194154911.fits,2024-07-01 19:41:46.911000,2024-07-01 19:41:54.911000,-136.987,-78.2707,-137.508,-79.3712,-133.76,-79.4158,-133.578,-78.3113,20,10,40,15,15,30,A
ch2_cla_l1_20240701T105416112_20240701T105424112.fits,2024-07-01 10:54:16.112000,2024-07-01 10:54:24.112000,49.3416,74.3782,49.5936,73.2429,52.1103,73.2702,52.0419,74.4075,20,10,40,15,15,30,A
ch2_cla_l1_20240701T173805826_20240701T173813826.fits,2024-07-01 17:38:05.826000,2024-07-01 17:38:13.826000,-132.553,-56.4321,-132.622,-57.6192,-131.168,-57.6361,-131.142,-56.4485,20,10,40,15,15,30,A
ch2_cla_l1_20240701T125149196_20240701T125157196.fits,2024-07-01 12:51:49.196000,2024-07-01 12:51:57.196000,47.3358,77.295,47.7172,76.151,50.7927,76.185,50.6903,77.3321,20,10,40,15,15,30,A
ch2_cla_l1_20240701T111712112_20240701T111720112.fits,2024-07-01 11:17:12.112000,2024-07-01 11:17:20.112000,-127.411,37.3128,-127.424,35.9634,-126.251,35.9506,-126.216,37.2998,20,10,40,15,15,30,A
ch2_cla_l1_20240701T094259848_20240701T094307848.fits,2024-07-01 09:42:59.848000,2024-07-01 09:43:07.848000,-127.267,-29.8521,-127.293,-31.1309,-126.271,-31.1419,-126.257,-29.863,20,10,40,15,15,30,A
ch2_cla_l1_20240701T170221826_20240701T170229826.fits,2024-07-01 17:02:21.826000,2024-07-01 17:02:29.826000,-130.427,51.1968,-130.446,49.8789,-129.023,49.8627,-128.965,51.1802,20,10,40,15,15,30,A
ch2_cla_l1_20240701T085723848_20240701T085731848.fits,2024-07-01 08:57:23.848000,2024-07-01 08:57:31.848000,50.6517,73.5521,50.8778,72.4183,53.2741,72.4439,53.2136,73.5795,20,10,40,15,15,30,A
ch2_cla_l1_20240701T133613196_20240701T133621196.fits,2024-07-01 13:36:13.196000,2024-07-01 13:36:21.196000,-129.461,-29.9657,-129.487,-31.2442,-128.464,-31.2557,-128.449,-29.977,20,10,40,15,15,30,A
ch2_cla_l1_20240701T165853826_20240701T165901826.fits,2024-07-01 16:58:53.826000,2024-07-01 16:59:01.826000,-130.201,61.6257,-130.229,60.334,-128.431,60.3135,-128.331,61.6044,20,10,40,15,15,30,A
ch2_cla_l1_20240701T115752112_20240701T115800112.fits,2024-07-01 11:57:52.112000,2024-07-01 11:58:00.112000,-141.102,-85.92,-145.75,-86.9483,-133.491,-87.0839,-131.912,-86.0207,20,10,40,15,15,30,A
ch2_cla_l1_20240701T151545767_20240701T151553767.fits,2024-07-01 15:15:45.767000,2024-07-01 15:15:53.767000,-129.78,21.2548,-129.794,19.8973,-128.775,19.8859,-128.752,21.2432,20,10,40,15,15,30,A
ch2_cla_l1_20240701T115048112_20240701T115056112.fits,2024-07-01 11:50:48.112000,2024-07-01 11:50:56.112000,-129.742,-64.0929,-129.847,-65.2455,-128.074,-65.2648,-128.039,-64.1114,20,10,40,15,15,30,A
ch2_cla_l1_20240701T193418911_20240701T193426911.fits,2024-07-01 19:34:18.911000,2024-07-01 19:34:26.911000,-133.604,-55.27,-133.67,-56.4623,-132.25,-56.4792,-132.224,-55.2864,20,10,40,15,15,30,A
ch2_cla_l1_20240701T090803848_20240701T090811848.fits,2024-07-01 09:08:03.848000,2024-07-01 09:08:11.848000,-125.448,75.0092,-125.513,73.7492,-122.457,73.7165,-122.148,74.9738,20,10,40,15,15,30,A
ch2_cla_l1_20240701T174725826_20240701T174733826.fits,2024-07-01 17:47:25.826000,2024-07-01 17:47:33.826000,-142.865,-85.203,-146.262,-86.25,-136.143,-86.3685,-134.933,-85.2953,20,10,40,15,15,30,A
ch2_cla_l1_20240701T192610911_20240701T192618911.fits,2024-07-01 19:26:10.911000,2024-07-01 19:26:18.911000,-132.762,-30.4995,-132.791,-31.777,-131.763,-31.7892,-131.747,-30.5117,20,10,40,15,15,30,A
ch2_cla_l1_20240701T193002911_20240701T193010911.fits,2024-07-01 19:30:02.911000,2024-07-01 19:30:10.911000,-133.073,-42.2389,-133.112,-43.4787,-131.963,-43.4925,-131.944,-42.2525,20,10,40,15,15,30,A
ch2_cla_l1_20240701T134829195_20240701T134837195.fits,2024-07-01 13:48:29.195000,2024-07-01 13:48:37.195000,-131.189,-67.4525,-131.327,-68.5931,-129.327,-68.6153,-129.281,-67.4737,20,10,40,15,15,30,A
ch2_cla_l1_20240701T190434911_20240701T190442911.fits,2024-07-01 19:04:34.911000,2024-07-01 19:04:42.911000,-131.763,34.3498,-131.779,33.0055,-130.652,32.9924,-130.619,34.3365,20,10,40,15,15,30,A
ch2_cla_l1_20240701T134309196_20240701T134317195.fits,2024-07-01 13:43:09.196000,2024-07-01 13:43:17.195000,-130.078,-51.0663,-130.129,-52.2713,-128.826,-52.2858,-128.806,-51.0804,20,10,40,15,15,30,A
ch2_cla_l1_20240701T145825767_20240701T145833767.fits,2024-07-01 14:58:25.767000,2024-07-01 14:58:33.767000,-128.699,73.3005,-128.76,72.0421,-125.991,72.0111,-125.732,73.2673,20,10,40,15,15,30,A
ch2_cla_l1_20240701T154201767_20240701T154209767.fits,2024-07-01 15:42:01.767000,2024-07-01 15:42:09.767000,-131.535,-58.0559,-131.609,-59.2355,-130.102,-59.2525,-130.075,-58.0724,20,10,40,15,15,30,A
ch2_cla_l1_20240701T165149826_20240701T165157826.fits,2024-07-01 16:51:49.826000,2024-07-01 16:51:57.826000,-128.42,83.0116,-128.735,81.7894,-123.05,81.7242,-121.776,82.9354,20,10,40,15,15,30,A
ch2_cla_l1_20240701T152329767_20240701T152337767.fits,2024-07-01 15:23:29.767000,2024-07-01 15:23:37.767000,-130.083,-1.8979,-130.099,-3.2407,-129.155,-3.2514,-129.139,-1.9086,20,10,40,15,15,30,A
ch2_cla_l1_20240701T131325195_20240701T131333195.fits,2024-07-01 13:13:25.195000,2024-07-01 13:13:33.195000,-128.476,38.4453,-128.49,37.0998,-127.304,37.0867,-127.268,38.4321,20,10,40,15,15,30,A
ch2_cla_l1_20240701T152457767_20240701T152505767.fits,2024-07-01 15:24:57.767000,2024-07-01 15:25:05.767000,-130.146,-6.2993,-130.163,-7.635,-129.219,-7.6457,-129.204,-6.31,20,10,40,15,15,30,A
ch2_cla_l1_20240701T095715848_20240701T095723848.fits,2024-07-01 09:57:15.848000,2024-07-01 09:57:23.848000,-129.859,-73.5321,-130.102,-74.644,-127.457,-74.6722,-127.381,-73.5586,20,10,40,15,15,30,A
ch2_cla_l1_20240701T112424112_20240701T112432112.fits,2024-07-01 11:24:24.112000,2024-07-01 11:24:32.112000,-127.679,15.784,-127.693,14.4234,-126.7,14.4125,-126.679,15.773,20,10,40,15,15,30,A
ch2_cla_l1_20240701T150001767_20240701T150009767.fits,2024-07-01 15:00:01.767000,2024-07-01 15:00:09.767000,-128.927,68.4633,-128.967,67.1892,-126.721,67.164,-126.559,68.4369,20,10,40,15,15,30,A
ch2_cla_l1_20240701T191106911_20240701T191114911.fits,2024-07-01 19:11:06.911000,2024-07-01 19:11:14.911000,-132.027,14.7965,-132.043,13.4427,-131.061,13.4312,-131.04,14.7848,20,10,40,15,15,30,A
ch2_cla_l1_20240701T194634911_20240701T194642911.fits,2024-07-01 19:46:34.911000,2024-07-01 19:46:42.911000,52.7305,-85.6634,54.2531,-86.7082,64.8801,-86.5798,60.9111,-85.5653,20,10,40,15,15,30,A
ch2_cla_l1_20240701T144657767_20240701T144705767.fits,2024-07-01 14:46:57.767000,2024-07-01 14:47:05.767000,47.4552,72.7875,47.6669,71.6614,49.9407,71.6869,49.8783,72.8147,20,10,40,15,15,30,A
ch2_cla_l1_20240701T173349826_20240701T173357826.fits,2024-07-01 17:33:49.826000,2024-07-01 17:33:57.826000,-132.006,-43.3915,-132.046,-44.6266,-130.881,-44.6402,-130.863,-43.4048,20,10,40,15,15,30,A
ch2_cla_l1_20240701T091515848_20240701T091523848.fits,2024-07-01 09:15:15.848000,2024-07-01 09:15:23.848000,-126.097,53.3179,-126.115,51.9952,-124.617,51.9792,-124.555,53.3014,20,10,40,15,15,30,A
ch2_cla_l1_20240701T164845826_20240701T164853826.fits,2024-07-01 16:48:45.826000,2024-07-01 16:48:53.826000,7.9907,88.4252,25.7781,87.414,43.2049,87.6199,36.917,88.7934,20,10,40,15,15,30,A
ch2_cla_l1_20240701T185202911_20240701T185210911.fits,2024-07-01 18:52:02.911000,2024-07-01 18:52:10.911000,-130.848,72.0476,-130.909,70.7896,-128.315,70.7593,-128.085,72.0153,20,10,40,15,15,30,A
ch2_cla_l1_20240701T184410911_20240701T184418911.fits,2024-07-01 18:44:10.911000,2024-07-01 18:44:18.911000,36.241,85.0603,38.6062,83.9099,45.8018,83.9946,45.1339,85.1654,20,10,40,15,15,30,A
ch2_cla_l1_20240701T105856112_20240701T105904112.fits,2024-07-01 10:58:56.112000,2024-07-01 10:59:04.112000,13.317,88.4061,30.1616,87.3734,47.4858,87.5665,42.3548,88.7502,20,10,40,15,15,30,A
ch2_cla_l1_20240701T111248112_20240701T111256112.fits,2024-07-01 11:12:48.112000,2024-07-01 11:12:56.112000,-127.22,50.494,-127.237,49.1675,-125.82,49.1521,-125.765,50.4782,20,10,40,15,15,30,A
ch2_cla_l1_20240701T155745767_20240701T155753767.fits,2024-07-01 15:57:45.767000,2024-07-01 15:57:53.767000,51.1274,-71.9658,51.1972,-72.9644,53.175,-72.9421,52.9945,-71.9447,20,10,40,15,15,30,A
ch2_cla_l1_20240701T092539848_20240701T092547848.fits,2024-07-01 09:25:39.848000,2024-07-01 09:25:47.848000,-126.516,22.1939,-126.529,20.8315,-125.498,20.8204,-125.475,22.1827,20,10,40,15,15,30,A
ch2_cla_l1_20240701T131717196_20240701T131725196.fits,2024-07-01 13:17:17.196000,2024-07-01 13:17:25.196000,-128.626,26.8774,-128.64,25.5206,-127.578,25.5089,-127.552,26.8655,20,10,40,15,15,30,A
ch2_cla_l1_20240701T194554911_20240701T194602911.fits,2024-07-01 19:45:54.911000,2024-07-01 19:46:02.911000,57.0353,-87.7266,64.7398,-88.7595,88.0641,-88.4471,71.9538,-87.5425,20,10,40,15,15,30,A
ch2_cla_l1_20240701T185618911_20240701T185626911.fits,2024-07-01 18:56:18.911000,2024-07-01 18:56:26.911000,-131.321,59.1659,-131.348,57.8697,-129.666,57.8502,-129.579,59.1457,20,10,40,15,15,30,A
ch2_cla_l1_20240701T134749195_20240701T134757196.fits,2024-07-01 13:47:49.195000,2024-07-01 13:47:57.196000,-130.975,-65.3967,-131.092,-66.5455,-129.237,-66.5661,-129.197,-65.4164,20,10,40,15,15,30,A
ch2_cla_l1_20240701T100011848_20240701T100019848.fits,2024-07-01 10:00:11.848000,2024-07-01 10:00:19.848000,-133.898,-82.6167,-135.143,-83.6843,-129.118,-83.7489,-128.727,-82.672,20,10,40,15,15,30,A
ch2_cla_l1_20240701T170525826_20240701T170533826.fits,2024-07-01 17:05:25.826000,2024-07-01 17:05:33.826000,-130.578,41.996,-130.594,40.6603,-129.361,40.6463,-129.32,41.9817,20,10,40,15,15,30,A
ch2_cla_l1_20240701T114944112_20240701T114952112.fits,2024-07-01 11:49:44.112000,2024-07-01 11:49:52.112000,-129.49,-60.8094,-129.574,-61.9754,-127.965,-61.9928,-127.936,-60.8263,20,10,40,15,15,30,A
ch2_cla_l1_20240701T100355848_20240701T100403848.fits,2024-07-01 10:03:55.848000,2024-07-01 10:04:03.848000,56.5837,-84.6114,57.3428,-85.6434,65.3234,-85.5576,63.062,-84.5419,20,10,40,15,15,30,A
ch2_cla_l1_20240701T092907848_20240701T092915848.fits,2024-07-01 09:29:07.848000,2024-07-01 09:29:15.848000,-126.641,11.8305,-126.655,10.4699,-125.677,10.4594,-125.658,11.8199,20,10,40,15,15,30,A
ch2_cla_l1_20240701T194754911_20240701T194802911.fits,2024-07-01 19:47:54.911000,2024-07-01 19:48:02.911000,50.3984,-81.5104,50.7456,-82.5446,55.4781,-82.4883,54.5546,-81.461,20,10,40,15,15,30,A
ch2_cla_l1_20240701T112640112_20240701T112648112.fits,2024-07-01 11:26:40.112000,2024-07-01 11:26:48.112000,-127.763,9.0038,-127.777,7.6467,-126.811,7.6361,-126.793,8.9931,20,10,40,15,15,30,A
ch2_cla_l1_20240701T124917195_20240701T124925195.fits,2024-07-01 12:49:17.195000,2024-07-01 12:49:25.195000,49.1484,69.4766,49.2962,68.3613,51.2033,68.3823,51.1586,69.4987,20,10,40,15,15,30,A
ch2_cla_l1_20240701T150217767_20240701T150225767.fits,2024-07-01 15:02:17.767000,2024-07-01 15:02:25.767000,-129.139,61.6262,-129.166,60.3321,-127.363,60.312,-127.264,61.6052,20,10,40,15,15,30,A
ch2_cla_l1_20240701T175005826_20240701T175013826.fits,2024-07-01 17:50:05.826000,2024-07-01 17:50:13.826000,53.2446,-85.3066,54.4498,-86.3492,64.059,-86.2367,60.7912,-85.2188,20,10,40,15,15,30,A
ch2_cla_l1_20240701T134245196_20240701T134253196.fits,2024-07-01 13:42:45.196000,2024-07-01 13:42:53.196000,-130.028,-49.8428,-130.077,-51.0526,-128.801,-51.0668,-128.781,-49.8567,20,10,40,15,15,30,A
ch2_cla_l1_20240701T153841767_20240701T153849767.fits,2024-07-01 15:38:41.767000,2024-07-01 15:38:49.767000,-131.055,-47.8501,-131.102,-49.0681,-129.863,-49.0822,-129.844,-47.8638,20,10,40,15,15,30,A
ch2_cla_l1_20240701T133949196_20240701T133957195.fits,2024-07-01 13:39:49.196000,2024-07-01 13:39:57.195000,-129.728,-40.8946,-129.764,-42.137,-128.635,-42.1495,-128.619,-40.9069,20,10,40,15,15,30,A
ch2_cla_l1_20240701T090931848_20240701T090939848.fits,2024-07-01 09:09:31.848000,2024-07-01 09:09:39.848000,-125.668,70.5757,-125.709,69.3011,-123.245,69.2747,-123.053,70.5477,20,10,40,15,15,30,A
ch2_cla_l1_20240701T192946911_20240701T192954911.fits,2024-07-01 19:29:46.911000,2024-07-01 19:29:54.911000,-133.048,-41.4273,-133.086,-42.67,-131.948,-42.6835,-131.93,-41.4407,20,10,40,15,15,30,A
ch2_cla_l1_20240701T173533826_20240701T173541826.fits,2024-07-01 17:35:33.826000,2024-07-01 17:35:41.826000,-132.192,-48.6788,-132.241,-49.895,-130.985,-49.9096,-130.964,-48.6931,20,10,40,15,15,30,A
ch2_cla_l1_20240701T135341195_20240701T135349195.fits,2024-07-01 13:53:41.195000,2024-07-01 13:53:49.195000,-137.325,-83.5314,-139.027,-84.5958,-131.979,-84.6741,-131.418,-83.5969,20,10,40,15,15,30,A
ch2_cla_l1_20240701T153409767_20240701T153417767.fits,2024-07-01 15:34:09.767000,2024-07-01 15:34:17.767000,-130.649,-34.0531,-130.679,-35.3192,-129.623,-35.3312,-129.607,-34.065,20,10,40,15,15,30,A
ch2_cla_l1_20240701T194426911_20240701T194434911.fits,2024-07-01 19:44:26.911000,2024-07-01 19:44:34.911000,-148.6,-86.4632,-155.557,-87.4741,-140.622,-87.6579,-137.899,-86.5925,20,10,40,15,15,30,A
ch2_cla_l1_20240701T144937767_20240701T144945767.fits,2024-07-01 14:49:37.767000,2024-07-01 14:49:45.767000,44.2526,80.9912,45.0009,79.8377,49.2513,79.8855,49.0526,81.0452,20,10,40,15,15,30,A
ch2_cla_l1_20240701T155521767_20240701T155529767.fits,2024-07-01 15:55:21.767000,2024-07-01 15:55:29.767000,51.9243,-79.4866,52.127,-80.5095,55.7889,-80.4682,55.2271,-79.4494,20,10,40,15,15,30,A
ch2_cla_l1_20240701T111432112_20240701T111440112.fits,2024-07-01 11:14:32.112000,2024-07-01 11:14:40.112000,-127.3,45.2971,-127.315,43.9602,-126.014,43.9461,-125.969,45.2826,20,10,40,15,15,30,A
ch2_cla_l1_20240701T193130911_20240701T193138911.fits,2024-07-01 19:31:30.911000,2024-07-01 19:31:38.911000,-133.224,-46.7088,-133.27,-47.9329,-132.05,-47.9475,-132.03,-46.723,20,10,40,15,15,30,A
ch2_cla_l1_20240701T091147848_20240701T091155848.fits,2024-07-01 09:11:47.848000,2024-07-01 09:11:55.848000,-125.884,63.74,-125.91,62.4446,-123.979,62.4239,-123.867,63.7184,20,10,40,15,15,30,A
ch2_cla_l1_20240701T192722911_20240701T192730911.fits,2024-07-01 19:27:22.911000,2024-07-01 19:27:30.911000,-132.848,-34.1362,-132.879,-35.4025,-131.821,-35.4152,-131.805,-34.1487,20,10,40,15,15,30,A
ch2_cla_l1_20240701T191258911_20240701T191306911.fits,2024-07-01 19:12:58.911000,2024-07-01 19:13:06.911000,-132.102,9.2083,-132.118,7.8569,-131.157,7.8455,-131.138,9.1969,20,10,40,15,15,30,A
ch2_cla_l1_20240701T105736112_20240701T105744112.fits,2024-07-01 10:57:36.112000,2024-07-01 10:57:44.112000,42.1864,84.5853,44.1058,83.4241,50.8277,83.4973,50.366,84.6745,20,10,40,15,15,30,A
ch2_cla_l1_20240701T170741826_20240701T170749826.fits,2024-07-01 17:07:41.826000,2024-07-01 17:07:49.826000,-130.676,35.2061,-130.691,33.8606,-129.552,33.8476,-129.519,35.1929,20,10,40,15,15,30,A
ch2_cla_l1_20240701T130237195_20240701T130245195.fits,2024-07-01 13:02:37.195000,2024-07-01 13:02:45.195000,-127.771,70.9072,-127.817,69.6384,-125.332,69.611,-125.131,70.8781,20,10,40,15,15,30,A
ch2_cla_l1_20240701T095347848_20240701T095355848.fits,2024-07-01 09:53:47.848000,2024-07-01 09:53:55.848000,-128.527,-62.8272,-128.622,-63.9842,-126.922,-64.0022,-126.889,-62.8448,20,10,40,15,15,30,A
ch2_cla_l1_20240701T115632112_20240701T115640112.fits,2024-07-01 11:56:32.112000,2024-07-01 11:56:40.112000,-134.358,-81.8196,-135.376,-82.8943,-129.973,-82.953,-129.649,-81.8708,20,10,40,15,15,30,A
ch2_cla_l1_20240701T130333195_20240701T130341196.fits,2024-07-01 13:03:33.195000,2024-07-01 13:03:41.196000,-127.883,68.088,-127.92,66.8103,-125.7,66.7859,-125.544,68.0622,20,10,40,15,15,30,A
ch2_cla_l1_20240701T151721767_20240701T151729767.fits,2024-07-01 15:17:21.767000,2024-07-01 15:17:29.767000,-129.841,16.4688,-129.855,15.1116,-128.862,15.1004,-128.841,16.4576,20,10,40,15,15,30,A
ch2_cla_l1_20240701T093043848_20240701T093051848.fits,2024-07-01 09:30:43.848000,2024-07-01 09:30:51.848000,-126.7,7.0437,-126.715,5.6869,-125.752,5.6764,-125.735,7.0333,20,10,40,15,15,30,A
ch2_cla_l1_20240701T190626911_20240701T190634911.fits,2024-07-01 19:06:26.911000,2024-07-01 19:06:34.911000,-131.841,28.7616,-131.856,27.4118,-130.785,27.3994,-130.757,28.749,20,10,40,15,15,30,A
ch2_cla_l1_20240701T092651848_20240701T092659848.fits,2024-07-01 09:26:51.848000,2024-07-01 09:26:59.848000,-126.559,18.6075,-126.572,17.2448,-125.563,17.2339,-125.541,18.5966,20,10,40,15,15,30,A
ch2_cla_l1_20240701T113304112_20240701T113312112.fits,2024-07-01 11:33:04.112000,2024-07-01 11:33:12.112000,-128.022,-10.1843,-128.04,-11.5144,-127.091,-11.5249,-127.076,-10.1947,20,10,40,15,15,30,A
ch2_cla_l1_20240701T113536112_20240701T113544112.fits,2024-07-01 11:35:36.112000,2024-07-01 11:35:44.112000,-128.141,-17.808,-128.161,-19.1209,-127.197,-19.1315,-127.183,-17.8186,20,10,40,15,15,30,A
ch2_cla_l1_20240701T134037195_20240701T134045195.fits,2024-07-01 13:40:37.195000,2024-07-01 13:40:45.195000,-129.8,-43.331,-129.839,-44.5648,-128.677,-44.5777,-128.66,-43.3437,20,10,40,15,15,30,A
ch2_cla_l1_20240701T184522911_20240701T184530911.fits,2024-07-01 18:45:22.911000,2024-07-01 18:45:30.911000,5.6061,88.4431,24.0489,87.4438,41.6188,87.6567,34.6648,88.8258,20,10,40,15,15,30,A
ch2_cla_l1_20240701T154833767_20240701T154841767.fits,2024-07-01 15:48:33.767000,2024-07-01 15:48:41.767000,-134.616,-78.2078,-135.111,-79.3049,-131.407,-79.3468,-131.243,-78.2459,20,10,40,15,15,30,A
ch2_cla_l1_20240701T185330911_20240701T185338911.fits,2024-07-01 18:53:30.911000,2024-07-01 18:53:38.911000,-131.059,67.6122,-131.101,66.3402,-128.937,66.315,-128.783,67.5857,20,10,40,15,15,30,A
ch2_cla_l1_20240701T120440112_20240701T120448112.fits,2024-07-01 12:04:40.112000,2024-07-01 12:04:48.112000,53.2192,-71.6398,53.2821,-72.6323,55.2016,-72.6115,55.0335,-71.6201,20,10,40,15,15,30,A
ch2_cla_l1_20240701T145609767_20240701T145617767.fits,2024-07-01 14:56:09.767000,2024-07-01 14:56:17.767000,-128.053,80.1706,-128.213,78.9357,-123.901,78.8873,-123.22,80.1163,20,10,40,15,15,30,A
ch2_cla_l1_20240701T174541826_20240701T174549826.fits,2024-07-01 17:45:41.826000,2024-07-01 17:45:49.826000,-136.574,-79.8634,-137.261,-80.9546,-132.917,-81.0049,-132.684,-79.9084,20,10,40,15,15,30,A
ch2_cla_l1_20240701T132333195_20240701T132341195.fits,2024-07-01 13:23:33.195000,2024-07-01 13:23:41.195000,-128.861,8.1338,-128.876,6.7789,-127.914,6.7682,-127.895,8.123,20,10,40,15,15,30,A
ch2_cla_l1_20240701T110920112_20240701T110928112.fits,2024-07-01 11:09:20.112000,2024-07-01 11:09:28.112000,-127.022,60.9104,-127.045,59.6094,-125.268,59.5901,-125.174,60.8903,20,10,40,15,15,30,A
ch2_cla_l1_20240701T190954911_20240701T191002911.fits,2024-07-01 19:09:54.911000,2024-07-01 19:10:02.911000,-131.98,18.3878,-131.995,17.0337,-130.996,17.022,-130.973,18.376,20,10,40,15,15,30,A
ch2_cla_l1_20240701T195058911_20240701T195106911.fits,2024-07-01 19:50:58.911000,2024-07-01 19:51:06.911000,49.0463,-71.9133,49.1222,-72.9166,51.1114,-72.8931,50.9243,-71.891,20,10,40,15,15,30,A
ch2_cla_l1_20240701T100123848_20240701T100131848.fits,2024-07-01 10:01:23.848000,2024-07-01 10:01:31.848000,-141.225,-86.3,-146.96,-87.3158,-133.099,-87.4674,-131.15,-86.4088,20,10,40,15,15,30,A
ch2_cla_l1_20240701T165733826_20240701T165741826.fits,2024-07-01 16:57:33.826000,2024-07-01 16:57:41.826000,-130.082,65.6467,-130.117,64.3664,-128.089,64.3433,-127.957,65.6225,20,10,40,15,15,30,A
ch2_cla_l1_20240701T115552112_20240701T115600112.fits,2024-07-01 11:55:52.112000,2024-07-01 11:56:00.112000,-133.013,-79.7558,-133.652,-80.8419,-129.4,-80.8881,-129.198,-79.7973,20,10,40,15,15,30,A
ch2_cla_l1_20240701T172821826_20240701T172829826.fits,2024-07-01 17:28:21.826000,2024-07-01 17:28:29.826000,-131.587,-26.8014,-131.612,-28.0897,-130.609,-28.1014,-130.594,-26.813,20,10,40,15,15,30,A
ch2_cla_l1_20240701T174909826_20240701T174917826.fits,2024-07-01 17:49:09.826000,2024-07-01 17:49:17.826000,59.9213,-88.1951,74.457,-89.2076,102.951,-88.785,77.9996,-87.9742,20,10,40,15,15,30,A
ch2_cla_l1_20240701T190842911_20240701T190850911.fits,2024-07-01 19:08:42.911000,2024-07-01 19:08:50.911000,-131.932,21.9784,-131.947,20.6251,-130.927,20.6132,-130.903,21.9664,20,10,40,15,15,30,A
ch2_cla_l1_20240701T152313767_20240701T152321767.fits,2024-07-01 15:23:13.767000,2024-07-01 15:23:21.767000,-130.072,-1.0981,-130.088,-2.442,-129.143,-2.4527,-129.127,-1.1089,20,10,40,15,15,30,A
ch2_cla_l1_20240701T131141195_20240701T131149195.fits,2024-07-01 13:11:41.195000,2024-07-01 13:11:49.195000,-128.402,43.6364,-128.418,42.2988,-127.15,42.2849,-127.108,43.6222,20,10,40,15,15,30,A
ch2_cla_l1_20240701T171205826_20240701T171213826.fits,2024-07-01 17:12:05.826000,2024-07-01 17:12:13.826000,-130.852,22.0396,-130.866,20.6847,-129.844,20.673,-129.82,22.0278,20,10,40,15,15,30,A
ch2_cla_l1_20240701T171437826_20240701T171445826.fits,2024-07-01 17:14:37.826000,2024-07-01 17:14:45.826000,-130.95,14.4603,-130.965,13.105,-129.983,13.0937,-129.962,14.4489,20,10,40,15,15,30,A
ch2_cla_l1_20240701T154017767_20240701T154025767.fits,2024-07-01 15:40:17.767000,2024-07-01 15:40:25.767000,-131.256,-52.7419,-131.313,-53.9421,-129.968,-53.9574,-129.945,-52.7568,20,10,40,15,15,30,A
ch2_cla_l1_20240701T095739848_20240701T095747848.fits,2024-07-01 09:57:39.848000,2024-07-01 09:57:47.848000,-130.128,-74.7705,-130.412,-75.877,-127.563,-75.9075,-127.475,-74.7988,20,10,40,15,15,30,A
ch2_cla_l1_20240701T152545767_20240701T152553767.fits,2024-07-01 15:25:45.767000,2024-07-01 15:25:53.767000,-130.181,-8.7021,-130.199,-10.0338,-129.254,-10.0446,-129.238,-8.7129,20,10,40,15,15,30,A
ch2_cla_l1_20240701T100707848_20240701T100715848.fits,2024-07-01 10:07:07.848000,2024-07-01 10:07:15.848000,54.4797,-74.5948,54.5654,-75.5939,56.8964,-75.569,56.6572,-74.5715,20,10,40,15,15,30,A
ch2_cla_l1_20240701T165725826_20240701T165733826.fits,2024-07-01 16:57:25.826000,2024-07-01 16:57:33.826000,-130.068,66.0492,-130.104,64.77,-128.049,64.7466,-127.914,66.0246,20,10,40,15,15,30,A
ch2_cla_l1_20240701T133549195_20240701T133557196.fits,2024-07-01 13:35:49.195000,2024-07-01 13:35:57.196000,-129.436,-28.7548,-129.461,-30.037,-128.446,-30.0484,-128.432,-28.766,20,10,40,15,15,30,A
ch2_cla_l1_20240701T172957826_20240701T173005826.fits,2024-07-01 17:29:57.826000,2024-07-01 17:30:05.826000,-131.691,-31.6445,-131.719,-32.9182,-130.683,-32.9303,-130.667,-31.6564,20,10,40,15,15,30,A
ch2_cla_l1_20240701T174853826_20240701T174901826.fits,2024-07-01 17:48:53.826000,2024-07-01 17:49:01.826000,95.2396,-88.6386,81.7376,-89.3734,158.213,-89.6418,122.117,-88.9729,20,10,40,15,15,30,A
ch2_cla_l1_20240701T093803848_20240701T093811848.fits,2024-07-01 09:38:03.848000,2024-07-01 09:38:11.848000,-127.003,-14.9592,-127.022,-16.2793,-126.065,-16.2897,-126.05,-14.9695,20,10,40,15,15,30,A
ch2_cla_l1_20240701T190418911_20240701T190426911.fits,2024-07-01 19:04:18.911000,2024-07-01 19:04:26.911000,-131.752,35.1483,-131.767,33.805,-130.631,33.7918,-130.598,35.1349,20,10,40,15,15,30,A
ch2_cla_l1_20240701T132613196_20240701T132621195.fits,2024-07-01 13:26:13.196000,2024-07-01 13:26:21.195000,-128.966,0.1463,-128.982,-1.2003,-128.035,-1.2109,-128.019,0.1357,20,10,40,15,15,30,A
ch2_cla_l1_20240701T151329767_20240701T151337767.fits,2024-07-01 15:13:29.767000,2024-07-01 15:13:37.767000,-129.693,28.034,-129.707,26.68,-128.638,26.6679,-128.611,28.0219,20,10,40,15,15,30,A
ch2_cla_l1_20240701T115624112_20240701T115632112.fits,2024-07-01 11:56:24.112000,2024-07-01 11:56:32.112000,-134.037,-81.4069,-134.956,-82.4843,-129.834,-82.54,-129.541,-81.4558,20,10,40,15,15,30,A
ch2_cla_l1_20240701T193434911_20240701T193442911.fits,2024-07-01 19:34:34.911000,2024-07-01 19:34:42.911000,-133.648,-56.0867,-133.717,-57.2763,-132.272,-57.2935,-132.245,-56.1035,20,10,40,15,15,30,A
ch2_cla_l1_20240701T191610911_20240701T191618911.fits,2024-07-01 19:16:10.911000,2024-07-01 19:16:18.911000,-132.236,-0.3804,-132.253,-1.7231,-131.309,-1.7343,-131.292,-0.3916,20,10,40,15,15,30,A
ch2_cla_l1_20240701T190002911_20240701T190010911.fits,2024-07-01 19:00:02.911000,2024-07-01 19:00:10.911000,-131.552,47.9407,-131.57,46.618,-130.228,46.6024,-130.177,47.9247,20,10,40,15,15,30,A
ch2_cla_l1_20240701T154825767_20240701T154833767.fits,2024-07-01 15:48:25.767000,2024-07-01 15:48:33.767000,-134.454,-77.7951,-134.916,-78.8942,-131.339,-78.9346,-131.186,-77.832,20,10,40,15,15,30,A
ch2_cla_l1_20240701T184306911_20240701T184314911.fits,2024-07-01 18:43:06.911000,2024-07-01 18:43:14.911000,41.2146,81.824,42.1368,80.6726,46.7607,80.727,46.4975,81.8861,20,10,40,15,15,30,A
ch2_cla_l1_20240701T145201767_20240701T145209767.fits,2024-07-01 14:52:01.767000,2024-07-01 14:52:09.767000,17.4097,88.117,30.2107,87.0506,45.4805,87.2259,41.596,88.406,20,10,40,15,15,30,A
ch2_cla_l1_20240701T174149826_20240701T174157826.fits,2024-07-01 17:41:49.826000,2024-07-01 17:41:57.826000,-133.492,-67.9136,-133.64,-69.0557,-131.593,-69.0794,-131.541,-67.9362,20,10,40,15,15,30,A
ch2_cla_l1_20240701T135309196_20240701T135317196.fits,2024-07-01 13:53:09.196000,2024-07-01 13:53:17.196000,-135.588,-81.885,-136.64,-82.9613,-131.17,-83.022,-130.828,-81.9378,20,10,40,15,15,30,A
ch2_cla_l1_20240701T151457767_20240701T151505767.fits,2024-07-01 15:14:57.767000,2024-07-01 15:15:05.767000,-129.75,23.6472,-129.764,22.2907,-128.729,22.2791,-128.704,23.6355,20,10,40,15,15,30,A
ch2_cla_l1_20240701T120048112_20240701T120056112.fits,2024-07-01 12:00:48.112000,2024-07-01 12:00:56.112000,55.143,-83.752,55.7102,-84.7838,62.4063,-84.7106,60.7436,-83.691,20,10,40,15,15,30,A
ch2_cla_l1_20240701T132325195_20240701T132333195.fits,2024-07-01 13:23:25.195000,2024-07-01 13:23:33.195000,-128.856,8.5328,-128.871,7.1776,-127.907,7.1669,-127.889,8.5221,20,10,40,15,15,30,A
ch2_cla_l1_20240701T164757826_20240701T164805826.fits,2024-07-01 16:47:57.826000,2024-07-01 16:48:05.826000,33.6373,86.2209,37.4332,85.077,46.4191,85.1807,45.3824,86.3572,20,10,40,15,15,30,A
ch2_cla_l1_20240701T194202911_20240701T194210911.fits,2024-07-01 19:42:02.911000,2024-07-01 19:42:10.911000,-137.364,-79.0953,-137.968,-80.1919,-133.93,-80.2399,-133.719,-79.1387,20,10,40,15,15,30,A
ch2_cla_l1_20240701T114856112_20240701T114904112.fits,2024-07-01 11:48:56.112000,2024-07-01 11:49:04.112000,-129.333,-58.3505,-129.406,-59.526,-127.895,-59.5424,-127.869,-58.3664,20,10,40,15,15,30,A
ch2_cla_l1_20240701T153001767_20240701T153009767.fits,2024-07-01 15:30:01.767000,2024-07-01 15:30:09.767000,-130.391,-21.5482,-130.414,-22.8512,-129.437,-22.8623,-129.422,-21.5593,20,10,40,15,15,30,A
ch2_cla_l1_20240701T192106911_20240701T192114911.fits,2024-07-01 19:21:06.911000,2024-07-01 19:21:14.911000,-132.465,-15.2026,-132.486,-16.5198,-131.531,-16.5312,-131.516,-15.214,20,10,40,15,15,30,A
ch2_cla_l1_20240701T125021196_20240701T125029196.fits,2024-07-01 12:50:21.196000,2024-07-01 12:50:29.196000,48.5799,72.7745,48.7892,71.6468,51.0665,71.6718,51.0067,72.8012,20,10,40,15,15,30,A
ch2_cla_l1_20240701T111424112_20240701T111432112.fits,2024-07-01 11:14:24.112000,2024-07-01 11:14:32.112000,-127.294,45.6966,-127.31,44.3605,-126.0,44.3463,-125.955,45.6821,20,10,40,15,15,30,A
ch2_cla_l1_20240701T155129767_20240701T155137767.fits,2024-07-01 15:51:29.767000,2024-07-01 15:51:37.767000,-150.211,-87.2066,-161.885,-88.1692,-141.518,-88.4152,-136.804,-87.3618,20,10,40,15,15,30,A
ch2_cla_l1_20240701T185634911_20240701T185642911.fits,2024-07-01 18:56:34.911000,2024-07-01 18:56:42.911000,-131.341,58.3628,-131.366,57.0645,-129.717,57.0454,-129.634,58.343,20,10,40,15,15,30,A
ch2_cla_l1_20240701T155657767_20240701T155705767.fits,2024-07-01 15:56:57.767000,2024-07-01 15:57:05.767000,51.3143,-74.476,51.4075,-75.4825,53.7517,-75.456,53.5046,-74.4513,20,10,40,15,15,30,A
ch2_cla_l1_20240701T112952112_20240701T113000112.fits,2024-07-01 11:29:52.112000,2024-07-01 11:30:00.112000,-127.887,-0.5797,-127.903,-1.9264,-126.955,-1.9368,-126.939,-0.5901,20,10,40,15,15,30,A
ch2_cla_l1_20240701T170349826_20240701T170357826.fits,2024-07-01 17:03:49.826000,2024-07-01 17:03:57.826000,-130.503,46.794,-130.52,45.4667,-129.199,45.4518,-129.15,46.7786,20,10,40,15,15,30,A
ch2_cla_l1_20240701T092515848_20240701T092523848.fits,2024-07-01 09:25:15.848000,2024-07-01 09:25:23.848000,-126.501,23.3894,-126.515,22.0272,-125.475,22.016,-125.451,23.3781,20,10,40,15,15,30,A
ch2_cla_l1_20240701T105944112_20240701T105952112.fits,2024-07-01 10:59:44.112000,2024-07-01 10:59:52.112000,-111.724,89.1561,-116.773,88.7579,-87.2732,88.4083,-41.8127,89.7751,20,10,40,15,15,30,A
ch2_cla_l1_20240701T112248112_20240701T112256112.fits,2024-07-01 11:22:48.112000,2024-07-01 11:22:56.112000,-127.62,20.5677,-127.634,19.2069,-126.615,19.1957,-126.592,20.5565,20,10,40,15,15,30,A
ch2_cla_l1_20240701T091539848_20240701T091547848.fits,2024-07-01 09:15:39.848000,2024-07-01 09:15:47.848000,-126.117,52.1174,-126.134,50.7922,-124.671,50.7766,-124.612,52.1013,20,10,40,15,15,30,A
ch2_cla_l1_20240701T091907848_20240701T091915848.fits,2024-07-01 09:19:07.848000,2024-07-01 09:19:15.848000,-126.271,41.7291,-126.285,40.3838,-125.044,40.3705,-125.004,41.7156,20,10,40,15,15,30,A
ch2_cla_l1_20240701T135749195_20240701T135757195.fits,2024-07-01 13:57:49.195000,2024-07-01 13:57:57.195000,53.6386,-82.4374,54.0278,-83.4675,59.3826,-83.408,58.2651,-82.3861,20,10,40,15,15,30,A
ch2_cla_l1_20240701T185554911_20240701T185602911.fits,2024-07-01 18:55:54.911000,2024-07-01 18:56:02.911000,-131.29,60.371,-131.318,59.078,-129.585,59.0579,-129.491,60.3501,20,10,40,15,15,30,A
ch2_cla_l1_20240701T194618911_20240701T194626911.fits,2024-07-01 19:46:18.911000,2024-07-01 19:46:26.911000,53.8478,-86.4907,56.3557,-87.5357,70.2091,-87.3658,63.8862,-86.3696,20,10,40,15,15,30,A
ch2_cla_l1_20240701T144745767_20240701T144753767.fits,2024-07-01 14:47:45.767000,2024-07-01 14:47:53.767000,46.8618,75.256,47.1492,74.1209,49.8017,74.1507,49.7199,75.288,20,10,40,15,15,30,A
ch2_cla_l1_20240701T173525826_20240701T173533826.fits,2024-07-01 17:35:25.826000,2024-07-01 17:35:33.826000,-132.176,-48.2719,-132.224,-49.4893,-130.976,-49.5038,-130.956,-48.286,20,10,40,15,15,30,A
ch2_cla_l1_20240701T111640112_20240701T111648112.fits,2024-07-01 11:16:40.112000,2024-07-01 11:16:48.112000,-127.389,38.9088,-127.404,37.5617,-126.208,37.5488,-126.172,38.8956,20,10,40,15,15,30,A
ch2_cla_l1_20240701T164637826_20240701T164645826.fits,2024-07-01 16:46:37.826000,2024-07-01 16:46:45.826000,42.0436,82.1979,43.0383,81.0438,47.8754,81.0993,47.6042,82.2618,20,10,40,15,15,30,A
ch2_cla_l1_20240701T183946911_20240701T183954911.fits,2024-07-01 18:39:46.911000,2024-07-01 18:39:54.911000,45.4384,71.566,45.6279,70.4476,47.7403,70.4723,47.6796,71.5923,20,10,40,15,15,30,A
ch2_cla_l1_20240701T135917195_20240701T135925195.fits,2024-07-01 13:59:17.195000,2024-07-01 13:59:25.195000,52.7085,-77.851,52.8541,-78.866,55.9407,-78.8318,55.5342,-77.8197,20,10,40,15,15,30,A
ch2_cla_l1_20240701T133157195_20240701T133205195.fits,2024-07-01 13:31:57.195000,2024-07-01 13:32:05.195000,-129.221,-17.0798,-129.242,-18.3938,-128.28,-18.4046,-128.265,-17.0904,20,10,40,15,15,30,A
ch2_cla_l1_20240701T170533826_20240701T170541826.fits,2024-07-01 17:05:33.826000,2024-07-01 17:05:41.826000,-130.585,41.5964,-130.6,40.26,-129.373,40.246,-129.333,41.5822,20,10,40,15,15,30,A
ch2_cla_l1_20240701T155113767_20240701T155121767.fits,2024-07-01 15:51:13.767000,2024-07-01 15:51:21.767000,-145.601,-86.4145,-152.072,-87.428,-137.474,-87.5978,-135.104,-86.5347,20,10,40,15,15,30,A
ch2_cla_l1_20240701T150841767_20240701T150849767.fits,2024-07-01 15:08:41.767000,2024-07-01 15:08:49.767000,-129.498,42.4025,-129.513,41.0652,-128.27,41.0513,-128.229,42.3883,20,10,40,15,15,30,A
ch2_cla_l1_20240701T185754911_20240701T185802911.fits,2024-07-01 18:57:54.911000,2024-07-01 18:58:02.911000,-131.43,54.3504,-131.452,53.0421,-129.943,53.0246,-129.876,54.3324,20,10,40,15,15,30,A
ch2_cla_l1_20240701T093931848_20240701T093939848.fits,2024-07-01 09:39:31.848000,2024-07-01 09:39:39.848000,-127.074,-19.3776,-127.095,-20.6867,-126.125,-20.6972,-126.111,-19.388,20,10,40,15,15,30,A
ch2_cla_l1_20240701T191946911_20240701T191954911.fits,2024-07-01 19:19:46.911000,2024-07-01 19:19:54.911000,-132.399,-11.1905,-132.419,-12.5162,-131.472,-12.5274,-131.456,-11.2017,20,10,40,15,15,30,A
ch2_cla_l1_20240701T153217767_20240701T153225767.fits,2024-07-01 15:32:17.767000,2024-07-01 15:32:25.767000,-130.524,-28.3976,-130.55,-29.6812,-129.537,-29.6927,-129.522,-28.4091,20,10,40,15,15,30,A
ch2_cla_l1_20240701T190130911_20240701T190138911.fits,2024-07-01 19:01:30.911000,2024-07-01 19:01:38.911000,-131.625,43.5397,-131.642,42.2086,-130.386,42.1941,-130.342,43.5248,20,10,40,15,15,30,A
ch2_cla_l1_20240701T092147848_20240701T092155848.fits,2024-07-01 09:21:47.848000,2024-07-01 09:21:55.848000,-126.375,33.7515,-126.388,32.396,-125.255,32.3838,-125.224,33.7392,20,10,40,15,15,30,A
ch2_cla_l1_20240701T191722911_20240701T191730911.fits,2024-07-01 19:17:22.911000,2024-07-01 19:17:30.911000,-132.288,-3.9805,-132.306,-5.3184,-131.364,-5.3296,-131.348,-3.9917,20,10,40,15,15,30,A
ch2_cla_l1_20240701T112432112_20240701T112440112.fits,2024-07-01 11:24:32.112000,2024-07-01 11:24:40.112000,-127.684,15.3852,-127.698,14.0248,-126.707,14.014,-126.686,15.3743,20,10,40,15,15,30,A
ch2_cla_l1_20240701T095451848_20240701T095459848.fits,2024-07-01 09:54:51.848000,2024-07-01 09:54:59.848000,-128.815,-66.1151,-128.935,-67.258,-127.041,-67.2782,-127.002,-66.1345,20,10,40,15,15,30,A
ch2_cla_l1_20240701T094243848_20240701T094251848.fits,2024-07-01 09:42:43.848000,2024-07-01 09:42:51.848000,-127.251,-29.0445,-127.276,-30.3258,-126.259,-30.3369,-126.245,-29.0555,20,10,40,15,15,30,A
ch2_cla_l1_20240701T132053196_20240701T132101196.fits,2024-07-01 13:20:53.196000,2024-07-01 13:21:01.196000,-128.76,16.1125,-128.775,14.7537,-127.782,14.7426,-127.761,16.1014,20,10,40,15,15,30,A
ch2_cla_l1_20240701T164557826_20240701T164605826.fits,2024-07-01 16:45:57.826000,2024-07-01 16:46:05.826000,43.6626,80.1589,44.3006,79.0094,48.2053,79.0542,48.0283,80.209,20,10,40,15,15,30,A
ch2_cla_l1_20240701T150409767_20240701T150417767.fits,2024-07-01 15:04:09.767000,2024-07-01 15:04:17.767000,-129.266,56.0084,-129.287,54.6994,-127.716,54.6819,-127.644,55.9903,20,10,40,15,15,30,A
ch2_cla_l1_20240701T114736112_20240701T114744112.fits,2024-07-01 11:47:36.112000,2024-07-01 11:47:44.112000,-129.115,-54.259,-129.174,-55.4508,-127.793,-55.4659,-127.771,-54.2736,20,10,40,15,15,30,A
ch2_cla_l1_20240701T114104112_20240701T114112112.fits,2024-07-01 11:41:04.112000,2024-07-01 11:41:12.112000,-128.462,-34.3363,-128.49,-35.6006,-127.433,-35.6122,-127.418,-34.3477,20,10,40,15,15,30,A
ch2_cla_l1_20240701T133405195_20240701T133413195.fits,2024-07-01 13:34:05.195000,2024-07-01 13:34:13.195000,-129.334,-23.5143,-129.357,-24.8119,-128.371,-24.8229,-128.356,-23.5252,20,10,40,15,15,30,A
ch2_cla_l1_20240701T100851848_20240701T100859848.fits,2024-07-01 10:08:51.848000,2024-07-01 10:08:59.848000,54.1518,-69.1462,54.2001,-70.1284,55.854,-70.1107,55.7268,-69.1294,20,10,40,15,15,30,A
ch2_cla_l1_20240701T134429196_20240701T134437196.fits,2024-07-01 13:44:29.196000,2024-07-01 13:44:37.196000,-130.265,-55.1498,-130.328,-56.3393,-128.919,-56.3549,-128.895,-55.165,20,10,40,15,15,30,A
ch2_cla_l1_20240701T173741826_20240701T173749826.fits,2024-07-01 17:37:41.826000,2024-07-01 17:37:49.826000,-132.486,-55.2059,-132.551,-56.3977,-131.136,-56.4142,-131.111,-55.2219,20,10,40,15,15,30,A
ch2_cla_l1_20240701T192258911_20240701T192306911.fits,2024-07-01 19:22:58.911000,2024-07-01 19:23:06.911000,-132.565,-20.8281,-132.588,-22.1324,-131.615,-22.144,-131.599,-20.8397,20,10,40,15,15,30,A
ch2_cla_l1_20240701T185426911_20240701T185434911.fits,2024-07-01 18:54:26.911000,2024-07-01 18:54:34.911000,-131.161,64.7938,-131.196,63.5133,-129.228,63.4904,-129.104,64.7699,20,10,40,15,15,30,A
ch2_cla_l1_20240701T144521767_20240701T144529767.fits,2024-07-01 14:45:21.767000,2024-07-01 14:45:29.767000,48.2558,67.837,48.3842,66.7296,50.143,66.7494,50.1018,67.8578,20,10,40,15,15,30,A
ch2_cla_l1_20240701T110304112_20240701T110312112.fits,2024-07-01 11:03:04.112000,2024-07-01 11:03:12.112000,-126.055,79.8413,-126.191,78.6007,-121.974,78.5549,-121.341,79.7901,20,10,40,15,15,30,A
ch2_cla_l1_20240701T110536112_20240701T110544112.fits,2024-07-01 11:05:36.112000,2024-07-01 11:05:44.112000,-126.657,72.1704,-126.707,70.9034,-124.069,70.8748,-123.843,72.1399,20,10,40,15,15,30,A
ch2_cla_l1_20240701T154609767_20240701T154617767.fits,2024-07-01 15:46:09.767000,2024-07-01 15:46:17.767000,-132.756,-70.7852,-132.945,-71.914,-130.633,-71.9401,-130.569,-70.8099,20,10,40,15,15,30,A
ch2_cla_l1_20240701T165541826_20240701T165549826.fits,2024-07-01 16:55:41.826000,2024-07-01 16:55:49.826000,-129.852,71.2866,-129.906,70.0237,-127.393,69.9951,-127.181,71.2561,20,10,40,15,15,30,A
ch2_cla_l1_20240701T152721767_20240701T152729767.fits,2024-07-01 15:27:21.767000,2024-07-01 15:27:29.767000,-130.255,-13.5131,-130.275,-14.8351,-129.322,-14.8459,-129.307,-13.5239,20,10,40,15,15,30,A
ch2_cla_l1_20240701T090043848_20240701T090051848.fits,2024-07-01 09:00:43.848000,2024-07-01 09:00:51.848000,44.7821,83.7733,46.2521,82.6094,52.224,82.6734,51.882,83.8495,20,10,40,15,15,30,A
ch2_cla_l1_20240701T153953767_20240701T154001767.fits,2024-07-01 15:39:53.767000,2024-07-01 15:40:01.767000,-131.202,-51.518,-131.256,-52.7226,-129.94,-52.7375,-129.919,-51.5325,20,10,40,15,15,30,A
ch2_cla_l1_20240701T193626911_20240701T193634911.fits,2024-07-01 19:36:26.911000,2024-07-01 19:36:34.911000,-134.027,-61.8169,-134.123,-62.9842,-132.454,-63.0042,-132.418,-61.8361,20,10,40,15,15,30,A
ch2_cla_l1_20240701T091651848_20240701T091659848.fits,2024-07-01 09:16:51.848000,2024-07-01 09:16:59.848000,-126.174,48.5188,-126.19,47.1859,-124.817,47.1712,-124.767,48.5037,20,10,40,15,15,30,A
ch2_cla_l1_20240701T184058911_20240701T184106911.fits,2024-07-01 18:40:58.911000,2024-07-01 18:41:06.911000,44.5836,75.2717,44.8787,74.14,47.5214,74.171,47.4313,75.3051,20,10,40,15,15,30,A
ch2_cla_l1_20240701T125037195_20240701T125045195.fits,2024-07-01 12:50:37.195000,2024-07-01 12:50:45.195000,48.4036,73.5977,48.6342,72.4669,51.026,72.4933,50.9608,73.6259,20,10,40,15,15,30,A
ch2_cla_l1_20240701T125605195_20240701T125613195.fits,2024-07-01 12:56:05.195000,2024-07-01 12:56:13.195000,-48.5624,89.7592,-61.9543,88.8775,-19.9227,88.9176,34.1882,89.2167,20,10,40,15,15,30,A
ch2_cla_l1_20240701T145833767_20240701T145841767.fits,2024-07-01 14:58:33.767000,2024-07-01 14:58:41.767000,-128.722,72.8972,-128.781,71.6373,-126.066,71.6068,-125.818,72.8647,20,10,40,15,15,30,A
ch2_cla_l1_20240701T194330911_20240701T194338911.fits,2024-07-01 19:43:30.911000,2024-07-01 19:43:38.911000,-141.159,-83.6218,-143.018,-84.69,-135.779,-84.7765,-135.115,-83.6939,20,10,40,15,15,30,A
ch2_cla_l1_20240701T115808112_20240701T115816112.fits,2024-07-01 11:58:08.112000,2024-07-01 11:58:16.112000,-144.462,-86.7242,-152.199,-87.7225,-135.845,-87.9067,-133.07,-86.8499,20,10,40,15,15,30,A
ch2_cla_l1_20240701T131333195_20240701T131341195.fits,2024-07-01 13:13:33.195000,2024-07-01 13:13:41.195000,-128.481,38.0462,-128.495,36.7001,-127.315,36.6871,-127.28,38.0329,20,10,40,15,15,30,A
ch2_cla_l1_20240701T113920112_20240701T113928112.fits,2024-07-01 11:39:20.112000,2024-07-01 11:39:28.112000,-128.347,-29.0827,-128.372,-30.3641,-127.355,-30.3753,-127.341,-29.0938,20,10,40,15,15,30,A
ch2_cla_l1_20240701T125813195_20240701T125821195.fits,2024-07-01 12:58:13.195000,2024-07-01 12:58:21.195000,-126.035,84.2432,-126.438,83.0213,-119.771,82.9476,-118.006,84.1543,20,10,40,15,15,30,A
ch2_cla_l1_20240701T115440112_20240701T115448112.fits,2024-07-01 11:54:40.112000,2024-07-01 11:54:48.112000,-131.589,-76.0391,-131.93,-77.142,-128.821,-77.1758,-128.712,-76.0704,20,10,40,15,15,30,A
ch2_cla_l1_20240701T171821826_20240701T171829826.fits,2024-07-01 17:18:21.826000,2024-07-01 17:18:29.826000,-131.098,3.2822,-131.115,1.934,-130.166,1.923,-130.148,3.2711,20,10,40,15,15,30,A
ch2_cla_l1_20240701T145017767_20240701T145025767.fits,2024-07-01 14:50:17.767000,2024-07-01 14:50:25.767000,42.3001,83.0258,43.5168,81.8685,48.8804,81.9289,48.5631,83.0963,20,10,40,15,15,30,A
ch2_cla_l1_20240701T095859848_20240701T095907848.fits,2024-07-01 09:58:59.848000,2024-07-01 09:59:07.848000,-131.454,-78.9012,-131.988,-79.9893,-128.088,-80.031,-127.922,-78.9389,20,10,40,15,15,30,A
ch2_cla_l1_20240701T172205826_20240701T172213826.fits,2024-07-01 17:22:05.826000,2024-07-01 17:22:13.826000,-131.259,-7.918,-131.277,-9.2504,-130.333,-9.2614,-130.317,-7.929,20,10,40,15,15,30,A
ch2_cla_l1_20240701T172437826_20240701T172445826.fits,2024-07-01 17:24:37.826000,2024-07-01 17:24:45.826000,-131.38,-15.5372,-131.4,-16.8542,-130.444,-16.8654,-130.428,-15.5483,20,10,40,15,15,30,A
ch2_cla_l1_20240701T100459848_20240701T100507848.fits,2024-07-01 10:04:59.848000,2024-07-01 10:05:07.848000,55.3677,-81.2795,55.6367,-82.3011,60.126,-82.253,59.3283,-81.2372,20,10,40,15,15,30,A
ch2_cla_l1_20240701T165909826_20240701T165917826.fits,2024-07-01 16:59:09.826000,2024-07-01 16:59:17.826000,-130.222,60.8223,-130.248,59.5283,-128.49,59.5083,-128.395,60.8015,20,10,40,15,15,30,A
ch2_cla_l1_20240701T151313767_20240701T151321767.fits,2024-07-01 15:13:13.767000,2024-07-01 15:13:21.767000,-129.683,28.8319,-129.697,27.4784,-128.621,27.4662,-128.594,28.8197,20,10,40,15,15,30,A
ch2_cla_l1_20240701T174733826_20240701T174741826.fits,2024-07-01 17:47:33.826000,2024-07-01 17:47:41.826000,-143.979,-85.6089,-148.122,-86.6477,-136.832,-86.7805,-135.336,-85.7097,20,10,40,15,15,30,A
ch2_cla_l1_20240701T132141195_20240701T132149195.fits,2024-07-01 13:21:41.195000,2024-07-01 13:21:49.195000,-128.79,13.7196,-128.805,12.3613,-127.823,12.3504,-127.803,13.7086,20,10,40,15,15,30,A
ch2_cla_l1_20240701T135957196_20240701T140005196.fits,2024-07-01 13:59:57.196000,2024-07-01 14:00:05.196000,52.4756,-75.7621,52.582,-76.7703,55.1564,-76.7418,54.8654,-75.7357,20,10,40,15,15,30,A
ch2_cla_l1_20240701T193842911_20240701T193850911.fits,2024-07-01 19:38:42.911000,2024-07-01 19:38:50.911000,-134.739,-68.7966,-134.902,-69.9366,-132.775,-69.962,-132.716,-68.8207,20,10,40,15,15,30,A
ch2_cla_l1_20240701T175157826_20240701T175205826.fits,2024-07-01 17:51:57.826000,2024-07-01 17:52:05.826000,50.9117,-79.4839,51.1232,-80.5092,54.8001,-80.4667,54.2278,-79.4456,20,10,40,15,15,30,A
ch2_cla_l1_20240701T085643848_20240701T085651848.fits,2024-07-01 08:56:43.848000,2024-07-01 08:56:51.848000,51.0551,71.4938,51.2339,70.3678,53.3621,70.3905,53.3127,71.5179,20,10,40,15,15,30,A
ch2_cla_l1_20240701T173917826_20240701T173925826.fits,2024-07-01 17:39:17.826000,2024-07-01 17:39:25.826000,-132.781,-60.1154,-132.866,-61.2883,-131.276,-61.3067,-131.245,-60.1332,20,10,40,15,15,30,A
ch2_cla_l1_20240701T191658911_20240701T191706911.fits,2024-07-01 19:16:58.911000,2024-07-01 19:17:06.911000,-132.27,-2.7801,-132.288,-4.1198,-131.346,-4.131,-131.329,-2.7913,20,10,40,15,15,30,A
ch2_cla_l1_20240701T105336112_20240701T105344112.fits,2024-07-01 10:53:36.112000,2024-07-01 10:53:44.112000,49.7885,72.3208,49.9858,71.1932,52.2094,71.2173,52.1541,72.3464,20,10,40,15,15,30,A
ch2_cla_l1_20240701T105504112_20240701T105512112.fits,2024-07-01 10:55:04.112000,2024-07-01 10:55:12.112000,48.6267,76.8423,48.9801,75.698,51.9598,75.7304,51.8673,76.8775,20,10,40,15,15,30,A
ch2_cla_l1_20240701T170341826_20240701T170349826.fits,2024-07-01 17:03:41.826000,2024-07-01 17:03:49.826000,-130.496,47.194,-130.514,45.8677,-129.184,45.8526,-129.135,47.1785,20,10,40,15,15,30,A
ch2_cla_l1_20240701T130005195_20240701T130013195.fits,2024-07-01 13:00:05.195000,2024-07-01 13:00:13.195000,-127.239,78.5763,-127.354,77.3335,-123.54,77.2915,-123.026,78.5299,20,10,40,15,15,30,A
ch2_cla_l1_20240701T130637195_20240701T130645195.fits,2024-07-01 13:06:37.195000,2024-07-01 13:06:45.195000,-128.137,58.8465,-128.16,57.5423,-126.478,57.5237,-126.395,58.8273,20,10,40,15,15,30,A
ch2_cla_l1_20240701T153009767_20240701T153017767.fits,2024-07-01 15:30:09.767000,2024-07-01 15:30:17.767000,-130.399,-21.9509,-130.421,-23.2525,-129.443,-23.2637,-129.428,-21.962,20,10,40,15,15,30,A
ch2_cla_l1_20240701T155121767_20240701T155129767.fits,2024-07-01 15:51:21.767000,2024-07-01 15:51:29.767000,-147.621,-86.8131,-156.15,-87.8064,-139.082,-88.0076,-135.84,-86.9485,20,10,40,15,15,30,A
ch2_cla_l1_20240701T194026911_20240701T194034911.fits,2024-07-01 19:40:26.911000,2024-07-01 19:40:34.911000,-135.686,-74.1484,-135.972,-75.2667,-133.188,-75.2998,-133.088,-74.1793,20,10,40,15,15,30,A
ch2_cla_l1_20240701T111032112_20240701T111040112.fits,2024-07-01 11:10:32.112000,2024-07-01 11:10:40.112000,-127.098,57.3009,-127.119,55.9904,-125.493,55.9728,-125.417,57.2826,20,10,40,15,15,30,A
ch2_cla_l1_20240701T192322911_20240701T192330911.fits,2024-07-01 19:23:22.911000,2024-07-01 19:23:30.911000,-132.588,-22.0351,-132.611,-23.3361,-131.633,-23.3478,-131.617,-22.0467,20,10,40,15,15,30,A
ch2_cla_l1_20240701T193530911_20240701T193538911.fits,2024-07-01 19:35:30.911000,2024-07-01 19:35:38.911000,-133.821,-58.9497,-133.902,-60.1284,-132.357,-60.1468,-132.326,-58.9676,20,10,40,15,15,30,A
ch2_cla_l1_20240701T091547848_20240701T091555848.fits,2024-07-01 09:15:47.848000,2024-07-01 09:15:55.848000,-126.124,51.7175,-126.141,50.3911,-124.688,50.3756,-124.631,51.7016,20,10,40,15,15,30,A
ch2_cla_l1_20240701T175237826_20240701T175245826.fits,2024-07-01 17:52:37.826000,2024-07-01 17:52:45.826000,50.5901,-77.3986,50.7371,-78.417,53.7241,-78.3825,53.3334,-77.3669,20,10,40,15,15,30,A
ch2_cla_l1_20240701T175405826_20240701T175413826.fits,2024-07-01 17:54:05.826000,2024-07-01 17:54:13.826000,50.1419,-72.8027,50.2215,-73.8065,52.3185,-73.7823,52.1152,-72.7799,20,10,40,15,15,30,A
ch2_cla_l1_20240701T150617767_20240701T150625767.fits,2024-07-01 15:06:17.767000,2024-07-01 15:06:25.767000,-129.384,49.5998,-129.402,48.276,-128.015,48.2605,-127.961,49.5839,20,10,40,15,15,30,A
ch2_cla_l1_20240701T165357826_20240701T165405826.fits,2024-07-01 16:53:57.826000,2024-07-01 16:54:05.826000,-129.5,76.5355,-129.595,75.29,-126.289,75.2523,-125.902,76.4944,20,10,40,15,15,30,A
ch2_cla_l1_20240701T135741195_20240701T135749195.fits,2024-07-01 13:57:41.195000,2024-07-01 13:57:49.195000,53.7797,-82.8536,54.2184,-83.8852,59.945,-83.8216,58.6827,-82.7993,20,10,40,15,15,30,A
ch2_cla_l1_20240701T173133826_20240701T173141826.fits,2024-07-01 17:31:33.826000,2024-07-01 17:31:41.826000,-131.808,-36.4973,-131.84,-37.7559,-130.761,-37.7685,-130.744,-36.5097,20,10,40,15,15,30,A
ch2_cla_l1_20240701T130557195_20240701T130605195.fits,2024-07-01 13:05:57.195000,2024-07-01 13:06:05.195000,-128.092,60.8527,-128.116,59.5541,-126.346,59.5346,-126.253,60.8325,20,10,40,15,15,30,A
ch2_cla_l1_20240701T111816112_20240701T111824112.fits,2024-07-01 11:18:16.112000,2024-07-01 11:18:24.112000,-127.452,34.1216,-127.466,32.7686,-126.331,32.7562,-126.3,34.109,20,10,40,15,15,30,A
ch2_cla_l1_20240701T112240112_20240701T112248112.fits,2024-07-01 11:22:40.112000,2024-07-01 11:22:48.112000,-127.616,20.9661,-127.629,19.6054,-126.608,19.5943,-126.585,20.9549,20,10,40,15,15,30,A
ch2_cla_l1_20240701T085827848_20240701T085835848.fits,2024-07-01 08:58:27.848000,2024-07-01 08:58:35.848000,49.7528,76.8382,50.1032,75.692,53.0892,75.7239,53.0005,76.873,20,10,40,15,15,30,A
ch2_cla_l1_20240701T144513767_20240701T144521767.fits,2024-07-01 14:45:13.767000,2024-07-01 14:45:21.767000,48.3074,67.4237,48.4309,66.3179,50.1565,66.3372,50.1169,67.444,20,10,40,15,15,30,A
ch2_cla_l1_20240701T152713767_20240701T152721767.fits,2024-07-01 15:27:13.767000,2024-07-01 15:27:21.767000,-130.249,-13.1119,-130.268,-14.4347,-129.317,-14.4455,-129.302,-13.1227,20,10,40,15,15,30,A
ch2_cla_l1_20240701T095923848_20240701T095931848.fits,2024-07-01 09:59:23.848000,2024-07-01 09:59:31.848000,-132.065,-80.1406,-132.747,-81.2231,-128.337,-81.2701,-128.125,-80.1827,20,10,40,15,15,30,A
ch2_cla_l1_20240701T154417767_20240701T154425767.fits,2024-07-01 15:44:17.767000,2024-07-01 15:44:25.767000,-132.058,-65.0266,-132.174,-66.1787,-130.337,-66.1994,-130.297,-65.0465,20,10,40,15,15,30,A
ch2_cla_l1_20240701T171605826_20240701T171613826.fits,2024-07-01 17:16:05.826000,2024-07-01 17:16:13.826000,-131.008,10.0707,-131.023,8.7173,-130.057,8.7062,-130.038,10.0595,20,10,40,15,15,30,A
ch2_cla_l1_20240701T171037826_20240701T171045826.fits,2024-07-01 17:10:37.826000,2024-07-01 17:10:45.826000,-130.794,26.4275,-130.809,25.0741,-129.755,25.0621,-129.729,26.4153,20,10,40,15,15,30,A
ch2_cla_l1_20240701T165333826_20240701T165341826.fits,2024-07-01 16:53:33.826000,2024-07-01 16:53:41.826000,-129.381,77.7485,-129.493,76.5073,-125.915,76.4664,-125.456,77.7036,20,10,40,15,15,30,A
ch2_cla_l1_20240701T100523848_20240701T100531848.fits,2024-07-01 10:05:23.848000,2024-07-01 10:05:31.848000,55.1162,-80.0282,55.3202,-81.0453,59.1604,-81.0043,58.5611,-79.9914,20,10,40,15,15,30,A
ch2_cla_l1_20240701T115152112_20240701T115200112.fits,2024-07-01 11:51:52.112000,2024-07-01 11:52:00.112000,-130.063,-67.382,-130.197,-68.5213,-128.208,-68.5429,-128.164,-67.4027,20,10,40,15,15,30,A
ch2_cla_l1_20240701T113912112_20240701T113920112.fits,2024-07-01 11:39:12.112000,2024-07-01 11:39:20.112000,-128.339,-28.6794,-128.364,-29.9616,-127.349,-29.9728,-127.335,-28.6904,20,10,40,15,15,30,A
ch2_cla_l1_20240701T134205195_20240701T134213195.fits,2024-07-01 13:42:05.195000,2024-07-01 13:42:13.195000,-129.95,-47.8055,-129.996,-49.0229,-128.76,-49.0367,-128.741,-47.8189,20,10,40,15,15,30,A
ch2_cla_l1_20240701T125821195_20240701T125829195.fits,2024-07-01 12:58:21.195000,2024-07-01 12:58:29.195000,-126.192,83.8381,-126.548,82.6146,-120.229,82.5447,-118.662,83.7547,20,10,40,15,15,30,A
ch2_cla_l1_20240701T171813826_20240701T171821826.fits,2024-07-01 17:18:13.826000,2024-07-01 17:18:21.826000,-131.093,3.6816,-131.109,2.3332,-130.159,2.3222,-130.142,3.6706,20,10,40,15,15,30,A
ch2_cla_l1_20240701T185730911_20240701T185738911.fits,2024-07-01 18:57:30.911000,2024-07-01 18:57:38.911000,-131.405,55.5536,-131.428,54.2483,-129.88,54.2303,-129.809,55.5351,20,10,40,15,15,30,A
ch2_cla_l1_20240701T120040112_20240701T120048112.fits,2024-07-01 12:00:40.112000,2024-07-01 12:00:48.112000,55.3443,-84.1678,56.0025,-85.201,63.2803,-85.1215,61.3497,-84.1023,20,10,40,15,15,30,A
ch2_cla_l1_20240701T184122911_20240701T184130911.fits,2024-07-01 18:41:22.911000,2024-07-01 18:41:30.911000,44.1979,76.5044,44.5481,75.3683,47.4273,75.4021,47.3221,76.5411,20,10,40,15,15,30,A
ch2_cla_l1_20240701T145209767_20240701T145217767.fits,2024-07-01 14:52:09.767000,2024-07-01 14:52:17.767000,9.1023,88.442,27.0099,87.4279,44.596,87.6314,38.5215,88.8081,20,10,40,15,15,30,A
ch2_cla_l1_20240701T174141826_20240701T174149826.fits,2024-07-01 17:41:41.826000,2024-07-01 17:41:49.826000,-133.443,-67.5024,-133.586,-68.6462,-131.572,-68.6695,-131.522,-67.5247,20,10,40,15,15,30,A
ch2_cla_l1_20240701T135301196_20240701T135309196.fits,2024-07-01 13:53:01.196000,2024-07-01 13:53:09.196000,-135.258,-81.4725,-136.206,-82.5515,-131.023,-82.6089,-130.715,-81.5229,20,10,40,15,15,30,A
ch2_cla_l1_20240701T152905767_20240701T152913767.fits,2024-07-01 15:29:05.767000,2024-07-01 15:29:13.767000,-130.342,-18.7335,-130.363,-20.0433,-129.397,-20.0543,-129.382,-18.7444,20,10,40,15,15,30,A
ch2_cla_l1_20240701T095747848_20240701T095755848.fits,2024-07-01 09:57:47.848000,2024-07-01 09:57:55.848000,-130.228,-75.1834,-130.527,-76.2881,-127.602,-76.3194,-127.509,-75.2124,20,10,40,15,15,30,A
ch2_cla_l1_20240701T115232112_20240701T115240112.fits,2024-07-01 11:52:32.112000,2024-07-01 11:52:40.112000,-130.313,-69.4404,-130.474,-70.5712,-128.31,-70.5947,-128.258,-69.4627,20,10,40,15,15,30,A
ch2_cla_l1_20240701T190226911_20240701T190234911.fits,2024-07-01 19:02:26.911000,2024-07-01 19:02:34.911000,-131.669,40.7413,-131.686,39.4057,-130.474,39.3916,-130.435,40.727,20,10,40,15,15,30,A
ch2_cla_l1_20240701T092251848_20240701T092259848.fits,2024-07-01 09:22:51.848000,2024-07-01 09:22:59.848000,-126.414,30.5623,-126.427,29.204,-125.328,29.1922,-125.3,30.5504,20,10,40,15,15,30,A
ch2_cla_l1_20240701T151321767_20240701T151329767.fits,2024-07-01 15:13:21.767000,2024-07-01 15:13:29.767000,-129.688,28.4331,-129.702,27.0789,-128.63,27.0669,-128.602,28.4209,20,10,40,15,15,30,A
ch2_cla_l1_20240701T093443848_20240701T093451848.fits,2024-07-01 09:34:43.848000,2024-07-01 09:34:51.848000,-126.857,-4.9416,-126.873,-6.2824,-125.927,-6.2927,-125.911,-4.9519,20,10,40,15,15,30,A
ch2_cla_l1_20240701T120536112_20240701T120541335.fits,2024-07-01 12:05:36.112000,2024-07-01 12:05:41.335000,53.0723,-68.8504,53.1135,-69.6882,54.7371,-69.6705,54.6315,-68.8334,20,10,40,15,15,30,A
ch2_cla_l1_20240701T113704112_20240701T113712112.fits,2024-07-01 11:37:04.112000,2024-07-01 11:37:12.112000,-128.216,-22.2315,-128.238,-23.5328,-127.258,-23.5435,-127.244,-22.2421,20,10,40,15,15,30,A
ch2_cla_l1_20240701T105352112_20240701T105400112.fits,2024-07-01 10:53:52.112000,2024-07-01 10:54:00.112000,49.6227,73.1442,49.8394,72.0135,52.1722,72.0388,52.1123,73.1712,20,10,40,15,15,30,A
ch2_cla_l1_20240701T113136112_20240701T113144112.fits,2024-07-01 11:31:36.112000,2024-07-01 11:31:44.112000,-127.958,-5.7791,-127.975,-7.1176,-127.03,-7.128,-127.015,-5.7895,20,10,40,15,15,30,A
ch2_cla_l1_20240701T132853195_20240701T132901195.fits,2024-07-01 13:28:53.195000,2024-07-01 13:29:01.195000,-129.078,-7.855,-129.096,-9.1889,-128.15,-9.1995,-128.135,-7.8655,20,10,40,15,15,30,A
ch2_cla_l1_20240701T152057767_20240701T152105767.fits,2024-07-01 15:20:57.767000,2024-07-01 15:21:05.767000,-129.98,5.6947,-129.995,4.343,-129.04,4.3322,-129.022,5.6838,20,10,40,15,15,30,A
ch2_cla_l1_20240701T115800112_20240701T115808112.fits,2024-07-01 11:58:00.112000,2024-07-01 11:58:08.112000,-142.599,-86.3237,-148.505,-87.3394,-134.475,-87.4958,-132.425,-86.4356,20,10,40,15,15,30,A
ch2_cla_l1_20240701T095315848_20240701T095323848.fits,2024-07-01 09:53:15.848000,2024-07-01 09:53:23.848000,-128.407,-61.1856,-128.492,-62.3484,-126.869,-62.3657,-126.841,-61.2023,20,10,40,15,15,30,A
ch2_cla_l1_20240701T113928112_20240701T113936112.fits,2024-07-01 11:39:28.112000,2024-07-01 11:39:36.112000,-128.355,-29.4865,-128.381,-30.7665,-127.361,-30.7777,-127.347,-29.4976,20,10,40,15,15,30,A
ch2_cla_l1_20240701T193402911_20240701T193410911.fits,2024-07-01 19:34:02.911000,2024-07-01 19:34:10.911000,-133.56,-54.4525,-133.624,-55.6481,-132.228,-55.6649,-132.203,-54.4688,20,10,40,15,15,30,A
ch2_cla_l1_20240701T192210911_20240701T192218911.fits,2024-07-01 19:22:10.911000,2024-07-01 19:22:18.911000,-132.521,-18.4159,-132.543,-19.7259,-131.579,-19.7374,-131.563,-18.4273,20,10,40,15,15,30,A
ch2_cla_l1_20240701T190034911_20240701T190042911.fits,2024-07-01 19:00:34.911000,2024-07-01 19:00:42.911000,-131.579,46.3396,-131.597,45.0139,-130.288,44.9987,-130.24,46.3241,20,10,40,15,15,30,A
ch2_cla_l1_20240701T154601767_20240701T154609767.fits,2024-07-01 15:46:01.767000,2024-07-01 15:46:09.767000,-132.693,-70.3734,-132.875,-71.5038,-130.606,-71.5295,-130.545,-70.3977,20,10,40,15,15,30,A
ch2_cla_l1_20240701T165549826_20240701T165557826.fits,2024-07-01 16:55:49.826000,2024-07-01 16:55:57.826000,-129.872,70.8833,-129.924,69.6193,-127.454,69.5911,-127.251,70.8534,20,10,40,15,15,30,A
ch2_cla_l1_20240701T152729767_20240701T152737767.fits,2024-07-01 15:27:29.767000,2024-07-01 15:27:37.767000,-130.262,-13.9144,-130.281,-15.2356,-129.328,-15.2464,-129.313,-13.9252,20,10,40,15,15,30,A
ch2_cla_l1_20240701T090819848_20240701T090827848.fits,2024-07-01 09:08:19.848000,2024-07-01 09:08:27.848000,-125.496,74.2024,-125.555,72.9398,-122.63,72.9085,-122.349,74.1687,20,10,40,15,15,30,A
ch2_cla_l1_20240701T120224112_20240701T120232112.fits,2024-07-01 12:02:24.112000,2024-07-01 12:02:32.112000,53.8715,-78.7503,54.0359,-79.7658,57.3923,-79.7293,56.9216,-78.7171,20,10,40,15,15,30,A
ch2_cla_l1_20240701T132149195_20240701T132157195.fits,2024-07-01 13:21:49.195000,2024-07-01 13:21:57.195000,-128.795,13.3206,-128.81,11.9626,-127.829,11.9517,-127.81,13.3097,20,10,40,15,15,30,A
ch2_cla_l1_20240701T193018911_20240701T193026911.fits,2024-07-01 19:30:18.911000,2024-07-01 19:30:26.911000,-133.099,-43.0509,-133.139,-44.2879,-131.978,-44.3018,-131.959,-43.0645,20,10,40,15,15,30,A
ch2_cla_l1_20240701T174325826_20240701T174333826.fits,2024-07-01 17:43:25.826000,2024-07-01 17:43:33.826000,-134.256,-72.8533,-134.496,-73.9754,-131.919,-74.0052,-131.837,-72.8813,20,10,40,15,15,30,A
ch2_cla_l1_20240701T093835848_20240701T093843848.fits,2024-07-01 09:38:35.848000,2024-07-01 09:38:43.848000,-127.028,-16.565,-127.048,-17.8814,-126.087,-17.8918,-126.073,-16.5753,20,10,40,15,15,30,A
ch2_cla_l1_20240701T165901826_20240701T165909826.fits,2024-07-01 16:59:01.826000,2024-07-01 16:59:09.826000,-130.212,61.224,-130.239,59.931,-128.461,59.9108,-128.363,61.203,20,10,40,15,15,30,A
ch2_cla_l1_20240701T135117196_20240701T135125196.fits,2024-07-01 13:51:17.196000,2024-07-01 13:51:25.196000,-132.747,-76.1073,-133.098,-77.2116,-129.963,-77.2464,-129.85,-76.1393,20,10,40,15,15,30,A
ch2_cla_l1_20240701T151145767_20240701T151153767.fits,2024-07-01 15:11:45.767000,2024-07-01 15:11:53.767000,-129.626,33.2199,-129.64,31.8702,-128.52,31.8576,-128.49,33.2072,20,10,40,15,15,30,A
ch2_cla_l1_20240701T115448112_20240701T115456112.fits,2024-07-01 11:54:48.112000,2024-07-01 11:54:56.112000,-131.709,-76.4519,-132.072,-77.5533,-128.869,-77.5881,-128.754,-76.484,20,10,40,15,15,30,A
ch2_cla_l1_20240701T171829826_20240701T171837826.fits,2024-07-01 17:18:29.826000,2024-07-01 17:18:37.826000,-131.104,2.8825,-131.12,1.5351,-130.172,1.5242,-130.154,2.8715,20,10,40,15,15,30,A
ch2_cla_l1_20240701T150849767_20240701T150857767.fits,2024-07-01 15:08:49.767000,2024-07-01 15:08:57.767000,-129.503,42.003,-129.519,40.6651,-128.282,40.6513,-128.242,41.9889,20,10,40,15,15,30,A
ch2_cla_l1_20240701T170125826_20240701T170133826.fits,2024-07-01 17:01:25.826000,2024-07-01 17:01:33.826000,-130.374,54.0013,-130.395,52.6897,-128.893,52.6726,-128.827,53.9837,20,10,40,15,15,30,A
ch2_cla_l1_20240701T130757195_20240701T130805195.fits,2024-07-01 13:07:57.195000,2024-07-01 13:08:05.195000,-128.219,54.8375,-128.238,53.5233,-126.702,53.5064,-126.634,54.8201,20,10,40,15,15,30,A
ch2_cla_l1_20240701T095811848_20240701T095819848.fits,2024-07-01 09:58:11.848000,2024-07-01 09:58:19.848000,-130.563,-76.4224,-130.919,-77.5217,-127.733,-77.5558,-127.623,-76.4538,20,10,40,15,15,30,A
ch2_cla_l1_20240701T125013196_20240701T125021196.fits,2024-07-01 12:50:13.196000,2024-07-01 12:50:21.196000,48.6621,72.3626,48.8621,71.2365,51.086,71.2611,51.0282,72.3887,20,10,40,15,15,30,A
ch2_cla_l1_20240701T092139848_20240701T092147848.fits,2024-07-01 09:21:39.848000,2024-07-01 09:21:47.848000,-126.37,34.1501,-126.383,32.795,-125.245,32.7828,-125.214,34.1378,20,10,40,15,15,30,A
ch2_cla_l1_20240701T111648112_20240701T111656112.fits,2024-07-01 11:16:48.112000,2024-07-01 11:16:56.112000,-127.395,38.5098,-127.409,37.162,-126.219,37.1491,-126.183,38.4967,20,10,40,15,15,30,A
ch2_cla_l1_20240701T155345767_20240701T155353767.fits,2024-07-01 15:53:45.767000,2024-07-01 15:53:53.767000,53.5631,-84.4816,54.3644,-85.5203,62.2119,-85.431,59.9615,-84.4091,20,10,40,15,15,30,A
ch2_cla_l1_20240701T194154911_20240701T194202911.fits,2024-07-01 19:41:54.911000,2024-07-01 19:42:02.911000,-137.169,-78.6831,-137.729,-79.7815,-133.842,-79.8278,-133.646,-78.725,20,10,40,15,15,30,A
ch2_cla_l1_20240701T192914911_20240701T192922911.fits,2024-07-01 19:29:14.911000,2024-07-01 19:29:22.911000,-132.999,-39.8049,-133.036,-41.0528,-131.918,-41.0662,-131.901,-39.818,20,10,40,15,15,30,A
ch2_cla_l1_20240701T100411848_20240701T100419848.fits,2024-07-01 10:04:11.848000,2024-07-01 10:04:19.848000,56.161,-83.7793,56.7142,-84.8089,63.4167,-84.737,61.7635,-83.7192,20,10,40,15,15,30,A
ch2_cla_l1_20240701T185218911_20240701T185226911.fits,2024-07-01 18:52:18.911000,2024-07-01 18:52:26.911000,-130.893,71.2405,-130.949,69.9799,-128.448,69.9507,-128.235,71.2096,20,10,40,15,15,30,A
ch2_cla_l1_20240701T133845195_20240701T133853195.fits,2024-07-01 13:38:45.195000,2024-07-01 13:38:53.195000,-129.64,-37.6504,-129.673,-38.9042,-128.582,-38.9164,-128.566,-37.6624,20,10,40,15,15,30,A
ch2_cla_l1_20240701T125837196_20240701T125845196.fits,2024-07-01 12:58:37.196000,2024-07-01 12:58:45.196000,-126.452,83.0279,-126.737,81.8013,-121.01,81.738,-119.752,82.9538,20,10,40,15,15,30,A
ch2_cla_l1_20240701T173749826_20240701T173757826.fits,2024-07-01 17:37:49.826000,2024-07-01 17:37:57.826000,-132.508,-55.6146,-132.574,-56.8048,-131.146,-56.8214,-131.121,-55.6307,20,10,40,15,15,30,A
ch2_cla_l1_20240701T091115848_20240701T091123848.fits,2024-07-01 09:11:15.848000,2024-07-01 09:11:23.848000,-125.841,65.3468,-125.87,64.056,-123.839,64.0342,-123.714,65.324,20,10,40,15,15,30,A
ch2_cla_l1_20240701T144529767_20240701T144537767.fits,2024-07-01 14:45:29.767000,2024-07-01 14:45:37.767000,48.2024,68.2502,48.3356,67.1413,50.1287,67.1614,50.0864,68.2714,20,10,40,15,15,30,A
ch2_cla_l1_20240701T184010911_20240701T184018911.fits,2024-07-01 18:40:10.911000,2024-07-01 18:40:18.911000,45.1933,72.8024,45.4107,71.6795,47.6759,71.706,47.6075,72.8307,20,10,40,15,15,30,A
ch2_cla_l1_20240701T191938911_20240701T191946911.fits,2024-07-01 19:19:38.911000,2024-07-01 19:19:46.911000,-132.393,-10.7897,-132.413,-12.1159,-131.466,-12.1271,-131.45,-10.8009,20,10,40,15,15,30,A
ch2_cla_l1_20240701T185602911_20240701T185610911.fits,2024-07-01 18:56:02.911000,2024-07-01 18:56:10.911000,-131.301,59.9692,-131.328,58.6752,-129.613,58.6552,-129.521,59.9485,20,10,40,15,15,30,A
ch2_cla_l1_20240701T135525195_20240701T135533195.fits,2024-07-01 13:55:25.195000,2024-07-01 13:55:33.195000,161.094,-88.9851,137.027,-89.0438,128.582,-89.6802,-172.779,-88.626,20,10,40,15,15,30,A
ch2_cla_l1_20240701T112024112_20240701T112032112.fits,2024-07-01 11:20:24.112000,2024-07-01 11:20:32.112000,-127.532,27.7423,-127.546,26.3839,-126.475,26.3722,-126.448,27.7305,20,10,40,15,15,30,A
ch2_cla_l1_20240701T184354911_20240701T184402911.fits,2024-07-01 18:43:54.911000,2024-07-01 18:44:02.911000,38.0068,84.2567,39.7972,83.1039,46.1255,83.1784,45.621,84.3464,20,10,40,15,15,30,A
ch2_cla_l1_20240701T191506911_20240701T191514911.fits,2024-07-01 19:15:06.911000,2024-07-01 19:15:14.911000,-132.19,2.8176,-132.207,1.4713,-131.26,1.4601,-131.242,2.8063,20,10,40,15,15,30,A
ch2_cla_l1_20240701T150401767_20240701T150409767.fits,2024-07-01 15:04:01.767000,2024-07-01 15:04:09.767000,-129.258,56.4092,-129.279,55.1014,-127.695,55.0837,-127.621,56.391,20,10,40,15,15,30,A
ch2_cla_l1_20240701T194234911_20240701T194242911.fits,2024-07-01 19:42:34.911000,2024-07-01 19:42:42.911000,-138.316,-80.7438,-139.163,-81.832,-134.367,-81.8891,-134.07,-80.7943,20,10,40,15,15,30,A
ch2_cla_l1_20240701T183938911_20240701T183946911.fits,2024-07-01 18:39:38.911000,2024-07-01 18:39:46.911000,45.5132,71.1536,45.6948,70.0367,47.7604,70.0609,47.7018,71.1792,20,10,40,15,15,30,A
ch2_cla_l1_20240701T133005195_20240701T133013195.fits,2024-07-01 13:30:05.195000,2024-07-01 13:30:13.195000,-129.132,-11.4614,-129.151,-12.7883,-128.201,-12.7989,-128.186,-11.472,20,10,40,15,15,30,A
ch2_cla_l1_20240701T133637195_20240701T133645195.fits,2024-07-01 13:36:37.195000,2024-07-01 13:36:45.195000,-129.487,-31.1773,-129.514,-32.4522,-128.482,-32.4637,-128.467,-31.1887,20,10,40,15,15,30,A
ch2_cla_l1_20240701T135533195_20240701T135541195.fits,2024-07-01 13:55:33.195000,2024-07-01 13:55:41.195000,172.167,-88.888,84.0386,-89.4228,167.594,-89.651,-157.391,-89.3487,20,10,40,15,15,30,A
ch2_cla_l1_20240701T173341826_20240701T173349826.fits,2024-07-01 17:33:41.826000,2024-07-01 17:33:49.826000,-131.993,-42.9853,-132.032,-44.2219,-130.873,-44.2354,-130.855,-42.9986,20,10,40,15,15,30,A
ch2_cla_l1_20240701T170917826_20240701T170925826.fits,2024-07-01 17:09:17.826000,2024-07-01 17:09:25.826000,-130.742,30.4168,-130.756,29.0665,-129.668,29.0541,-129.639,30.4042,20,10,40,15,15,30,A
ch2_cla_l1_20240701T192658911_20240701T192706911.fits,2024-07-01 19:26:58.911000,2024-07-01 19:27:06.911000,-132.818,-32.9232,-132.849,-34.1935,-131.801,-34.2061,-131.785,-32.9356,20,10,40,15,15,30,A
ch2_cla_l1_20240701T185026911_20240701T185034911.fits,2024-07-01 18:50:26.911000,2024-07-01 18:50:34.911000,-130.483,76.8956,-130.589,75.6537,-127.216,75.6143,-126.805,76.8526,20,10,40,15,15,30,A
ch2_cla_l1_20240701T191322911_20240701T191330911.fits,2024-07-01 19:13:22.911000,2024-07-01 19:13:30.911000,-132.119,8.0104,-132.135,6.6597,-131.177,6.6484,-131.158,7.9991,20,10,40,15,15,30,A
ch2_cla_l1_20240701T190530911_20240701T190538911.fits,2024-07-01 19:05:30.911000,2024-07-01 19:05:38.911000,-131.802,31.5553,-131.818,30.2079,-130.72,30.1952,-130.69,31.5423,20,10,40,15,15,30,A
ch2_cla_l1_20240701T092547848_20240701T092555848.fits,2024-07-01 09:25:47.848000,2024-07-01 09:25:55.848000,-126.521,21.7955,-126.534,20.4328,-125.505,20.4218,-125.482,21.7844,20,10,40,15,15,30,A
ch2_cla_l1_20240701T112032112_20240701T112040112.fits,2024-07-01 11:20:32.112000,2024-07-01 11:20:40.112000,-127.537,27.3437,-127.55,25.9851,-126.483,25.9734,-126.457,27.3319,20,10,40,15,15,30,A
ch2_cla_l1_20240701T094643848_20240701T094651848.fits,2024-07-01 09:46:43.848000,2024-07-01 09:46:51.848000,-127.538,-41.1882,-127.573,-42.4283,-126.443,-42.4405,-126.427,-41.2002,20,10,40,15,15,30,A
ch2_cla_l1_20240701T164157826_20240701T164205826.fits,2024-07-01 16:41:57.826000,2024-07-01 16:42:05.826000,47.1412,67.8188,47.2709,66.7129,49.0243,66.733,48.9817,67.8399,20,10,40,15,15,30,A
ch2_cla_l1_20240701T095051848_20240701T095059848.fits,2024-07-01 09:50:51.848000,2024-07-01 09:50:59.848000,-127.99,-53.8147,-128.047,-55.0071,-126.68,-55.0218,-126.659,-53.829,20,10,40,15,15,30,A
ch2_cla_l1_20240701T150009767_20240701T150017767.fits,2024-07-01 15:00:09.767000,2024-07-01 15:00:17.767000,-128.942,68.0606,-128.981,66.7853,-126.769,66.7605,-126.612,68.0345,20,10,40,15,15,30,A
ch2_cla_l1_20240701T114336112_20240701T114344112.fits,2024-07-01 11:43:36.112000,2024-07-01 11:43:44.112000,-128.662,-42.0376,-128.698,-43.2754,-127.556,-43.2879,-127.539,-42.0499,20,10,40,15,15,30,A
ch2_cla_l1_20240701T114504112_20240701T114512112.fits,2024-07-01 11:45:04.112000,2024-07-01 11:45:12.112000,-128.803,-46.5099,-128.845,-47.7313,-127.634,-47.7445,-127.617,-46.5229,20,10,40,15,15,30,A
ch2_cla_l1_20240701T094827848_20240701T094835848.fits,2024-07-01 09:48:27.848000,2024-07-01 09:48:35.848000,-127.701,-46.4732,-127.743,-47.6938,-126.534,-47.7068,-126.517,-46.4859,20,10,40,15,15,30,A
ch2_cla_l1_20240701T155513767_20240701T155521767.fits,2024-07-01 15:55:13.767000,2024-07-01 15:55:21.767000,52.0005,-79.9035,52.221,-80.9278,56.0583,-80.8845,55.4458,-79.8647,20,10,40,15,15,30,A
ch2_cla_l1_20240701T170133826_20240701T170141826.fits,2024-07-01 17:01:33.826000,2024-07-01 17:01:41.826000,-130.382,53.6004,-130.402,52.2881,-128.912,52.2712,-128.848,53.583,20,10,40,15,15,30,A
ch2_cla_l1_20240701T153617767_20240701T153625767.fits,2024-07-01 15:36:17.767000,2024-07-01 15:36:25.767000,-130.818,-40.5342,-130.854,-41.7786,-129.729,-41.7914,-129.712,-40.5467,20,10,40,15,15,30,A
ch2_cla_l1_20240701T174357826_20240701T174405826.fits,2024-07-01 17:43:57.826000,2024-07-01 17:44:05.826000,-134.615,-74.5019,-134.908,-75.6171,-132.071,-75.6499,-131.971,-74.5325,20,10,40,15,15,30,A
ch2_cla_l1_20240701T184850911_20240701T184858911.fits,2024-07-01 18:48:50.911000,2024-07-01 18:48:58.911000,-129.73,81.7533,-129.977,80.5288,-125.021,80.4707,-124.065,81.6869,20,10,40,15,15,30,A
ch2_cla_l1_20240701T111240112_20240701T111248112.fits,2024-07-01 11:12:40.112000,2024-07-01 11:12:48.112000,-127.214,50.894,-127.23,49.5684,-125.804,49.5529,-125.748,50.8781,20,10,40,15,15,30,A
ch2_cla_l1_20240701T164237826_20240701T164245826.fits,2024-07-01 16:42:37.826000,2024-07-01 16:42:45.826000,46.8507,69.8841,47.0081,68.7704,48.9458,68.7926,48.8957,69.9075,20,10,40,15,15,30,A
ch2_cla_l1_20240701T164405826_20240701T164413826.fits,2024-07-01 16:44:05.826000,2024-07-01 16:44:13.826000,45.9539,74.4169,46.2145,73.2865,48.7197,73.3152,48.6421,74.4477,20,10,40,15,15,30,A
ch2_cla_l1_20240701T135645196_20240701T135653195.fits,2024-07-01 13:56:45.196000,2024-07-01 13:56:53.195000,55.523,-85.763,56.9253,-86.8021,67.7671,-86.6802,63.8135,-85.6705,20,10,40,15,15,30,A
ch2_cla_l1_20240701T112816112_20240701T112824112.fits,2024-07-01 11:28:16.112000,2024-07-01 11:28:24.112000,-127.824,4.214,-127.839,2.8614,-126.885,2.851,-126.868,4.2036,20,10,40,15,15,30,A
ch2_cla_l1_20240701T100059848_20240701T100107848.fits,2024-07-01 10:00:59.848000,2024-07-01 10:01:07.848000,-137.568,-85.0815,-140.572,-86.125,-130.905,-86.2293,-129.931,-85.1635,20,10,40,15,15,30,A
ch2_cla_l1_20240701T172605826_20240701T172613826.fits,2024-07-01 17:26:05.826000,2024-07-01 17:26:13.826000,-131.456,-19.957,-131.478,-21.2635,-130.508,-21.2748,-130.493,-19.9682,20,10,40,15,15,30,A
ch2_cla_l1_20240701T172037826_20240701T172045826.fits,2024-07-01 17:20:37.826000,2024-07-01 17:20:45.826000,-131.194,-3.5146,-131.211,-4.854,-130.268,-4.8649,-130.252,-3.5255,20,10,40,15,15,30,A
ch2_cla_l1_20240701T120232112_20240701T120240112.fits,2024-07-01 12:02:32.112000,2024-07-01 12:02:40.112000,53.8131,-78.3327,53.9659,-79.3468,57.1845,-79.3119,56.7487,-78.3009,20,10,40,15,15,30,A
ch2_cla_l1_20240701T174333826_20240701T174341826.fits,2024-07-01 17:43:33.826000,2024-07-01 17:43:41.826000,-134.339,-73.2654,-134.591,-74.3858,-131.954,-74.4163,-131.868,-73.2939,20,10,40,15,15,30,A
ch2_cla_l1_20240701T151713767_20240701T151721767.fits,2024-07-01 15:17:13.767000,2024-07-01 15:17:21.767000,-129.836,16.8678,-129.85,15.5103,-128.855,15.4991,-128.834,16.8566,20,10,40,15,15,30,A
ch2_cla_l1_20240701T145417767_20240701T145425767.fits,2024-07-01 14:54:17.767000,2024-07-01 14:54:25.767000,-126.042,85.8421,-126.801,84.6289,-118.291,84.5328,-115.182,85.719,20,10,40,15,15,30,A
ch2_cla_l1_20240701T115040112_20240701T115048112.fits,2024-07-01 11:50:40.112000,2024-07-01 11:50:48.112000,-129.707,-63.6821,-129.809,-64.8364,-128.059,-64.8555,-128.025,-63.7004,20,10,40,15,15,30,A
ch2_cla_l1_20240701T110912112_20240701T110920112.fits,2024-07-01 11:09:12.112000,2024-07-01 11:09:20.112000,-127.012,61.3117,-127.036,60.0118,-125.24,59.9923,-125.144,61.2915,20,10,40,15,15,30,A
ch2_cla_l1_20240701T151905767_20240701T151913767.fits,2024-07-01 15:19:05.767000,2024-07-01 15:19:13.767000,-129.907,11.2827,-129.922,9.9272,-128.951,9.9162,-128.931,11.2717,20,10,40,15,15,30,A
ch2_cla_l1_20240701T114352112_20240701T114400112.fits,2024-07-01 11:43:52.112000,2024-07-01 11:44:00.112000,-128.686,-42.85,-128.723,-44.0848,-127.569,-44.0975,-127.553,-42.8624,20,10,40,15,15,30,A
ch2_cla_l1_20240701T120152112_20240701T120200112.fits,2024-07-01 12:01:52.112000,2024-07-01 12:02:00.112000,54.153,-80.4193,54.3822,-81.4403,58.4235,-81.3963,57.7606,-80.38,20,10,40,15,15,30,A
ch2_cla_l1_20240701T172813826_20240701T172821826.fits,2024-07-01 17:28:13.826000,2024-07-01 17:28:21.826000,-131.579,-26.3983,-131.604,-27.6877,-130.603,-27.6994,-130.588,-26.4099,20,10,40,15,15,30,A
ch2_cla_l1_20240701T110704112_20240701T110712112.fits,2024-07-01 11:07:04.112000,2024-07-01 11:07:12.112000,-126.834,67.7409,-126.868,66.4598,-124.67,66.4359,-124.519,67.7158,20,10,40,15,15,30,A
ch2_cla_l1_20240701T110136112_20240701T110144112.fits,2024-07-01 11:01:36.112000,2024-07-01 11:01:44.112000,-125.036,84.294,-125.426,83.0699,-118.695,82.9966,-116.914,84.2054,20,10,40,15,15,30,A
ch2_cla_l1_20240701T154209767_20240701T154217767.fits,2024-07-01 15:42:09.767000,2024-07-01 15:42:17.767000,-131.559,-58.4654,-131.635,-59.6432,-130.114,-59.6604,-130.086,-58.4821,20,10,40,15,15,30,A
ch2_cla_l1_20240701T165141826_20240701T165149826.fits,2024-07-01 16:51:41.826000,2024-07-01 16:51:49.826000,-128.285,83.417,-128.636,82.1963,-122.672,82.1279,-121.256,83.3363,20,10,40,15,15,30,A
ch2_cla_l1_20240701T193226911_20240701T193234911.fits,2024-07-01 19:32:26.911000,2024-07-01 19:32:34.911000,-133.335,-49.5583,-133.387,-50.7721,-132.111,-50.7873,-132.089,-49.5732,20,10,40,15,15,30,A
ch2_cla_l1_20240701T091251848_20240701T091259848.fits,2024-07-01 09:12:51.848000,2024-07-01 09:12:59.848000,-125.959,60.5294,-125.981,59.225,-124.217,59.2061,-124.126,60.5098,20,10,40,15,15,30,A
ch2_cla_l1_20240701T184458911_20240701T184506911.fits,2024-07-01 18:44:58.911000,2024-07-01 18:45:06.911000,24.4632,87.4066,31.9589,86.2963,43.9619,86.4391,41.704,87.6153,20,10,40,15,15,30,A
ch2_cla_l1_20240701T133733195_20240701T133741196.fits,2024-07-01 13:37:33.195000,2024-07-01 13:37:41.196000,-129.551,-34.007,-129.58,-35.2728,-128.525,-35.2846,-128.51,-34.0186,20,10,40,15,15,30,A
ch2_cla_l1_20240701T152321767_20240701T152329767.fits,2024-07-01 15:23:21.767000,2024-07-01 15:23:29.767000,-130.077,-1.498,-130.094,-2.8413,-129.149,-2.852,-129.133,-1.5087,20,10,40,15,15,30,A
ch2_cla_l1_20240701T090443848_20240701T090451848.fits,2024-07-01 09:04:43.848000,2024-07-01 09:04:51.848000,-123.681,85.1167,-124.174,83.8936,-116.564,83.8119,-114.244,85.0151,20,10,40,15,15,30,A
ch2_cla_l1_20240701T125437195_20240701T125445195.fits,2024-07-01 12:54:37.195000,2024-07-01 12:54:45.195000,37.6789,85.8273,40.7934,84.6741,49.1276,84.7666,48.3473,85.9461,20,10,40,15,15,30,A
ch2_cla_l1_20240701T134821195_20240701T134829195.fits,2024-07-01 13:48:21.195000,2024-07-01 13:48:29.195000,-131.144,-67.0412,-131.276,-68.1834,-129.308,-68.2053,-129.263,-67.062,20,10,40,15,15,30,A
ch2_cla_l1_20240701T194730911_20240701T194738911.fits,2024-07-01 19:47:30.911000,2024-07-01 19:47:38.911000,50.8215,-82.7581,51.3095,-83.796,57.0144,-83.7279,55.7143,-82.6999,20,10,40,15,15,30,A
ch2_cla_l1_20240701T195122911_20240701T195130911.fits,2024-07-01 19:51:22.911000,2024-07-01 19:51:30.911000,48.9628,-70.658,49.0258,-71.659,50.8704,-71.6378,50.711,-70.6372,20,10,40,15,15,30,A
ch2_cla_l1_20240701T145601767_20240701T145609767.fits,2024-07-01 14:56:01.767000,2024-07-01 14:56:09.767000,-127.989,80.5752,-128.161,79.3419,-123.697,79.2918,-122.961,80.5188,20,10,40,15,15,30,A
ch2_cla_l1_20240701T174549826_20240701T174557826.fits,2024-07-01 17:45:49.826000,2024-07-01 17:45:57.826000,-136.813,-80.2758,-137.561,-81.3647,-133.024,-81.4173,-132.77,-80.3225,20,10,40,15,15,30,A
ch2_cla_l1_20240701T184706911_20240701T184714911.fits,2024-07-01 18:47:06.911000,2024-07-01 18:47:14.911000,-126.27,87.0224,-127.797,85.8198,-117.108,85.6934,-111.661,86.8478,20,10,40,15,15,30,A
ch2_cla_l1_20240701T110928112_20240701T110936112.fits,2024-07-01 11:09:28.112000,2024-07-01 11:09:36.112000,-127.031,60.5091,-127.054,59.2072,-125.295,59.188,-125.204,60.4893,20,10,40,15,15,30,A
ch2_cla_l1_20240701T151057767_20240701T151105767.fits,2024-07-01 15:10:57.767000,2024-07-01 15:11:05.767000,-129.593,35.6142,-129.608,34.2672,-128.461,34.2543,-128.428,35.6011,20,10,40,15,15,30,A
ch2_cla_l1_20240701T120448112_20240701T120456112.fits,2024-07-01 12:04:48.112000,2024-07-01 12:04:56.112000,53.1948,-71.2206,53.2553,-72.2119,55.1264,-72.1916,54.9659,-71.2013,20,10,40,15,15,30,A
ch2_cla_l1_20240701T151729767_20240701T151737767.fits,2024-07-01 15:17:29.767000,2024-07-01 15:17:37.767000,-129.846,16.0701,-129.86,14.7127,-128.87,14.7015,-128.848,16.0588,20,10,40,15,15,30,A
ch2_cla_l1_20240701T115224112_20240701T115232112.fits,2024-07-01 11:52:24.112000,2024-07-01 11:52:32.112000,-130.259,-69.0286,-130.414,-70.161,-128.288,-70.1841,-128.238,-69.0505,20,10,40,15,15,30,A
ch2_cla_l1_20240701T093819848_20240701T093827848.fits,2024-07-01 09:38:19.848000,2024-07-01 09:38:27.848000,-127.015,-15.7618,-127.035,-17.0802,-126.076,-17.0906,-126.062,-15.7721,20,10,40,15,15,30,A
ch2_cla_l1_20240701T193034911_20240701T193042911.fits,2024-07-01 19:30:34.911000,2024-07-01 19:30:42.911000,-133.125,-43.8632,-133.167,-45.0975,-131.994,-45.1115,-131.975,-43.877,20,10,40,15,15,30,A
ch2_cla_l1_20240701T190402911_20240701T190410911.fits,2024-07-01 19:04:02.911000,2024-07-01 19:04:10.911000,-131.74,35.9471,-131.756,34.6047,-130.61,34.5914,-130.576,35.9335,20,10,40,15,15,30,A
ch2_cla_l1_20240701T191210911_20240701T191218911.fits,2024-07-01 19:12:10.911000,2024-07-01 19:12:18.911000,-132.07,11.6036,-132.086,10.2508,-131.116,10.2394,-131.097,11.5921,20,10,40,15,15,30,A
ch2_cla_l1_20240701T090835848_20240701T090843848.fits,2024-07-01 09:08:35.848000,2024-07-01 09:08:43.848000,-125.54,73.396,-125.593,72.1308,-122.787,72.1008,-122.531,73.3638,20,10,40,15,15,30,A
ch2_cla_l1_20240701T190018911_20240701T190026911.fits,2024-07-01 19:00:18.911000,2024-07-01 19:00:26.911000,-131.566,47.14,-131.584,45.8159,-130.258,45.8005,-130.209,47.1243,20,10,40,15,15,30,A
ch2_cla_l1_20240701T131149195_20240701T131157195.fits,2024-07-01 13:11:49.195000,2024-07-01 13:11:57.195000,-128.408,43.2368,-128.423,41.8987,-127.163,41.8849,-127.121,43.2227,20,10,40,15,15,30,A
ch2_cla_l1_20240701T152145767_20240701T152153767.fits,2024-07-01 15:21:45.767000,2024-07-01 15:21:53.767000,-130.012,3.2981,-130.027,1.9489,-129.077,1.9381,-129.06,3.2873,20,10,40,15,15,30,A
ch2_cla_l1_20240701T172829826_20240701T172837826.fits,2024-07-01 17:28:29.826000,2024-07-01 17:28:37.826000,-131.595,-27.2046,-131.621,-28.4919,-130.615,-28.5036,-130.6,-27.2162,20,10,40,15,15,30,A
ch2_cla_l1_20240701T095339848_20240701T095347848.fits,2024-07-01 09:53:39.848000,2024-07-01 09:53:47.848000,-128.496,-62.4166,-128.588,-63.5745,-126.908,-63.5925,-126.877,-62.434,20,10,40,15,15,30,A
ch2_cla_l1_20240701T165325826_20240701T165333826.fits,2024-07-01 16:53:25.826000,2024-07-01 16:53:33.826000,-129.336,78.1529,-129.456,76.9132,-125.776,76.8711,-125.287,78.1066,20,10,40,15,15,30,A
ch2_cla_l1_20240701T100307848_20240701T100315848.fits,2024-07-01 10:03:07.848000,2024-07-01 10:03:15.848000,59.2856,-87.1016,62.5652,-88.1364,80.0729,-87.9409,71.151,-86.9725,20,10,40,15,15,30,A
ch2_cla_l1_20240701T174901826_20240701T174909826.fits,2024-07-01 17:49:01.826000,2024-07-01 17:49:09.826000,63.1054,-88.6007,68.8431,-88.9984,97.6445,-89.5478,84.9177,-88.3248,20,10,40,15,15,30,A
ch2_cla_l1_20240701T130213196_20240701T130221196.fits,2024-07-01 13:02:13.196000,2024-07-01 13:02:21.196000,-127.714,72.1163,-127.766,70.8516,-125.142,70.8227,-124.916,72.0855,20,10,40,15,15,30,A
ch2_cla_l1_20240701T183914911_20240701T183922911.fits,2024-07-01 18:39:14.911000,2024-07-01 18:39:22.911000,45.72,69.9156,45.8802,68.8034,47.8167,68.8261,47.7641,69.9396,20,10,40,15,15,30,A
ch2_cla_l1_20240701T135349195_20240701T135357195.fits,2024-07-01 13:53:49.195000,2024-07-01 13:53:57.195000,-137.906,-83.942,-139.866,-85.0026,-132.265,-85.0872,-131.616,-84.0119,20,10,40,15,15,30,A
ch2_cla_l1_20240701T185154911_20240701T185202911.fits,2024-07-01 18:51:54.911000,2024-07-01 18:52:02.911000,-130.825,72.4512,-130.888,71.1945,-128.245,71.1636,-128.005,72.4183,20,10,40,15,15,30,A
ch2_cla_l1_20240701T194218911_20240701T194226911.fits,2024-07-01 19:42:18.911000,2024-07-01 19:42:26.911000,-137.801,-79.9197,-138.511,-81.0122,-134.129,-81.0644,-133.88,-79.9664,20,10,40,15,15,30,A
ch2_cla_l1_20240701T153849767_20240701T153857767.fits,2024-07-01 15:38:49.767000,2024-07-01 15:38:57.767000,-131.071,-48.2571,-131.117,-49.4739,-129.872,-49.488,-129.852,-48.2709,20,10,40,15,15,30,A
ch2_cla_l1_20240701T173125826_20240701T173133826.fits,2024-07-01 17:31:25.826000,2024-07-01 17:31:33.826000,-131.798,-36.0926,-131.83,-37.3524,-130.754,-37.3649,-130.738,-36.1049,20,10,40,15,15,30,A
ch2_cla_l1_20240701T191914911_20240701T191922911.fits,2024-07-01 19:19:14.911000,2024-07-01 19:19:22.911000,-132.374,-9.5871,-132.393,-10.9157,-131.448,-10.9269,-131.432,-9.5984,20,10,40,15,15,30,A
ch2_cla_l1_20240701T091139848_20240701T091147848.fits,2024-07-01 09:11:39.848000,2024-07-01 09:11:47.848000,-125.873,64.1416,-125.9,62.8473,-123.945,62.8264,-123.83,64.1198,20,10,40,15,15,30,A
ch2_cla_l1_20240701T112648112_20240701T112656112.fits,2024-07-01 11:26:48.112000,2024-07-01 11:26:56.112000,-127.768,8.6048,-127.783,7.2479,-126.817,7.2373,-126.799,8.5942,20,10,40,15,15,30,A
ch2_cla_l1_20240701T185234911_20240701T185242911.fits,2024-07-01 18:52:34.911000,2024-07-01 18:52:42.911000,-130.934,70.4338,-130.987,69.1706,-128.571,69.1424,-128.374,70.4039,20,10,40,15,15,30,A
ch2_cla_l1_20240701T192938911_20240701T192946911.fits,2024-07-01 19:29:38.911000,2024-07-01 19:29:46.911000,-133.035,-41.0216,-133.073,-42.2655,-131.94,-42.279,-131.922,-41.0349,20,10,40,15,15,30,A
ch2_cla_l1_20240701T155257767_20240701T155305767.fits,2024-07-01 15:52:57.767000,2024-07-01 15:53:05.767000,56.3485,-86.9687,59.6158,-88.0092,76.2459,-87.8131,67.8233,-86.8368,20,10,40,15,15,30,A
ch2_cla_l1_20240701T170749826_20240701T170757826.fits,2024-07-01 17:07:49.826000,2024-07-01 17:07:57.826000,-130.682,34.8068,-130.697,33.4611,-129.562,33.4481,-129.53,34.7937,20,10,40,15,15,30,A
ch2_cla_l1_20240701T092115848_20240701T092123848.fits,2024-07-01 09:21:15.848000,2024-07-01 09:21:23.848000,-126.355,35.3463,-126.368,33.9926,-125.216,33.9802,-125.184,35.3338,20,10,40,15,15,30,A
ch2_cla_l1_20240701T195010911_20240701T195018911.fits,2024-07-01 19:50:10.911000,2024-07-01 19:50:18.911000,49.2482,-74.4217,49.3495,-75.4329,51.7051,-75.405,51.4495,-74.3957,20,10,40,15,15,30,A
ch2_cla_l1_20240701T194602911_20240701T194610911.fits,2024-07-01 19:46:02.911000,2024-07-01 19:46:10.911000,55.648,-87.3157,60.5663,-88.3559,79.8787,-88.1097,68.5284,-87.1585,20,10,40,15,15,30,A
ch2_cla_l1_20240701T192506911_20240701T192514911.fits,2024-07-01 19:25:06.911000,2024-07-01 19:25:14.911000,-132.692,-27.2715,-132.718,-28.5585,-131.712,-28.5705,-131.697,-27.2835,20,10,40,15,15,30,A
ch2_cla_l1_20240701T153401767_20240701T153409767.fits,2024-07-01 15:34:01.767000,2024-07-01 15:34:09.767000,-130.64,-33.6487,-130.669,-34.916,-129.617,-34.928,-129.601,-33.6605,20,10,40,15,15,30,A
ch2_cla_l1_20240701T111024112_20240701T111032112.fits,2024-07-01 11:10:24.112000,2024-07-01 11:10:32.112000,-127.09,57.7018,-127.111,56.3922,-125.47,56.3744,-125.393,57.6834,20,10,40,15,15,30,A
ch2_cla_l1_20240701T155529767_20240701T155537767.fits,2024-07-01 15:55:29.767000,2024-07-01 15:55:37.767000,51.8537,-79.0696,52.0408,-80.0911,55.5421,-80.0516,55.0249,-79.0339,20,10,40,15,15,30,A
